doc_id,domain,task,public_status,source_path,rendered_pages,textlayer_spans,mineable_candidates,review_rows,open_review_rows,packeted_open_review_rows,unpacketed_open_review_rows,fresh_open_review_rows,rights_blocked_open_review_rows,stale_open_review_rows,mergeable_review_rows,missing_review_evidence_rows,unique_open_review_rows,unique_packeted_open_review_rows,unique_fresh_open_review_rows,fresh_missing_review_evidence_rows,gold_rows,gold_microtext_rows,gold_visualdiff_rows,staged_future_rows,staged_future_capacity_path,conversion_exhaustion_status,conversion_exhaustion_evidence,duplicate_payload_alias,next_step,priority_score,source_url
nasa_19810021977_epsdu_equipment_procurement,pid,microtext,government_public_use_permitted_nasa_candidate,microtext/docs/source_intake_2026_09_01_wave1769_nasa_epsdu_procurement/19810021977.pdf,29,1164,0,6930,3517,524,2993,2993,0,0,0,0,3144,159,2985,0,0,0,0,0,derived/quality/v2_0_canonical_future_capacity_2026-08-29-wave1027-current-safe-plus-wave1012-nasa.jsonl;derived/quality/v2_0_staged_capacity_2026-08-30-wave1563-nasa-lo2-pdu-microtext.json,,,False,human_review_partial_packeted,30194,https://ntrs.nasa.gov/citations/19810021977
nasa_20240015687_transit_habitat_rcs_propulsion,pid,microtext,government_public_use_permitted_nasa_candidate,microtext/docs/source_intake_2026_09_01_wave1737_nasa_transit_habitat_rcs/20240015687.pdf,12,223,0,6002,2916,1081,1835,1835,0,0,0,0,1725,190,1535,0,0,0,0,0,derived/quality/v2_0_canonical_future_capacity_2026-08-29-wave1027-current-safe-plus-wave1012-nasa.jsonl;derived/quality/v2_0_staged_capacity_2026-08-30-wave1563-nasa-lo2-pdu-microtext.json,,,False,human_review_partial_packeted,15756,https://ntrs.nasa.gov/citations/20240015687
nasa_19810009690_coal_gasification_process_flows,pid,microtext,government_public_use_permitted_nasa_candidate,microtext/docs/source_intake_2026_09_01_wave1646_nasa_coal_gasification_process_flows/19810009690.pdf,11,709,0,740,740,348,392,392,0,0,0,0,581,189,392,0,0,0,0,0,derived/quality/v2_0_canonical_future_capacity_2026-08-29-wave1027-current-safe-plus-wave1012-nasa.jsonl;derived/quality/v2_0_staged_capacity_2026-08-30-wave1563-nasa-lo2-pdu-microtext.json,,,False,human_review_partial_packeted,4324,https://ntrs.nasa.gov/citations/19810009690
aquila_dev_v1.2,pcb_schematic,microtext,public_vendor_design_resource_candidate,,39,26307,4983,4395,1532,270,1262,0,1186,76,243,0,926,259,0,0,281,243,38,0,derived/quality/v2_0_canonical_future_capacity_2026-08-29-wave1027-current-safe-plus-wave1012-nasa.jsonl;derived/quality/v2_0_staged_capacity_2026-08-30-wave1563-nasa-lo2-pdu-microtext.json,,,False,rights_review_or_hold,1956,https://developer.toradex.com/hardware/aquila-som-family/carrier-boards/aquila-development-board/
nasa_19790021033_lunar_separation_process_flow,pid,microtext,government_public_use_permitted_nasa_candidate,microtext/docs/source_intake_2026_08_31_wave1632_nasa_lunar_separation_process_flow/19790021033.pdf,4,0,0,304,304,126,178,178,0,0,0,0,241,63,178,0,0,0,0,0,derived/quality/v2_0_canonical_future_capacity_2026-08-29-wave1027-current-safe-plus-wave1012-nasa.jsonl;derived/quality/v2_0_staged_capacity_2026-08-30-wave1563-nasa-lo2-pdu-microtext.json,,,False,human_review_partial_packeted,1932,https://ntrs.nasa.gov/citations/19790021033
aquila_dev_v1.3,pcb_schematic,microtext,public_vendor_design_resource_candidate,,38,26232,5052,3849,1206,285,921,0,921,0,175,0,530,277,0,0,213,175,38,0,derived/quality/v2_0_canonical_future_capacity_2026-08-29-wave1027-current-safe-plus-wave1012-nasa.jsonl;derived/quality/v2_0_staged_capacity_2026-08-30-wave1563-nasa-lo2-pdu-microtext.json,,,False,rights_review_or_hold,1584,https://developer.toradex.com/hardware/aquila-som-family/carrier-boards/aquila-development-board/
ohwr_fmc_adc_100m14b4cha_rev_b,pcb_schematic,visualdiff,cern_ohl_1_2_open_hardware,visualdiff/docs/ohwr_fmc_adc_100m14b4cha_hardware_revisions/revisions/ohwr_fmc_adc_100m14b4cha_rev_b.pdf,5,3337,865,135,75,15,60,60,0,0,0,0,75,15,60,0,0,0,0,0,derived/quality/v2_0_canonical_future_capacity_2026-08-29-wave1027-current-safe-plus-wave1012-nasa.jsonl;derived/quality/v2_0_staged_capacity_2026-08-30-wave1563-nasa-lo2-pdu-microtext.json,,,False,human_review_partial_packeted,650,https://gitlab.com/ohwr/project/fmc-adc-100m14b4cha-hw.git
nasa_20080002287_mg_co2_combustor_pid,pid,microtext,government_public_use_permitted_nasa_candidate,microtext/docs/source_intake_2026_08_31_wave1620_nasa_mg_co2_combustor_pid/20080002287.pdf,1,49,10,116,116,62,54,54,0,0,0,0,85,31,54,0,0,0,0,0,derived/quality/v2_0_canonical_future_capacity_2026-08-29-wave1027-current-safe-plus-wave1012-nasa.jsonl;derived/quality/v2_0_staged_capacity_2026-08-30-wave1563-nasa-lo2-pdu-microtext.json,,,False,human_review_partial_packeted,628,https://ntrs.nasa.gov/citations/20080002287
ds_019_ds_019,datasheet_spec,microtext,public_vendor_user_manual_candidate,microtext/docs/source_intake_2026_07_05n/ds_019_ds_019.pdf,26,6288,2691,14429,13115,969,12146,0,12146,0,0,0,1972,240,0,0,0,0,0,0,derived/quality/v2_0_canonical_future_capacity_2026-08-29-wave1027-current-safe-plus-wave1012-nasa.jsonl;derived/quality/v2_0_staged_capacity_2026-08-30-wave1563-nasa-lo2-pdu-microtext.json,,,False,rights_review_or_hold,481,https://www.st.com/resource/en/user_manual/um1724-stm32-nucleo64-boards-mb1136-stmicroelectronics.pdf
ds_025_verdin_development_board_board_pdf_schematics_2,datasheet_spec,microtext,public_vendor_docs_candidate,,23,24603,4340,20277,17164,269,16895,0,16895,0,0,0,2644,223,0,0,0,0,0,0,derived/quality/v2_0_canonical_future_capacity_2026-08-29-wave1027-current-safe-plus-wave1012-nasa.jsonl;derived/quality/v2_0_staged_capacity_2026-08-30-wave1563-nasa-lo2-pdu-microtext.json,,,False,rights_review_or_hold,447,https://developer.toradex.com/hardware/verdin-som-family/carrier-boards/verdin-development-board/
ds_025_verdin_development_board_board_pdf_schematics,datasheet_spec,microtext,public_vendor_docs_candidate,,23,23047,4057,18892,15951,223,15728,0,15728,0,0,0,2431,203,0,0,0,0,0,0,derived/quality/v2_0_canonical_future_capacity_2026-08-29-wave1027-current-safe-plus-wave1012-nasa.jsonl;derived/quality/v2_0_staged_capacity_2026-08-30-wave1563-nasa-lo2-pdu-microtext.json,,,False,rights_review_or_hold,407,https://developer.toradex.com/hardware/verdin-som-family/carrier-boards/verdin-development-board/
fdot_sp_425_010_fy2023,civil_architectural,visualdiff,misc_public_candidate,,4,2205,899,2005,1196,867,329,0,329,0,0,0,284,188,0,0,0,0,0,0,derived/quality/v2_0_canonical_future_capacity_2026-08-29-wave1027-current-safe-plus-wave1012-nasa.jsonl;derived/quality/v2_0_staged_capacity_2026-08-30-wave1563-nasa-lo2-pdu-microtext.json,,,False,rights_review_or_hold,377,https://www.fdot.gov/design/standardplans/current/default.shtm
toradex_viola_v1.1,pcb_schematic,visualdiff,public_vendor_datasheet_candidate,,24,1416,278,2789,1042,250,792,0,792,0,0,98,360,195,0,0,865,0,865,0,derived/quality/v2_0_canonical_future_capacity_2026-08-29-wave1027-current-safe-plus-wave1012-nasa.jsonl;derived/quality/v2_0_staged_capacity_2026-08-30-wave1563-nasa-lo2-pdu-microtext.json,,,False,rights_review_or_hold,370,https://developer.toradex.com/hardware/colibri-som-family/carrier-boards/viola-carrier-board/
ohwr_fmc_adc_100m14b4cha_rev_2010_02,pcb_schematic,visualdiff,cern_ohl_1_2_open_hardware,visualdiff/docs/ohwr_fmc_adc_100m14b4cha_hardware_revisions/revisions/ohwr_fmc_adc_100m14b4cha_rev_2010_02.pdf,7,6276,1432,79,47,15,32,32,0,0,0,0,47,15,32,0,0,0,0,0,derived/quality/v2_0_canonical_future_capacity_2026-08-29-wave1027-current-safe-plus-wave1012-nasa.jsonl;derived/quality/v2_0_staged_capacity_2026-08-30-wave1563-nasa-lo2-pdu-microtext.json,,,False,human_review_partial_packeted,370,https://gitlab.com/ohwr/project/fmc-adc-100m14b4cha-hw.git
wsdot_drainage_ds6,civil_architectural,microtext,misc_public_candidate,,2,362,44,330,86,44,42,0,42,0,42,0,58,44,0,0,42,42,0,0,derived/quality/v2_0_canonical_future_capacity_2026-08-29-wave1027-current-safe-plus-wave1012-nasa.jsonl;derived/quality/v2_0_staged_capacity_2026-08-30-wave1563-nasa-lo2-pdu-microtext.json,,,False,rights_review_or_hold,326,https://wsdot.wa.gov/engineering-standards/all-manuals-and-standards/plan-sheet-library/drainage-structures-and-hydraulics-ds
ohwr_fmc_adc_100m14b4cha_rev_a,pcb_schematic,visualdiff,cern_ohl_1_2_open_hardware,visualdiff/docs/ohwr_fmc_adc_100m14b4cha_hardware_revisions/revisions/ohwr_fmc_adc_100m14b4cha_rev_a.pdf,4,2285,639,68,40,12,28,28,0,0,0,0,40,12,28,0,0,0,0,0,derived/quality/v2_0_canonical_future_capacity_2026-08-29-wave1027-current-safe-plus-wave1012-nasa.jsonl;derived/quality/v2_0_staged_capacity_2026-08-30-wave1563-nasa-lo2-pdu-microtext.json,,,False,human_review_partial_packeted,324,https://gitlab.com/ohwr/project/fmc-adc-100m14b4cha-hw.git
rpi_pico_datasheet,datasheet_spec,microtext,cc_by_nd_4_0_reference_only,,33,1235,66,2099,501,179,322,0,322,0,0,0,345,158,0,0,0,0,0,0,derived/quality/v2_0_canonical_future_capacity_2026-08-29-wave1027-current-safe-plus-wave1012-nasa.jsonl;derived/quality/v2_0_staged_capacity_2026-08-30-wave1563-nasa-lo2-pdu-microtext.json,,,False,rights_review_or_hold,317,https://datasheets.raspberrypi.com/pico/pico-datasheet.pdf
rpi_rp2040_hardware_design,pcb_schematic,microtext,cc_by_nd_4_0_reference_only,,37,2012,374,3610,1449,477,972,0,972,0,0,0,467,149,0,0,0,0,0,0,derived/quality/v2_0_canonical_future_capacity_2026-08-29-wave1027-current-safe-plus-wave1012-nasa.jsonl;derived/quality/v2_0_staged_capacity_2026-08-30-wave1563-nasa-lo2-pdu-microtext.json,,,False,rights_review_or_hold,293,https://datasheets.raspberrypi.com/rp2040/hardware-design-with-rp2040.pdf
civil_013_2016_road_and_bridge_standards_volume_2,civil_architectural,microtext,unknown,,16,1454,207,600,509,173,336,0,336,0,0,0,239,140,0,0,0,0,0,0,derived/quality/v2_0_canonical_future_capacity_2026-08-29-wave1027-current-safe-plus-wave1012-nasa.jsonl;derived/quality/v2_0_staged_capacity_2026-08-30-wave1563-nasa-lo2-pdu-microtext.json,,,False,rights_review_or_hold,281,
toradex_viola_v1.0,pcb_schematic,visualdiff,public_vendor_datasheet_candidate,,22,1245,256,2659,948,199,749,0,749,0,0,93,301,145,0,0,636,0,636,0,derived/quality/v2_0_canonical_future_capacity_2026-08-29-wave1027-current-safe-plus-wave1012-nasa.jsonl;derived/quality/v2_0_staged_capacity_2026-08-30-wave1563-nasa-lo2-pdu-microtext.json,,,False,rights_review_or_hold,270,https://developer.toradex.com/hardware/colibri-som-family/carrier-boards/viola-carrier-board/
peel_sps_pid_legend,pid,microtext,public_municipal_pdf_candidate,,2,187,35,734,309,35,274,0,274,0,35,0,73,35,0,0,35,35,0,0,derived/quality/v2_0_canonical_future_capacity_2026-08-29-wave1027-current-safe-plus-wave1012-nasa.jsonl;derived/quality/v2_0_staged_capacity_2026-08-30-wave1563-nasa-lo2-pdu-microtext.json,,,False,rights_review_or_hold,266,https://peelregion.ca/sites/default/files/2024-10/sps-301.pdf
pcb_014_datasheet,pcb_schematic,microtext,cc_by_sa_4_0_arduino_hardware,,5,188,11,156,156,156,0,0,0,0,0,0,91,91,0,0,0,0,0,0,derived/quality/v2_0_canonical_future_capacity_2026-08-29-wave1027-current-safe-plus-wave1012-nasa.jsonl;derived/quality/v2_0_staged_capacity_2026-08-30-wave1563-nasa-lo2-pdu-microtext.json,,,False,await_human_return,202,https://docs.arduino.cc/hardware/uno-rev3/
wsdot_sign_support_sd1,civil_architectural,microtext,misc_public_candidate,,2,182,32,362,89,28,61,0,61,0,26,0,46,28,0,0,26,26,0,0,derived/quality/v2_0_canonical_future_capacity_2026-08-29-wave1027-current-safe-plus-wave1012-nasa.jsonl;derived/quality/v2_0_staged_capacity_2026-08-30-wave1563-nasa-lo2-pdu-microtext.json,,,False,rights_review_or_hold,198,https://wsdot.wa.gov/engineering-standards/all-manuals-and-standards/plan-sheet-library/signs-and-sign-support-sd
nasa_19850007982_gas_cooled_fuel_cell_systems,pid,microtext,government_public_use_permitted_nasa_candidate,microtext/docs/source_intake_2026_09_01_wave1670_nasa_fuel_cell_systems/19850007982.pdf,5,192,0,82,82,82,0,0,0,0,0,0,82,82,0,0,0,0,0,0,derived/quality/v2_0_canonical_future_capacity_2026-08-29-wave1027-current-safe-plus-wave1012-nasa.jsonl;derived/quality/v2_0_staged_capacity_2026-08-30-wave1563-nasa-lo2-pdu-microtext.json,,,False,await_human_return,190,https://ntrs.nasa.gov/citations/19850007982
pixhawk_debug_adapter_mini_schem,pcb_schematic,microtext,cc_by_sa_3_0_open_hardware_candidate,,2,423,65,52,52,29,23,23,0,0,0,0,40,29,11,0,0,0,0,0,derived/quality/v2_0_canonical_future_capacity_2026-08-29-wave1027-current-safe-plus-wave1012-nasa.jsonl;derived/quality/v2_0_staged_capacity_2026-08-30-wave1563-nasa-lo2-pdu-microtext.json,,,False,human_review_partial_packeted,188,https://github.com/pixhawk/Hardware
fdot_sp_425_010_fy2024,civil_architectural,visualdiff,misc_public_candidate,,4,1868,901,1438,705,406,299,0,299,0,0,0,177,87,0,0,0,0,0,0,derived/quality/v2_0_canonical_future_capacity_2026-08-29-wave1027-current-safe-plus-wave1012-nasa.jsonl;derived/quality/v2_0_staged_capacity_2026-08-30-wave1563-nasa-lo2-pdu-microtext.json,,,False,rights_review_or_hold,175,https://www.fdot.gov/design/standardplans/current/default.shtm
civil_013_2016_road_and_bridge_standards_revision_letters,civil_architectural,microtext,rights_uncertain_vdot_permission_required,,5,148,22,258,247,202,45,0,45,0,0,0,101,83,0,0,0,0,0,0,derived/quality/v2_0_canonical_future_capacity_2026-08-29-wave1027-current-safe-plus-wave1012-nasa.jsonl;derived/quality/v2_0_staged_capacity_2026-08-30-wave1563-nasa-lo2-pdu-microtext.json,,,False,rights_review_or_hold,167,https://www.vdot.virginia.gov/doing-business/technical-guidance-and-support/technical-guidance-documents/road-and-bridge-standards/
fdot_sp_425_010_fy2025,civil_architectural,visualdiff,misc_public_candidate,,4,1868,901,1416,683,384,299,0,299,0,0,0,172,82,0,0,0,0,0,0,derived/quality/v2_0_canonical_future_capacity_2026-08-29-wave1027-current-safe-plus-wave1012-nasa.jsonl;derived/quality/v2_0_staged_capacity_2026-08-30-wave1563-nasa-lo2-pdu-microtext.json,,,False,rights_review_or_hold,165,https://www.fdot.gov/design/standardplans/current/default.shtm
ds_025_verdin_development_board_assembly_drawing_2,datasheet_spec,microtext,public_vendor_docs_candidate,,2,1257,929,993,95,80,15,0,15,0,0,0,84,80,0,0,0,0,0,0,derived/quality/v2_0_canonical_future_capacity_2026-08-29-wave1027-current-safe-plus-wave1012-nasa.jsonl;derived/quality/v2_0_staged_capacity_2026-08-30-wave1563-nasa-lo2-pdu-microtext.json,,,False,rights_review_or_hold,161,https://developer.toradex.com/hardware/verdin-som-family/carrier-boards/verdin-development-board/
ds_025_verdin_development_board_assembly_drawing,datasheet_spec,microtext,public_vendor_docs_candidate,,1,6219,836,985,92,80,12,0,12,0,0,0,83,80,0,0,0,0,0,0,derived/quality/v2_0_canonical_future_capacity_2026-08-29-wave1027-current-safe-plus-wave1012-nasa.jsonl;derived/quality/v2_0_staged_capacity_2026-08-30-wave1563-nasa-lo2-pdu-microtext.json,,,False,rights_review_or_hold,161,https://developer.toradex.com/hardware/verdin-som-family/carrier-boards/verdin-development-board/
civil_015_index_sheet_with_links_to_individual_standard_drawings_and_h_2,civil_architectural,microtext,unknown,,1,0,0,184,184,184,0,0,0,0,0,0,78,78,0,0,0,0,0,0,derived/quality/v2_0_canonical_future_capacity_2026-08-29-wave1027-current-safe-plus-wave1012-nasa.jsonl;derived/quality/v2_0_staged_capacity_2026-08-30-wave1563-nasa-lo2-pdu-microtext.json,,,False,rights_review_or_hold,157,
civil_015_index_sheet_with_links_to_individual_standard_drawings_and_h,civil_architectural,microtext,unknown,,1,0,0,186,186,186,0,0,0,0,0,0,76,76,0,0,0,0,0,0,derived/quality/v2_0_canonical_future_capacity_2026-08-29-wave1027-current-safe-plus-wave1012-nasa.jsonl;derived/quality/v2_0_staged_capacity_2026-08-30-wave1563-nasa-lo2-pdu-microtext.json,,,False,rights_review_or_hold,153,
civil_017_standard_drawings_frequently_asked_questions,civil_architectural,microtext,misc_public_candidate,,5,109,0,83,83,83,0,0,0,0,0,0,62,62,0,0,0,0,0,0,derived/quality/v2_0_canonical_future_capacity_2026-08-29-wave1027-current-safe-plus-wave1012-nasa.jsonl;derived/quality/v2_0_staged_capacity_2026-08-30-wave1563-nasa-lo2-pdu-microtext.json,,,False,rights_review_or_hold,125,https://www.scdot.org/business/standard-drawings.aspx
fdot_sp_425_030_fy2024,civil_architectural,visualdiff,misc_public_candidate,,4,881,215,1138,433,205,228,0,228,0,0,0,128,61,0,0,0,0,0,0,derived/quality/v2_0_canonical_future_capacity_2026-08-29-wave1027-current-safe-plus-wave1012-nasa.jsonl;derived/quality/v2_0_staged_capacity_2026-08-30-wave1563-nasa-lo2-pdu-microtext.json,,,False,rights_review_or_hold,123,https://www.fdot.gov/design/standardplans/current/default.shtm
tolerances_table_iso,mechanical_cad,microtext,unknown,,32,223,55,450,210,74,136,0,136,0,0,0,113,57,0,0,0,0,0,0,derived/quality/v2_0_canonical_future_capacity_2026-08-29-wave1027-current-safe-plus-wave1012-nasa.jsonl;derived/quality/v2_0_staged_capacity_2026-08-30-wave1563-nasa-lo2-pdu-microtext.json,,,False,rights_review_or_hold,115,
fdot_sp_430_001_fy2024,civil_architectural,visualdiff,misc_public_candidate,,7,820,109,1690,519,184,335,0,335,0,0,0,157,56,0,0,0,0,0,0,derived/quality/v2_0_canonical_future_capacity_2026-08-29-wave1027-current-safe-plus-wave1012-nasa.jsonl;derived/quality/v2_0_staged_capacity_2026-08-30-wave1563-nasa-lo2-pdu-microtext.json,,,False,rights_review_or_hold,113,https://www.fdot.gov/design/standardplans/current/default.shtm
fdot_sp_425_030_fy2023,civil_architectural,visualdiff,misc_public_candidate,,4,1442,160,1170,437,182,255,0,255,0,0,0,124,56,0,0,0,0,0,0,derived/quality/v2_0_canonical_future_capacity_2026-08-29-wave1027-current-safe-plus-wave1012-nasa.jsonl;derived/quality/v2_0_staged_capacity_2026-08-30-wave1563-nasa-lo2-pdu-microtext.json,,,False,rights_review_or_hold,113,https://www.fdot.gov/design/standardplans/current/default.shtm
pixhawk_fmuv2_4_5,pcb_schematic,microtext,cc_by_sa_3_0_open_hardware_candidate,,14,0,0,44,44,44,0,0,0,0,0,0,44,44,0,0,0,0,0,0,derived/quality/v2_0_canonical_future_capacity_2026-08-29-wave1027-current-safe-plus-wave1012-nasa.jsonl;derived/quality/v2_0_staged_capacity_2026-08-30-wave1563-nasa-lo2-pdu-microtext.json,,,False,await_human_return,108,https://github.com/pixhawk/Hardware
rusefi_hellen121vag_c_schematic,pcb_schematic,visualdiff,rights_uncertain_open_hardware_candidate,,12,10897,2374,1483,593,52,541,0,541,0,0,0,377,52,0,0,0,0,0,0,derived/quality/v2_0_canonical_future_capacity_2026-08-29-wave1027-current-safe-plus-wave1012-nasa.jsonl;derived/quality/v2_0_staged_capacity_2026-08-30-wave1563-nasa-lo2-pdu-microtext.json,,,False,rights_review_or_hold,99,https://github.com/rusefi/rusefi/wiki/Hellen121VAG
rusefi_hellen121vag_b_schematic,pcb_schematic,visualdiff,rights_uncertain_open_hardware_candidate,,12,11886,2296,1442,574,52,522,0,522,0,0,0,368,52,0,0,0,0,0,0,derived/quality/v2_0_canonical_future_capacity_2026-08-29-wave1027-current-safe-plus-wave1012-nasa.jsonl;derived/quality/v2_0_staged_capacity_2026-08-30-wave1563-nasa-lo2-pdu-microtext.json,,,False,rights_review_or_hold,99,https://github.com/rusefi/rusefi/wiki/Hellen121VAG
nasa_20100035154_lo2_pdu_facility_pid,pid,microtext,government_public_use_permitted_nasa_candidate,microtext/docs/source_intake_2026_08_30_wave1553_nasa_lo2_pdu_pid/20100035154.pdf,6,10,0,36,36,36,0,0,0,0,0,0,36,36,0,0,0,0,0,0,derived/quality/v2_0_canonical_future_capacity_2026-08-29-wave1027-current-safe-plus-wave1012-nasa.jsonl;derived/quality/v2_0_staged_capacity_2026-08-30-wave1563-nasa-lo2-pdu-microtext.json,,,False,await_human_return,98,https://ntrs.nasa.gov/citations/20100035154
fdot_sp_430_001_fy2025,civil_architectural,visualdiff,misc_public_candidate,,7,824,115,1681,509,144,365,0,365,0,0,0,163,48,0,0,0,0,0,0,derived/quality/v2_0_canonical_future_capacity_2026-08-29-wave1027-current-safe-plus-wave1012-nasa.jsonl;derived/quality/v2_0_staged_capacity_2026-08-30-wave1563-nasa-lo2-pdu-microtext.json,,,False,rights_review_or_hold,97,https://www.fdot.gov/design/standardplans/current/default.shtm
wikimedia_pid_tank,pid,microtext,cc_by_sa_2_5_commons_candidate,microtext/docs/wikimedia_pid_tank.svg,1,7,3,7,7,0,7,7,0,0,0,0,7,0,7,0,0,0,0,0,derived/quality/v2_0_canonical_future_capacity_2026-08-29-wave1027-current-safe-plus-wave1012-nasa.jsonl;derived/quality/v2_0_staged_capacity_2026-08-30-wave1563-nasa-lo2-pdu-microtext.json,,,False,human_review,96,https://commons.wikimedia.org/wiki/File:PID-Tank.svg
fdot_sp_125_001_fy2024,civil_architectural,visualdiff,misc_public_candidate,,2,167,22,476,200,146,54,0,54,0,0,0,67,47,0,0,0,0,0,0,derived/quality/v2_0_canonical_future_capacity_2026-08-29-wave1027-current-safe-plus-wave1012-nasa.jsonl;derived/quality/v2_0_staged_capacity_2026-08-30-wave1563-nasa-lo2-pdu-microtext.json,,,False,rights_review_or_hold,95,https://www.fdot.gov/design/standardplans/current/default.shtm
toradex_viola_v1.2,pcb_schematic,visualdiff,public_vendor_datasheet_candidate,,28,1901,372,3386,1308,59,1249,0,1249,0,0,5,357,57,0,0,229,0,229,0,derived/quality/v2_0_canonical_future_capacity_2026-08-29-wave1027-current-safe-plus-wave1012-nasa.jsonl;derived/quality/v2_0_staged_capacity_2026-08-30-wave1563-nasa-lo2-pdu-microtext.json,,,False,rights_review_or_hold,94,https://developer.toradex.com/hardware/colibri-som-family/carrier-boards/viola-carrier-board/
civil_013_2016_road_and_bridge_standards_cover_letter,civil_architectural,microtext,rights_uncertain_vdot_permission_required,,2,44,6,80,80,78,2,0,2,0,0,0,48,46,0,0,0,0,0,0,derived/quality/v2_0_canonical_future_capacity_2026-08-29-wave1027-current-safe-plus-wave1012-nasa.jsonl;derived/quality/v2_0_staged_capacity_2026-08-30-wave1563-nasa-lo2-pdu-microtext.json,,,False,rights_review_or_hold,93,https://www.vdot.virginia.gov/doing-business/technical-guidance-and-support/technical-guidance-documents/road-and-bridge-standards/
fdot_sp_125_001_fy2023,civil_architectural,visualdiff,misc_public_candidate,,2,221,18,447,184,132,52,0,52,0,0,0,61,43,0,0,0,0,0,0,derived/quality/v2_0_canonical_future_capacity_2026-08-29-wave1027-current-safe-plus-wave1012-nasa.jsonl;derived/quality/v2_0_staged_capacity_2026-08-30-wave1563-nasa-lo2-pdu-microtext.json,,,False,rights_review_or_hold,87,https://www.fdot.gov/design/standardplans/current/default.shtm
fdot_sp_425_001_fy2024,civil_architectural,visualdiff,misc_public_candidate,,8,1462,249,2000,647,131,516,0,516,0,0,0,207,41,0,0,0,0,0,0,derived/quality/v2_0_canonical_future_capacity_2026-08-29-wave1027-current-safe-plus-wave1012-nasa.jsonl;derived/quality/v2_0_staged_capacity_2026-08-30-wave1563-nasa-lo2-pdu-microtext.json,,,False,rights_review_or_hold,83,https://www.fdot.gov/design/standardplans/current/default.shtm
ds_025_verdin_development_board_block_diagram,datasheet_spec,microtext,public_vendor_docs_candidate,,1,312,46,106,102,84,18,0,18,0,0,0,46,41,0,0,0,0,0,0,derived/quality/v2_0_canonical_future_capacity_2026-08-29-wave1027-current-safe-plus-wave1012-nasa.jsonl;derived/quality/v2_0_staged_capacity_2026-08-30-wave1563-nasa-lo2-pdu-microtext.json,,,False,rights_review_or_hold,83,https://developer.toradex.com/hardware/verdin-som-family/carrier-boards/verdin-development-board/
ds_025_verdin_development_board_block_diagram,unknown,microtext,unknown,,1,312,46,106,102,84,18,0,18,0,0,0,46,41,0,0,0,0,0,0,derived/quality/v2_0_canonical_future_capacity_2026-08-29-wave1027-current-safe-plus-wave1012-nasa.jsonl;derived/quality/v2_0_staged_capacity_2026-08-30-wave1563-nasa-lo2-pdu-microtext.json,,,False,rights_review_or_hold,77,
fdot_sp_425_052_fy2024,civil_architectural,visualdiff,misc_public_candidate,,14,2303,375,2761,964,100,864,0,864,0,0,0,284,37,0,0,0,0,0,0,derived/quality/v2_0_canonical_future_capacity_2026-08-29-wave1027-current-safe-plus-wave1012-nasa.jsonl;derived/quality/v2_0_staged_capacity_2026-08-30-wave1563-nasa-lo2-pdu-microtext.json,,,False,rights_review_or_hold,75,https://www.fdot.gov/design/standardplans/current/default.shtm
fdot_sp_102_600_fy2025,civil_architectural,visualdiff,misc_public_candidate,,11,2010,186,2014,642,108,534,0,534,0,0,0,202,37,0,0,0,0,0,0,derived/quality/v2_0_canonical_future_capacity_2026-08-29-wave1027-current-safe-plus-wave1012-nasa.jsonl;derived/quality/v2_0_staged_capacity_2026-08-30-wave1563-nasa-lo2-pdu-microtext.json,,,False,rights_review_or_hold,75,https://www.fdot.gov/design/standardplans/current/default.shtm
fdot_sp_425_001_fy2025,civil_architectural,visualdiff,misc_public_candidate,,8,1465,249,1976,622,110,512,0,512,0,0,0,201,37,0,0,0,0,0,0,derived/quality/v2_0_canonical_future_capacity_2026-08-29-wave1027-current-safe-plus-wave1012-nasa.jsonl;derived/quality/v2_0_staged_capacity_2026-08-30-wave1563-nasa-lo2-pdu-microtext.json,,,False,rights_review_or_hold,75,https://www.fdot.gov/design/standardplans/current/default.shtm
fdot_sp_102_600_fy2024,civil_architectural,visualdiff,misc_public_candidate,,11,1996,178,1973,614,110,504,0,504,0,0,0,188,37,0,0,0,0,0,0,derived/quality/v2_0_canonical_future_capacity_2026-08-29-wave1027-current-safe-plus-wave1012-nasa.jsonl;derived/quality/v2_0_staged_capacity_2026-08-30-wave1563-nasa-lo2-pdu-microtext.json,,,False,rights_review_or_hold,75,https://www.fdot.gov/design/standardplans/current/default.shtm
civil_015_archived_bc_700m_series_standards_which_are_inactive_standar,civil_architectural,microtext,unknown,,0,727,29,228,184,68,116,0,116,0,0,160,67,37,0,30,0,0,0,0,derived/quality/v2_0_canonical_future_capacity_2026-08-29-wave1027-current-safe-plus-wave1012-nasa.jsonl;derived/quality/v2_0_staged_capacity_2026-08-30-wave1563-nasa-lo2-pdu-microtext.json,,,False,rights_review_or_hold,75,
nasa_20205001821_mlpv_sparge_system_revision,civil_architectural,microtext,government_public_use_permitted_nasa_candidate,microtext/docs/source_intake_2026_08_30_wave1531_nasa_mlpv_revision/20205001821.pdf,2,490,0,52,48,48,0,0,0,0,0,0,24,24,0,0,0,0,0,0,derived/quality/v2_0_canonical_future_capacity_2026-08-29-wave1027-current-safe-plus-wave1012-nasa.jsonl;derived/quality/v2_0_staged_capacity_2026-08-30-wave1563-nasa-lo2-pdu-microtext.json,,,False,await_human_return,74,https://ntrs.nasa.gov/citations/20205001821
fdot_sp_430_011_fy2024,civil_architectural,visualdiff,misc_public_candidate,,5,1255,362,1445,526,80,446,0,446,0,0,0,165,36,0,0,0,0,0,0,derived/quality/v2_0_canonical_future_capacity_2026-08-29-wave1027-current-safe-plus-wave1012-nasa.jsonl;derived/quality/v2_0_staged_capacity_2026-08-30-wave1563-nasa-lo2-pdu-microtext.json,,,False,rights_review_or_hold,73,https://www.fdot.gov/design/standardplans/current/default.shtm
sandiego_stormwater_pump_station_guidelines,pid,microtext,public_municipal_pdf_candidate,,48,1368,22,2179,627,43,584,0,584,0,6,0,177,25,0,0,6,6,0,0,derived/quality/v2_0_canonical_future_capacity_2026-08-29-wave1027-current-safe-plus-wave1012-nasa.jsonl;derived/quality/v2_0_staged_capacity_2026-08-30-wave1563-nasa-lo2-pdu-microtext.json,,,False,rights_review_or_hold,72,https://www.sandiego.gov/sites/default/files/2024-03/stormwater-pump-station-design-guidelines.pdf
fdot_sp_425_030_fy2025,civil_architectural,visualdiff,misc_public_candidate,,4,881,215,1014,319,94,225,0,225,0,0,0,102,34,0,0,0,0,0,0,derived/quality/v2_0_canonical_future_capacity_2026-08-29-wave1027-current-safe-plus-wave1012-nasa.jsonl;derived/quality/v2_0_staged_capacity_2026-08-30-wave1563-nasa-lo2-pdu-microtext.json,,,False,rights_review_or_hold,69,https://www.fdot.gov/design/standardplans/current/default.shtm
fdot_sp_430_011_fy2023,civil_architectural,visualdiff,misc_public_candidate,,5,1538,313,1465,507,80,427,0,427,0,0,0,157,33,0,0,0,0,0,0,derived/quality/v2_0_canonical_future_capacity_2026-08-29-wave1027-current-safe-plus-wave1012-nasa.jsonl;derived/quality/v2_0_staged_capacity_2026-08-30-wave1563-nasa-lo2-pdu-microtext.json,,,False,rights_review_or_hold,67,https://www.fdot.gov/design/standardplans/current/default.shtm
fdot_sp_430_001_fy2023,civil_architectural,visualdiff,misc_public_candidate,,7,980,87,1478,351,89,262,0,262,0,0,0,119,32,0,0,0,0,0,0,derived/quality/v2_0_canonical_future_capacity_2026-08-29-wave1027-current-safe-plus-wave1012-nasa.jsonl;derived/quality/v2_0_staged_capacity_2026-08-30-wave1563-nasa-lo2-pdu-microtext.json,,,False,rights_review_or_hold,65,https://www.fdot.gov/design/standardplans/current/default.shtm
fdot_sp_000_510_fy2024,civil_architectural,visualdiff,misc_public_candidate,,2,670,19,395,153,76,77,0,77,0,0,0,52,32,0,0,0,0,0,0,derived/quality/v2_0_canonical_future_capacity_2026-08-29-wave1027-current-safe-plus-wave1012-nasa.jsonl;derived/quality/v2_0_staged_capacity_2026-08-30-wave1563-nasa-lo2-pdu-microtext.json,,,False,rights_review_or_hold,65,https://www.fdot.gov/design/standardplans/current/default.shtm
ds_025_verdin_family_specification,datasheet_spec,microtext,public_vendor_docs_candidate,,42,3892,615,86,80,33,47,0,47,0,0,0,53,32,0,0,0,0,0,0,derived/quality/v2_0_canonical_future_capacity_2026-08-29-wave1027-current-safe-plus-wave1012-nasa.jsonl;derived/quality/v2_0_staged_capacity_2026-08-30-wave1563-nasa-lo2-pdu-microtext.json,,,False,rights_review_or_hold,65,https://developer.toradex.com/hardware/verdin-som-family/carrier-boards/verdin-development-board/
fdot_sp_430_011_fy2025,civil_architectural,visualdiff,misc_public_candidate,,5,1255,362,1428,509,58,451,0,451,0,0,0,159,31,0,0,0,0,0,0,derived/quality/v2_0_canonical_future_capacity_2026-08-29-wave1027-current-safe-plus-wave1012-nasa.jsonl;derived/quality/v2_0_staged_capacity_2026-08-30-wave1563-nasa-lo2-pdu-microtext.json,,,False,rights_review_or_hold,63,https://www.fdot.gov/design/standardplans/current/default.shtm
ds_025_verdin_carrier_board_design_guide,datasheet_spec,microtext,public_vendor_docs_candidate,,127,18522,5792,301,199,42,157,0,157,0,0,0,97,30,0,0,0,0,0,0,derived/quality/v2_0_canonical_future_capacity_2026-08-29-wave1027-current-safe-plus-wave1012-nasa.jsonl;derived/quality/v2_0_staged_capacity_2026-08-30-wave1563-nasa-lo2-pdu-microtext.json,,,False,rights_review_or_hold,61,https://developer.toradex.com/hardware/verdin-som-family/carrier-boards/verdin-development-board/
wsdot_drainage_ds2,civil_architectural,microtext,misc_public_candidate,,2,207,9,196,36,9,27,0,27,0,7,0,15,9,0,0,0,0,0,0,derived/quality/v2_0_canonical_future_capacity_2026-08-29-wave1027-current-safe-plus-wave1012-nasa.jsonl;derived/quality/v2_0_staged_capacity_2026-08-30-wave1563-nasa-lo2-pdu-microtext.json,,,False,rights_review_or_hold,61,https://wsdot.wa.gov/engineering-standards/all-manuals-and-standards/plan-sheet-library/drainage-structures-and-hydraulics-ds
ds_025_verdin_family_specification,unknown,microtext,unknown,,42,3892,615,86,80,33,47,0,47,0,0,0,53,32,0,0,0,0,0,0,derived/quality/v2_0_canonical_future_capacity_2026-08-29-wave1027-current-safe-plus-wave1012-nasa.jsonl;derived/quality/v2_0_staged_capacity_2026-08-30-wave1563-nasa-lo2-pdu-microtext.json,,,False,rights_review_or_hold,59,
fdot_sp_425_052_fy2025,civil_architectural,visualdiff,misc_public_candidate,,14,2304,375,2742,940,75,865,0,865,0,0,0,248,28,0,0,0,0,0,0,derived/quality/v2_0_canonical_future_capacity_2026-08-29-wave1027-current-safe-plus-wave1012-nasa.jsonl;derived/quality/v2_0_staged_capacity_2026-08-30-wave1563-nasa-lo2-pdu-microtext.json,,,False,rights_review_or_hold,57,https://www.fdot.gov/design/standardplans/current/default.shtm
espressif_esp32_devkitc_v4_dimensions_back,datasheet_spec,microtext,cc_by_sa_4_0_verified_git_pinned,microtext/docs/espressif_esp_dev_kits_dimensions/esp32-devkitc-v4-dimensions-back.jpg,1,0,0,3,3,0,3,3,0,0,0,0,3,0,3,0,0,0,0,0,derived/quality/v2_0_canonical_future_capacity_2026-08-29-wave1027-current-safe-plus-wave1012-nasa.jsonl;derived/quality/v2_0_staged_capacity_2026-08-30-wave1563-nasa-lo2-pdu-microtext.json,,,False,human_review,56,https://github.com/espressif/esp-dev-kits/blob/df877cb1124a80835ad22fa5d8bafadb2348ce50/docs/_static/esp32-devkitc/esp32-devkitc-v4-dimensions-back.jpg
ds_025_verdin_carrier_board_design_guide,unknown,microtext,unknown,,127,18522,5792,301,199,42,157,0,157,0,0,0,97,30,0,0,0,0,0,0,derived/quality/v2_0_canonical_future_capacity_2026-08-29-wave1027-current-safe-plus-wave1012-nasa.jsonl;derived/quality/v2_0_staged_capacity_2026-08-30-wave1563-nasa-lo2-pdu-microtext.json,,,False,rights_review_or_hold,55,
fdot_sp_000_510_fy2025,civil_architectural,visualdiff,misc_public_candidate,,2,670,19,374,134,57,77,0,77,0,0,0,47,27,0,0,0,0,0,0,derived/quality/v2_0_canonical_future_capacity_2026-08-29-wave1027-current-safe-plus-wave1012-nasa.jsonl;derived/quality/v2_0_staged_capacity_2026-08-30-wave1563-nasa-lo2-pdu-microtext.json,,,False,rights_review_or_hold,55,https://www.fdot.gov/design/standardplans/current/default.shtm
civil_015_index_sheet_with_links_to_individual_standard_drawings,civil_architectural,microtext,unknown,,1,0,0,99,99,99,0,0,0,0,0,0,27,27,0,0,0,0,0,0,derived/quality/v2_0_canonical_future_capacity_2026-08-29-wave1027-current-safe-plus-wave1012-nasa.jsonl;derived/quality/v2_0_staged_capacity_2026-08-30-wave1563-nasa-lo2-pdu-microtext.json,,,False,rights_review_or_hold,55,
nasa_19650009673_pipeline_valve_test_facility,pid,microtext,government_public_use_permitted_nasa_candidate,microtext/docs/nasa_19650009673_pipeline_valve_test_facility.pdf,4,228,0,84,84,84,0,0,0,0,0,0,14,14,0,0,0,0,0,0,derived/quality/v2_0_canonical_future_capacity_2026-08-29-wave1027-current-safe-plus-wave1012-nasa.jsonl;derived/quality/v2_0_staged_capacity_2026-08-30-wave1563-nasa-lo2-pdu-microtext.json,,,False,await_human_return,54,https://ntrs.nasa.gov/citations/19650009673
fdot_sp_425_001_fy2023,civil_architectural,visualdiff,misc_public_candidate,,8,1809,221,1872,574,82,492,0,492,0,0,0,189,26,0,0,0,0,0,0,derived/quality/v2_0_canonical_future_capacity_2026-08-29-wave1027-current-safe-plus-wave1012-nasa.jsonl;derived/quality/v2_0_staged_capacity_2026-08-30-wave1563-nasa-lo2-pdu-microtext.json,,,False,rights_review_or_hold,53,https://www.fdot.gov/design/standardplans/current/default.shtm
civil_013_2016_road_and_bridge_standards_volume_1,civil_architectural,microtext,rights_uncertain_vdot_permission_required,,5,73,0,41,41,41,0,0,0,0,0,0,26,26,0,0,0,0,0,0,derived/quality/v2_0_canonical_future_capacity_2026-08-29-wave1027-current-safe-plus-wave1012-nasa.jsonl;derived/quality/v2_0_staged_capacity_2026-08-30-wave1563-nasa-lo2-pdu-microtext.json,,,False,rights_review_or_hold,53,https://www.vdot.virginia.gov/doing-business/technical-guidance-and-support/technical-guidance-documents/road-and-bridge-standards/
fdot_sp_430_010_fy2024,civil_architectural,visualdiff,misc_public_candidate,,3,429,50,742,197,70,127,0,127,0,0,0,69,25,0,0,0,0,0,0,derived/quality/v2_0_canonical_future_capacity_2026-08-29-wave1027-current-safe-plus-wave1012-nasa.jsonl;derived/quality/v2_0_staged_capacity_2026-08-30-wave1563-nasa-lo2-pdu-microtext.json,,,False,rights_review_or_hold,51,https://www.fdot.gov/design/standardplans/current/default.shtm
fdot_sp_160_001_fy2024,civil_architectural,visualdiff,misc_public_candidate,,1,52,6,220,105,74,31,0,31,0,0,0,33,25,0,0,0,0,0,0,derived/quality/v2_0_canonical_future_capacity_2026-08-29-wave1027-current-safe-plus-wave1012-nasa.jsonl;derived/quality/v2_0_staged_capacity_2026-08-30-wave1563-nasa-lo2-pdu-microtext.json,,,False,rights_review_or_hold,51,https://www.fdot.gov/design/standardplans/current/default.shtm
ds_025_verdin_development_board_v1_1_datasheet,datasheet_spec,microtext,public_vendor_docs_candidate,,69,7238,1106,52,49,27,22,0,22,0,0,0,42,25,0,0,0,0,0,0,derived/quality/v2_0_canonical_future_capacity_2026-08-29-wave1027-current-safe-plus-wave1012-nasa.jsonl;derived/quality/v2_0_staged_capacity_2026-08-30-wave1563-nasa-lo2-pdu-microtext.json,,,False,rights_review_or_hold,51,https://developer.toradex.com/hardware/verdin-som-family/carrier-boards/verdin-development-board/
fdot_sp_400_010_fy2024,civil_architectural,visualdiff,misc_public_candidate,,2,272,28,455,181,91,90,0,90,0,0,0,54,24,0,0,0,0,0,0,derived/quality/v2_0_canonical_future_capacity_2026-08-29-wave1027-current-safe-plus-wave1012-nasa.jsonl;derived/quality/v2_0_staged_capacity_2026-08-30-wave1563-nasa-lo2-pdu-microtext.json,,,False,rights_review_or_hold,49,https://www.fdot.gov/design/standardplans/current/default.shtm
fdot_sp_000_510_fy2023,civil_architectural,visualdiff,misc_public_candidate,,2,719,19,365,123,47,76,0,76,0,0,0,44,24,0,0,0,0,0,0,derived/quality/v2_0_canonical_future_capacity_2026-08-29-wave1027-current-safe-plus-wave1012-nasa.jsonl;derived/quality/v2_0_staged_capacity_2026-08-30-wave1563-nasa-lo2-pdu-microtext.json,,,False,rights_review_or_hold,49,https://www.fdot.gov/design/standardplans/current/default.shtm
wikimedia_engineering_drawing_dessin_de_definition,mechanical_cad,microtext,public_domain_commons_candidate,microtext/docs/wikimedia_engineering_drawing_dessin_de_definition.png,1,0,0,22,20,18,2,0,0,2,0,0,12,10,0,0,0,0,0,0,derived/quality/v2_0_canonical_future_capacity_2026-08-29-wave1027-current-safe-plus-wave1012-nasa.jsonl;derived/quality/v2_0_staged_capacity_2026-08-30-wave1563-nasa-lo2-pdu-microtext.json,,,False,await_human_return,46,https://commons.wikimedia.org/wiki/File:Engineering_drawing-dessin_de_definition.png
espressif_esp32_pico_kit_v4_dimensions_back,datasheet_spec,microtext,cc_by_sa_4_0_verified_git_pinned,microtext/docs/espressif_esp_dev_kits_dimensions/esp32-pico-kit-v4-dimensions-back.jpg,1,0,0,2,2,0,2,2,0,0,0,0,2,0,2,0,0,0,0,0,derived/quality/v2_0_canonical_future_capacity_2026-08-29-wave1027-current-safe-plus-wave1012-nasa.jsonl;derived/quality/v2_0_staged_capacity_2026-08-30-wave1563-nasa-lo2-pdu-microtext.json,,,False,human_review,46,https://github.com/espressif/esp-dev-kits/blob/df877cb1124a80835ad22fa5d8bafadb2348ce50/docs/_static/esp32-pico-kit/esp32-pico-kit-v4-dimensions-back.jpg
espressif_esp32_pico_kit_v4_dimensions_side,datasheet_spec,microtext,cc_by_sa_4_0_verified_git_pinned,microtext/docs/espressif_esp_dev_kits_dimensions/esp32-pico-kit-v4-dimensions-side.jpg,1,0,0,2,2,0,2,2,0,0,0,0,2,0,2,0,0,0,0,0,derived/quality/v2_0_canonical_future_capacity_2026-08-29-wave1027-current-safe-plus-wave1012-nasa.jsonl;derived/quality/v2_0_staged_capacity_2026-08-30-wave1563-nasa-lo2-pdu-microtext.json,,,False,human_review,46,https://github.com/espressif/esp-dev-kits/blob/df877cb1124a80835ad22fa5d8bafadb2348ce50/docs/_static/esp32-pico-kit/esp32-pico-kit-v4-dimensions-side.jpg
espressif_esp32_pico_kit_v4_1_dimensions_back,datasheet_spec,microtext,cc_by_sa_4_0_verified_git_pinned,microtext/docs/espressif_esp_dev_kits_dimensions/esp32-pico-kit-v4.1-dimensions-back.jpg,1,0,0,2,2,0,2,2,0,0,0,0,2,0,2,0,0,0,0,0,derived/quality/v2_0_canonical_future_capacity_2026-08-29-wave1027-current-safe-plus-wave1012-nasa.jsonl;derived/quality/v2_0_staged_capacity_2026-08-30-wave1563-nasa-lo2-pdu-microtext.json,,,False,human_review,46,https://github.com/espressif/esp-dev-kits/blob/df877cb1124a80835ad22fa5d8bafadb2348ce50/docs/_static/esp32-pico-kit/esp32-pico-kit-v4.1-dimensions-back.jpg
ds_025_verdin_development_board_v1_1_datasheet,unknown,microtext,unknown,,69,7238,1106,52,49,27,22,0,22,0,0,0,42,25,0,0,0,0,0,0,derived/quality/v2_0_canonical_future_capacity_2026-08-29-wave1027-current-safe-plus-wave1012-nasa.jsonl;derived/quality/v2_0_staged_capacity_2026-08-30-wave1563-nasa-lo2-pdu-microtext.json,,,False,rights_review_or_hold,45,
civil_013_appendix_complete_section,civil_architectural,microtext,unknown,,5,200,0,22,22,22,0,0,0,0,0,0,22,22,0,0,0,0,0,0,derived/quality/v2_0_canonical_future_capacity_2026-08-29-wave1027-current-safe-plus-wave1012-nasa.jsonl;derived/quality/v2_0_staged_capacity_2026-08-30-wave1563-nasa-lo2-pdu-microtext.json,,,False,rights_review_or_hold,45,
nasa_19690006881_lh2_pump_instrumentation,pid,microtext,government_public_use_permitted_nasa_candidate,microtext/docs/nasa_19690006881_lh2_pump_instrumentation.pdf,2,264,0,54,54,54,0,0,0,0,0,0,9,9,0,0,0,0,0,0,derived/quality/v2_0_canonical_future_capacity_2026-08-29-wave1027-current-safe-plus-wave1012-nasa.jsonl;derived/quality/v2_0_staged_capacity_2026-08-30-wave1563-nasa-lo2-pdu-microtext.json,,,False,await_human_return,44,https://ntrs.nasa.gov/citations/19690006881
fdot_sp_102_100_fy2024,civil_architectural,visualdiff,misc_public_candidate,,4,281,14,576,114,43,71,0,71,0,0,0,38,21,0,0,0,0,0,0,derived/quality/v2_0_canonical_future_capacity_2026-08-29-wave1027-current-safe-plus-wave1012-nasa.jsonl;derived/quality/v2_0_staged_capacity_2026-08-30-wave1563-nasa-lo2-pdu-microtext.json,,,False,rights_review_or_hold,43,https://www.fdot.gov/design/standardplans/current/default.shtm
pid_021_blue_grass_chemical_agent_destruction_pilot_plant_piping_desig,pid,microtext,cc_by_2_0_commons_candidate,,1,0,0,8,8,8,0,0,0,0,0,0,8,8,0,0,0,0,0,0,derived/quality/v2_0_canonical_future_capacity_2026-08-29-wave1027-current-safe-plus-wave1012-nasa.jsonl;derived/quality/v2_0_staged_capacity_2026-08-30-wave1563-nasa-lo2-pdu-microtext.json,,,False,await_human_return,42,https://commons.wikimedia.org/wiki/File:Blue_Grass_Chemical_Agent-Destruction_Pilot_Plant_Piping_Designer_(28947777487).jpg
pid_021_sch_ma_p_id,pid,microtext,cc_by_sa_3_0_commons_candidate,,1,0,0,8,8,8,0,0,0,0,0,0,8,8,0,0,0,0,0,0,derived/quality/v2_0_canonical_future_capacity_2026-08-29-wave1027-current-safe-plus-wave1012-nasa.jsonl;derived/quality/v2_0_staged_capacity_2026-08-30-wave1563-nasa-lo2-pdu-microtext.json,,,False,await_human_return,42,https://commons.wikimedia.org/wiki/File:Sch%C3%A9ma_P%26ID.jpg
fdot_sp_430_010_fy2025,civil_architectural,visualdiff,misc_public_candidate,,3,429,50,713,171,45,126,0,126,0,0,0,65,20,0,0,0,0,0,0,derived/quality/v2_0_canonical_future_capacity_2026-08-29-wave1027-current-safe-plus-wave1012-nasa.jsonl;derived/quality/v2_0_staged_capacity_2026-08-30-wave1563-nasa-lo2-pdu-microtext.json,,,False,rights_review_or_hold,41,https://www.fdot.gov/design/standardplans/current/default.shtm
fdot_sp_120_002_fy2024,civil_architectural,visualdiff,misc_public_candidate,,2,397,31,423,126,48,78,0,78,0,0,0,40,20,0,0,0,0,0,0,derived/quality/v2_0_canonical_future_capacity_2026-08-29-wave1027-current-safe-plus-wave1012-nasa.jsonl;derived/quality/v2_0_staged_capacity_2026-08-30-wave1563-nasa-lo2-pdu-microtext.json,,,False,rights_review_or_hold,41,https://www.fdot.gov/design/standardplans/current/default.shtm
fdot_sp_400_010_fy2025,civil_architectural,visualdiff,misc_public_candidate,,2,271,28,435,148,60,88,0,88,0,0,0,48,19,0,0,0,0,0,0,derived/quality/v2_0_canonical_future_capacity_2026-08-29-wave1027-current-safe-plus-wave1012-nasa.jsonl;derived/quality/v2_0_staged_capacity_2026-08-30-wave1563-nasa-lo2-pdu-microtext.json,,,False,rights_review_or_hold,39,https://www.fdot.gov/design/standardplans/current/default.shtm
fdot_sp_160_001_fy2025,civil_architectural,visualdiff,misc_public_candidate,,1,52,6,213,98,67,31,0,31,0,0,0,26,18,0,0,0,0,0,0,derived/quality/v2_0_canonical_future_capacity_2026-08-29-wave1027-current-safe-plus-wave1012-nasa.jsonl;derived/quality/v2_0_staged_capacity_2026-08-30-wave1563-nasa-lo2-pdu-microtext.json,,,False,rights_review_or_hold,37,https://www.fdot.gov/design/standardplans/current/default.shtm
openflexure_delta_stage_35mm_holder_v1_1_0,mechanical_cad,visualdiff,cern_ohl_1_2_open_hardware_candidate,visualdiff/docs/openflexure_delta_stage/revisions/openflexure_delta_stage_35mm_holder_v1_1_0.stl,1,0,0,1,1,0,1,1,0,0,0,0,1,0,1,0,0,0,0,0,derived/quality/v2_0_canonical_future_capacity_2026-08-29-wave1027-current-safe-plus-wave1012-nasa.jsonl;derived/quality/v2_0_staged_capacity_2026-08-30-wave1563-nasa-lo2-pdu-microtext.json,,,False,human_review,36,https://gitlab.com/openflexure/openflexure-delta-stage/-/releases/v1.1.0
openflexure_delta_stage_35mm_holder_v1_2_0,mechanical_cad,visualdiff,cern_ohl_1_2_open_hardware_candidate,visualdiff/docs/openflexure_delta_stage/revisions/openflexure_delta_stage_35mm_holder_v1_2_0.stl,1,0,0,1,1,0,1,1,0,0,0,0,1,0,1,0,0,0,0,0,derived/quality/v2_0_canonical_future_capacity_2026-08-29-wave1027-current-safe-plus-wave1012-nasa.jsonl;derived/quality/v2_0_staged_capacity_2026-08-30-wave1563-nasa-lo2-pdu-microtext.json,,,False,human_review,36,https://gitlab.com/openflexure/openflexure-delta-stage/-/releases/v1.2.0
openflexure_delta_stage_simple_base_v1_1_0,mechanical_cad,visualdiff,cern_ohl_1_2_open_hardware_candidate,visualdiff/docs/openflexure_delta_stage/revisions/openflexure_delta_stage_simple_base_v1_1_0.stl,1,0,0,1,1,0,1,1,0,0,0,0,1,0,1,0,0,0,0,0,derived/quality/v2_0_canonical_future_capacity_2026-08-29-wave1027-current-safe-plus-wave1012-nasa.jsonl;derived/quality/v2_0_staged_capacity_2026-08-30-wave1563-nasa-lo2-pdu-microtext.json,,,False,human_review,36,https://gitlab.com/openflexure/openflexure-delta-stage/-/releases/v1.1.0
openflexure_delta_stage_simple_base_v1_2_0,mechanical_cad,visualdiff,cern_ohl_1_2_open_hardware_candidate,visualdiff/docs/openflexure_delta_stage/revisions/openflexure_delta_stage_simple_base_v1_2_0.stl,1,0,0,1,1,0,1,1,0,0,0,0,1,0,1,0,0,0,0,0,derived/quality/v2_0_canonical_future_capacity_2026-08-29-wave1027-current-safe-plus-wave1012-nasa.jsonl;derived/quality/v2_0_staged_capacity_2026-08-30-wave1563-nasa-lo2-pdu-microtext.json,,,False,human_review,36,https://gitlab.com/openflexure/openflexure-delta-stage/-/releases/v1.2.0
fdot_sp_430_010_fy2023,civil_architectural,visualdiff,misc_public_candidate,,3,555,34,717,179,56,123,0,123,0,0,0,57,17,0,0,0,0,0,0,derived/quality/v2_0_canonical_future_capacity_2026-08-29-wave1027-current-safe-plus-wave1012-nasa.jsonl;derived/quality/v2_0_staged_capacity_2026-08-30-wave1563-nasa-lo2-pdu-microtext.json,,,False,rights_review_or_hold,35,https://www.fdot.gov/design/standardplans/current/default.shtm
fdot_sp_120_002_fy2023,civil_architectural,visualdiff,misc_public_candidate,,2,440,13,382,90,37,53,0,53,0,0,0,36,17,0,0,0,0,0,0,derived/quality/v2_0_canonical_future_capacity_2026-08-29-wave1027-current-safe-plus-wave1012-nasa.jsonl;derived/quality/v2_0_staged_capacity_2026-08-30-wave1563-nasa-lo2-pdu-microtext.json,,,False,rights_review_or_hold,35,https://www.fdot.gov/design/standardplans/current/default.shtm
olimex_esp32_poe_m1,pcb_schematic,visualdiff,apache_2_0_open_hardware_candidate,visualdiff/docs/olimex_esp32_poe/revisions/olimex_esp32_poe_m1.pdf,1,1797,310,23,7,7,0,0,0,0,0,0,7,7,0,0,0,0,0,0,derived/quality/v2_0_canonical_future_capacity_2026-08-29-wave1027-current-safe-plus-wave1012-nasa.jsonl;derived/quality/v2_0_staged_capacity_2026-08-30-wave1563-nasa-lo2-pdu-microtext.json,,,False,await_human_return,34,https://github.com/OLIMEX/ESP32-POE.git
fdot_sp_110_100_fy2024,civil_architectural,visualdiff,misc_public_candidate,,1,132,9,227,105,56,49,0,49,0,0,0,29,16,0,0,0,0,0,0,derived/quality/v2_0_canonical_future_capacity_2026-08-29-wave1027-current-safe-plus-wave1012-nasa.jsonl;derived/quality/v2_0_staged_capacity_2026-08-30-wave1563-nasa-lo2-pdu-microtext.json,,,False,rights_review_or_hold,33,https://www.fdot.gov/design/standardplans/current/default.shtm
fdot_sp_102_100_fy2025,civil_architectural,visualdiff,misc_public_candidate,,4,281,14,555,95,24,71,0,71,0,0,0,33,16,0,0,0,0,0,0,derived/quality/v2_0_canonical_future_capacity_2026-08-29-wave1027-current-safe-plus-wave1012-nasa.jsonl;derived/quality/v2_0_staged_capacity_2026-08-30-wave1563-nasa-lo2-pdu-microtext.json,,,False,rights_review_or_hold,33,https://www.fdot.gov/design/standardplans/current/default.shtm
civil_013_clarification_of_mash_guardrail_requirements,civil_architectural,microtext,rights_uncertain_vdot_permission_required,,1,0,0,16,16,16,0,0,0,0,0,0,16,16,0,0,0,0,0,0,derived/quality/v2_0_canonical_future_capacity_2026-08-29-wave1027-current-safe-plus-wave1012-nasa.jsonl;derived/quality/v2_0_staged_capacity_2026-08-30-wave1563-nasa-lo2-pdu-microtext.json,,,False,rights_review_or_hold,33,https://www.vdot.virginia.gov/doing-business/technical-guidance-and-support/technical-guidance-documents/road-and-bridge-standards/
pcb_025_mechanical_drawing,pcb_schematic,microtext,apache_2_0_open_hardware_candidate,,1,9,1,6,6,5,1,1,0,0,0,0,2,1,1,0,0,0,0,0,derived/quality/v2_0_canonical_future_capacity_2026-08-29-wave1027-current-safe-plus-wave1012-nasa.jsonl;derived/quality/v2_0_staged_capacity_2026-08-30-wave1563-nasa-lo2-pdu-microtext.json,,,False,human_review_partial_packeted,32,https://openhardware.antmicro.com/boards/jetson-orin-baseboard/
olimex_esp32_poe_m,pcb_schematic,visualdiff,apache_2_0_open_hardware_candidate,visualdiff/docs/olimex_esp32_poe/revisions/olimex_esp32_poe_m.pdf,1,1798,312,14,6,6,0,0,0,0,0,0,6,6,0,0,0,0,0,0,derived/quality/v2_0_canonical_future_capacity_2026-08-29-wave1027-current-safe-plus-wave1012-nasa.jsonl;derived/quality/v2_0_staged_capacity_2026-08-30-wave1563-nasa-lo2-pdu-microtext.json,,,False,await_human_return,32,https://github.com/OLIMEX/ESP32-POE.git
ds_025_verdin_development_board_v1_0_datasheet,datasheet_spec,microtext,public_vendor_docs_candidate,,49,5500,1253,30,30,15,15,0,15,0,0,0,30,15,0,0,0,0,0,0,derived/quality/v2_0_canonical_future_capacity_2026-08-29-wave1027-current-safe-plus-wave1012-nasa.jsonl;derived/quality/v2_0_staged_capacity_2026-08-30-wave1563-nasa-lo2-pdu-microtext.json,,,False,rights_review_or_hold,31,https://developer.toradex.com/hardware/verdin-som-family/carrier-boards/verdin-development-board/
voron_trident_250_deck_vtr1,mechanical_cad,visualdiff,gpl_3_0_open_source_candidate,,1,0,0,10,10,10,0,0,0,0,0,0,2,2,0,0,0,0,0,0,derived/quality/v2_0_canonical_future_capacity_2026-08-29-wave1027-current-safe-plus-wave1012-nasa.jsonl;derived/quality/v2_0_staged_capacity_2026-08-30-wave1563-nasa-lo2-pdu-microtext.json,,,False,await_human_return,30,https://github.com/VoronDesign/Voron-Trident
voron_trident_250_deck_vtr2,mechanical_cad,visualdiff,gpl_3_0_open_source_candidate,,1,0,0,10,10,10,0,0,0,0,0,0,2,2,0,0,0,0,0,0,derived/quality/v2_0_canonical_future_capacity_2026-08-29-wave1027-current-safe-plus-wave1012-nasa.jsonl;derived/quality/v2_0_staged_capacity_2026-08-30-wave1563-nasa-lo2-pdu-microtext.json,,,False,await_human_return,30,https://github.com/VoronDesign/Voron-Trident
voron_trident_350_deck_vtr1,mechanical_cad,visualdiff,gpl_3_0_open_source_candidate,,1,0,0,10,10,10,0,0,0,0,0,0,2,2,0,0,0,0,0,0,derived/quality/v2_0_canonical_future_capacity_2026-08-29-wave1027-current-safe-plus-wave1012-nasa.jsonl;derived/quality/v2_0_staged_capacity_2026-08-30-wave1563-nasa-lo2-pdu-microtext.json,,,False,await_human_return,30,https://github.com/VoronDesign/Voron-Trident
voron_trident_350_deck_vtr2,mechanical_cad,visualdiff,gpl_3_0_open_source_candidate,,1,0,0,10,10,10,0,0,0,0,0,0,2,2,0,0,0,0,0,0,derived/quality/v2_0_canonical_future_capacity_2026-08-29-wave1027-current-safe-plus-wave1012-nasa.jsonl;derived/quality/v2_0_staged_capacity_2026-08-30-wave1563-nasa-lo2-pdu-microtext.json,,,False,await_human_return,30,https://github.com/VoronDesign/Voron-Trident
wikimedia_haber_bosch_en,pid,microtext,cc_by_sa_4_0_commons_candidate,,1,0,0,2,2,2,0,0,0,0,0,0,2,2,0,0,0,0,0,0,derived/quality/v2_0_canonical_future_capacity_2026-08-29-wave1027-current-safe-plus-wave1012-nasa.jsonl;derived/quality/v2_0_staged_capacity_2026-08-30-wave1563-nasa-lo2-pdu-microtext.json,,,False,await_human_return,30,https://commons.wikimedia.org/wiki/File%3AHaber-Bosch-En.svg
wikimedia_igcc_diagram,pid,microtext,cc_by_sa_3_0_commons_candidate,,1,0,0,2,2,2,0,0,0,0,0,0,2,2,0,0,0,0,0,0,derived/quality/v2_0_canonical_future_capacity_2026-08-29-wave1027-current-safe-plus-wave1012-nasa.jsonl;derived/quality/v2_0_staged_capacity_2026-08-30-wave1563-nasa-lo2-pdu-microtext.json,,,False,await_human_return,30,https://commons.wikimedia.org/wiki/File%3AIGCC_diagram.svg
fdot_sp_102_100_fy2023,civil_architectural,visualdiff,misc_public_candidate,,4,394,10,538,98,42,56,0,56,0,0,0,26,14,0,0,0,0,0,0,derived/quality/v2_0_canonical_future_capacity_2026-08-29-wave1027-current-safe-plus-wave1012-nasa.jsonl;derived/quality/v2_0_staged_capacity_2026-08-30-wave1563-nasa-lo2-pdu-microtext.json,,,False,rights_review_or_hold,29,https://www.fdot.gov/design/standardplans/current/default.shtm
civil_013_2016_road_and_bridge_standards_table_of_contents,civil_architectural,microtext,rights_uncertain_vdot_permission_required,,0,100,0,14,14,14,0,0,0,0,0,0,14,14,0,0,0,0,0,0,derived/quality/v2_0_canonical_future_capacity_2026-08-29-wave1027-current-safe-plus-wave1012-nasa.jsonl;derived/quality/v2_0_staged_capacity_2026-08-30-wave1563-nasa-lo2-pdu-microtext.json,,,False,rights_review_or_hold,29,https://www.vdot.virginia.gov/doing-business/technical-guidance-and-support/technical-guidance-documents/road-and-bridge-standards/
govuk_transport_storage_pid,pid,microtext,public_govuk_pdf_candidate,,4,12,0,14,14,14,0,0,0,0,0,0,14,14,0,0,0,0,0,0,derived/quality/v2_0_canonical_future_capacity_2026-08-29-wave1027-current-safe-plus-wave1012-nasa.jsonl;derived/quality/v2_0_staged_capacity_2026-08-30-wave1563-nasa-lo2-pdu-microtext.json,,,False,rights_review_or_hold,29,https://www.gov.uk/government/publications/carbon-capture-and-storage-knowledge-sharing-technical-transport
wikimedia_pipeline_cross_connection,pid,microtext,cc_by_sa_4_0_commons_candidate,,1,0,0,1,1,1,0,0,0,0,0,0,1,1,0,0,0,0,0,0,derived/quality/v2_0_canonical_future_capacity_2026-08-29-wave1027-current-safe-plus-wave1012-nasa.jsonl;derived/quality/v2_0_staged_capacity_2026-08-30-wave1563-nasa-lo2-pdu-microtext.json,,,False,await_human_return,28,https://commons.wikimedia.org/wiki/File%3APipeline_cross_connection.svg
fdot_sp_120_002_fy2025,civil_architectural,visualdiff,misc_public_candidate,,2,397,31,403,106,28,78,0,78,0,0,0,32,12,0,0,0,0,0,0,derived/quality/v2_0_canonical_future_capacity_2026-08-29-wave1027-current-safe-plus-wave1012-nasa.jsonl;derived/quality/v2_0_staged_capacity_2026-08-30-wave1563-nasa-lo2-pdu-microtext.json,,,False,rights_review_or_hold,25,https://www.fdot.gov/design/standardplans/current/default.shtm
fdot_sp_110_100_fy2025,civil_architectural,visualdiff,misc_public_candidate,,1,132,9,208,89,40,49,0,49,0,0,0,25,12,0,0,0,0,0,0,derived/quality/v2_0_canonical_future_capacity_2026-08-29-wave1027-current-safe-plus-wave1012-nasa.jsonl;derived/quality/v2_0_staged_capacity_2026-08-30-wave1563-nasa-lo2-pdu-microtext.json,,,False,rights_review_or_hold,25,https://www.fdot.gov/design/standardplans/current/default.shtm
ds_025_verdin_development_board_v1_0_datasheet,unknown,microtext,unknown,,49,5500,1253,30,30,15,15,0,15,0,0,0,30,15,0,0,0,0,0,0,derived/quality/v2_0_canonical_future_capacity_2026-08-29-wave1027-current-safe-plus-wave1012-nasa.jsonl;derived/quality/v2_0_staged_capacity_2026-08-30-wave1563-nasa-lo2-pdu-microtext.json,,,False,rights_review_or_hold,25,
kimray_pid_sample,pid,microtext,unknown,,13,1104,47,354,219,13,206,0,206,0,0,0,49,11,0,0,0,0,0,0,derived/quality/v2_0_canonical_future_capacity_2026-08-29-wave1027-current-safe-plus-wave1012-nasa.jsonl;derived/quality/v2_0_staged_capacity_2026-08-30-wave1563-nasa-lo2-pdu-microtext.json,,,False,rights_review_or_hold,23,
voron_trident_300_deck_vtr1,mechanical_cad,visualdiff,gpl_3_0_open_source_candidate,,1,0,0,15,15,15,0,0,0,0,0,0,6,6,0,0,1,0,1,0,derived/quality/v2_0_canonical_future_capacity_2026-08-29-wave1027-current-safe-plus-wave1012-nasa.jsonl;derived/quality/v2_0_staged_capacity_2026-08-30-wave1563-nasa-lo2-pdu-microtext.json,,,False,await_human_return,23,https://github.com/VoronDesign/Voron-Trident
voron_trident_300_deck_vtr2,mechanical_cad,visualdiff,gpl_3_0_open_source_candidate,,1,0,0,15,15,15,0,0,0,0,0,0,6,6,0,0,1,0,1,0,derived/quality/v2_0_canonical_future_capacity_2026-08-29-wave1027-current-safe-plus-wave1012-nasa.jsonl;derived/quality/v2_0_staged_capacity_2026-08-30-wave1563-nasa-lo2-pdu-microtext.json,,,False,await_human_return,23,https://github.com/VoronDesign/Voron-Trident
olimex_esp32_poe_k,pcb_schematic,visualdiff,apache_2_0_open_hardware_candidate,visualdiff/docs/olimex_esp32_poe/revisions/olimex_esp32_poe_k.pdf,1,1224,301,4,1,1,0,0,0,0,0,0,1,1,0,0,0,0,0,0,derived/quality/v2_0_canonical_future_capacity_2026-08-29-wave1027-current-safe-plus-wave1012-nasa.jsonl;derived/quality/v2_0_staged_capacity_2026-08-30-wave1563-nasa-lo2-pdu-microtext.json,,,False,await_human_return,22,https://github.com/OLIMEX/ESP32-POE.git
fdot_sp_125_001_fy2025,civil_architectural,visualdiff,misc_public_candidate,,2,167,22,358,82,28,54,0,54,0,0,0,30,10,0,0,0,0,0,0,derived/quality/v2_0_canonical_future_capacity_2026-08-29-wave1027-current-safe-plus-wave1012-nasa.jsonl;derived/quality/v2_0_staged_capacity_2026-08-30-wave1563-nasa-lo2-pdu-microtext.json,,,False,rights_review_or_hold,21,https://www.fdot.gov/design/standardplans/current/default.shtm
fdot_sp_110_100_fy2023,civil_architectural,visualdiff,misc_public_candidate,,1,148,9,186,81,32,49,0,49,0,0,0,23,10,0,0,0,0,0,0,derived/quality/v2_0_canonical_future_capacity_2026-08-29-wave1027-current-safe-plus-wave1012-nasa.jsonl;derived/quality/v2_0_staged_capacity_2026-08-30-wave1563-nasa-lo2-pdu-microtext.json,,,False,rights_review_or_hold,21,https://www.fdot.gov/design/standardplans/current/default.shtm
ds_025_layout_design_guide,datasheet_spec,microtext,public_vendor_docs_candidate,,41,2422,68,63,53,12,41,0,41,0,0,0,29,10,0,0,0,0,0,0,derived/quality/v2_0_canonical_future_capacity_2026-08-29-wave1027-current-safe-plus-wave1012-nasa.jsonl;derived/quality/v2_0_staged_capacity_2026-08-30-wave1563-nasa-lo2-pdu-microtext.json,,,False,rights_review_or_hold,21,https://developer.toradex.com/hardware/verdin-som-family/carrier-boards/verdin-development-board/
fdot_sp_160_001_fy2023,civil_architectural,visualdiff,misc_public_candidate,,1,68,6,152,45,14,31,0,31,0,0,0,18,10,0,0,0,0,0,0,derived/quality/v2_0_canonical_future_capacity_2026-08-29-wave1027-current-safe-plus-wave1012-nasa.jsonl;derived/quality/v2_0_staged_capacity_2026-08-30-wave1563-nasa-lo2-pdu-microtext.json,,,False,rights_review_or_hold,21,https://www.fdot.gov/design/standardplans/current/default.shtm
fdot_sp_400_010_fy2023,civil_architectural,visualdiff,misc_public_candidate,,2,372,24,367,115,33,82,0,82,0,0,0,36,9,0,0,0,0,0,0,derived/quality/v2_0_canonical_future_capacity_2026-08-29-wave1027-current-safe-plus-wave1012-nasa.jsonl;derived/quality/v2_0_staged_capacity_2026-08-30-wave1563-nasa-lo2-pdu-microtext.json,,,False,rights_review_or_hold,19,https://www.fdot.gov/design/standardplans/current/default.shtm
ds_025_layout_design_guide,unknown,microtext,unknown,,41,2422,68,63,53,12,41,0,41,0,0,0,29,10,0,0,0,0,0,0,derived/quality/v2_0_canonical_future_capacity_2026-08-29-wave1027-current-safe-plus-wave1012-nasa.jsonl;derived/quality/v2_0_staged_capacity_2026-08-30-wave1563-nasa-lo2-pdu-microtext.json,,,False,rights_review_or_hold,15,
arch_014_standard_window_module_section_a_a_section_b_b_section_c_c_se,unknown,microtext,unknown,,1,0,0,20,20,20,0,0,0,0,0,0,10,10,0,0,0,0,0,0,derived/quality/v2_0_canonical_future_capacity_2026-08-29-wave1027-current-safe-plus-wave1012-nasa.jsonl;derived/quality/v2_0_staged_capacity_2026-08-30-wave1563-nasa-lo2-pdu-microtext.json,,,False,rights_review_or_hold,15,
olimex_esp32_gateway_e,pcb_schematic,visualdiff,apache_2_0_open_hardware_candidate,visualdiff/docs/olimex_esp32_gateway/revisions/olimex_esp32_gateway_e.pdf,1,880,158,28,6,6,0,0,0,0,0,0,5,5,0,0,2,0,2,0,derived/quality/v2_0_canonical_future_capacity_2026-08-29-wave1027-current-safe-plus-wave1012-nasa.jsonl;derived/quality/v2_0_staged_capacity_2026-08-30-wave1563-nasa-lo2-pdu-microtext.json,,,False,await_human_return,15,https://github.com/OLIMEX/ESP32-GATEWAY.git
fdot_sp_330_001_fy2024,civil_architectural,visualdiff,misc_public_candidate,,2,442,21,358,104,20,84,0,84,0,0,0,32,6,0,0,0,0,0,0,derived/quality/v2_0_canonical_future_capacity_2026-08-29-wave1027-current-safe-plus-wave1012-nasa.jsonl;derived/quality/v2_0_staged_capacity_2026-08-30-wave1563-nasa-lo2-pdu-microtext.json,,,False,rights_review_or_hold,13,https://www.fdot.gov/design/standardplans/current/default.shtm
fdot_sp_330_001_fy2025,civil_architectural,visualdiff,misc_public_candidate,,2,442,21,358,104,20,84,0,84,0,0,0,32,6,0,0,0,0,0,0,derived/quality/v2_0_canonical_future_capacity_2026-08-29-wave1027-current-safe-plus-wave1012-nasa.jsonl;derived/quality/v2_0_staged_capacity_2026-08-30-wave1563-nasa-lo2-pdu-microtext.json,,,False,rights_review_or_hold,13,https://www.fdot.gov/design/standardplans/current/default.shtm
sawater_ts112_pid_standard,pid,microtext,restricted_public_utility_pdf_candidate,,27,1726,33,18,15,6,9,0,9,0,0,0,10,6,0,0,0,0,0,0,derived/quality/v2_0_canonical_future_capacity_2026-08-29-wave1027-current-safe-plus-wave1012-nasa.jsonl;derived/quality/v2_0_staged_capacity_2026-08-30-wave1563-nasa-lo2-pdu-microtext.json,,,False,rights_review_or_hold,13,"https://www.sawater.com.au/building,-developing-and-plumbing/developments/engineering-standards/technical-standards"
ds_009_datasheet,unknown,microtext,unknown,microtext/docs/source_intake_2026_07_05n/ds_009_datasheet.pdf,2,259,9,11,11,9,2,0,2,0,0,0,11,9,0,0,0,0,0,0,derived/quality/v2_0_canonical_future_capacity_2026-08-29-wave1027-current-safe-plus-wave1012-nasa.jsonl;derived/quality/v2_0_staged_capacity_2026-08-30-wave1563-nasa-lo2-pdu-microtext.json,,,False,rights_review_or_hold,13,
civil_013_appendix_table_of_contents,civil_architectural,microtext,unknown,,2,18,0,6,6,6,0,0,0,0,0,0,6,6,0,0,0,0,0,0,derived/quality/v2_0_canonical_future_capacity_2026-08-29-wave1027-current-safe-plus-wave1012-nasa.jsonl;derived/quality/v2_0_staged_capacity_2026-08-30-wave1563-nasa-lo2-pdu-microtext.json,,,False,rights_review_or_hold,13,
olimex_esp32_poe_b1,pcb_schematic,visualdiff,apache_2_0_open_hardware_candidate,visualdiff/docs/olimex_esp32_poe/revisions/olimex_esp32_poe_b1.pdf,1,1091,196,12,4,4,0,0,0,0,0,0,4,4,0,0,1,0,1,0,derived/quality/v2_0_canonical_future_capacity_2026-08-29-wave1027-current-safe-plus-wave1012-nasa.jsonl;derived/quality/v2_0_staged_capacity_2026-08-30-wave1563-nasa-lo2-pdu-microtext.json,,,False,await_human_return,13,https://github.com/OLIMEX/ESP32-POE.git
pcb_014_arduino_uno_rev3e_board,pcb_schematic,microtext,cc_by_sa_4_0_arduino_hardware,,2,70,16,131,26,6,20,0,0,20,0,0,13,3,0,0,13,13,0,0,derived/quality/v2_0_canonical_future_capacity_2026-08-29-wave1027-current-safe-plus-wave1012-nasa.jsonl;derived/quality/v2_0_staged_capacity_2026-08-30-wave1563-nasa-lo2-pdu-microtext.json,,,False,await_human_return,11,https://docs.arduino.cc/hardware/uno-rev3/
arch_018_2_15_horizontal_window_section_transom_and_window_framing_det,unknown,microtext,unknown,,1,0,0,8,8,8,0,0,0,0,0,0,8,8,0,0,0,0,0,0,derived/quality/v2_0_canonical_future_capacity_2026-08-29-wave1027-current-safe-plus-wave1012-nasa.jsonl;derived/quality/v2_0_staged_capacity_2026-08-30-wave1563-nasa-lo2-pdu-microtext.json,,,False,rights_review_or_hold,11,
arch_018_3_north_and_west_elevations_typical_window_detail_balcony_doo,unknown,microtext,unknown,,1,0,0,8,8,8,0,0,0,0,0,0,8,8,0,0,0,0,0,0,derived/quality/v2_0_canonical_future_capacity_2026-08-29-wave1027-current-safe-plus-wave1012-nasa.jsonl;derived/quality/v2_0_staged_capacity_2026-08-30-wave1563-nasa-lo2-pdu-microtext.json,,,False,rights_review_or_hold,11,
ds_025_verdin_development_board_errata,datasheet_spec,microtext,public_vendor_docs_candidate,,23,664,47,28,28,4,24,0,24,0,0,0,28,4,0,0,0,0,0,0,derived/quality/v2_0_canonical_future_capacity_2026-08-29-wave1027-current-safe-plus-wave1012-nasa.jsonl;derived/quality/v2_0_staged_capacity_2026-08-30-wave1563-nasa-lo2-pdu-microtext.json,,,False,rights_review_or_hold,9,https://developer.toradex.com/hardware/verdin-som-family/carrier-boards/verdin-development-board/
fdot_sp_330_001_fy2023,civil_architectural,visualdiff,misc_public_candidate,,2,513,20,333,87,9,78,0,78,0,0,0,27,3,0,0,0,0,0,0,derived/quality/v2_0_canonical_future_capacity_2026-08-29-wave1027-current-safe-plus-wave1012-nasa.jsonl;derived/quality/v2_0_staged_capacity_2026-08-30-wave1563-nasa-lo2-pdu-microtext.json,,,False,rights_review_or_hold,7,https://www.fdot.gov/design/standardplans/current/default.shtm
wikimedia_insulin_process,unknown,microtext,commons_license_candidate,,1,0,0,6,6,6,0,0,0,0,0,0,6,6,0,0,0,0,0,0,derived/quality/v2_0_canonical_future_capacity_2026-08-29-wave1027-current-safe-plus-wave1012-nasa.jsonl;derived/quality/v2_0_staged_capacity_2026-08-30-wave1563-nasa-lo2-pdu-microtext.json,,,False,rights_review_or_hold,7,https://commons.wikimedia.org/wiki/File:Aliran_Proses_Untuk_Pembuatan_Insulin.png
arch_019_cistern_and_cookhouse_f_site_plan_cistern_south_and_east_elev,unknown,microtext,unknown,,1,0,0,6,6,6,0,0,0,0,0,0,6,6,0,0,0,0,0,0,derived/quality/v2_0_canonical_future_capacity_2026-08-29-wave1027-current-safe-plus-wave1012-nasa.jsonl;derived/quality/v2_0_staged_capacity_2026-08-30-wave1563-nasa-lo2-pdu-microtext.json,,,False,rights_review_or_hold,7,
arch_013_5_south_part_of_east_elevation_north_part_of_east_elevation_s,unknown,microtext,unknown,,1,0,0,9,9,9,0,0,0,0,0,0,5,5,0,0,0,0,0,0,derived/quality/v2_0_canonical_future_capacity_2026-08-29-wave1027-current-safe-plus-wave1012-nasa.jsonl;derived/quality/v2_0_staged_capacity_2026-08-30-wave1563-nasa-lo2-pdu-microtext.json,,,False,rights_review_or_hold,5,
arch_016_2_reflected_deck_plan_reflected_roof_plan_deck_plan_bridgepor,unknown,microtext,unknown,,1,0,0,6,6,6,0,0,0,0,0,0,5,5,0,0,0,0,0,0,derived/quality/v2_0_canonical_future_capacity_2026-08-29-wave1027-current-safe-plus-wave1012-nasa.jsonl;derived/quality/v2_0_staged_capacity_2026-08-30-wave1563-nasa-lo2-pdu-microtext.json,,,False,rights_review_or_hold,5,
arch_019_floor_plan_elevation_site_plan_and_site_plan_section_wolf_hou,unknown,microtext,unknown,,1,0,0,5,5,5,0,0,0,0,0,0,5,5,0,0,0,0,0,0,derived/quality/v2_0_canonical_future_capacity_2026-08-29-wave1027-current-safe-plus-wave1012-nasa.jsonl;derived/quality/v2_0_staged_capacity_2026-08-30-wave1563-nasa-lo2-pdu-microtext.json,,,False,rights_review_or_hold,5,
sparkfun_micromod_artemis_base,pcb_schematic,visualdiff,cc_by_sa_4_0_open_hardware_candidate,visualdiff/docs/sparkfun_micromod_artemis/revisions/sparkfun_micromod_artemis_base.sch,1,411,151,2,0,0,0,0,0,0,0,0,0,0,0,0,1,0,1,0,derived/quality/v2_0_canonical_future_capacity_2026-08-29-wave1027-current-safe-plus-wave1012-nasa.jsonl;derived/quality/v2_0_staged_capacity_2026-08-30-wave1563-nasa-lo2-pdu-microtext.json,,,False,active_gold_expand_later,5,https://github.com/sparkfun/MicroMod_Artemis_Processor.git
sparkfun_micromod_esp32_v01,pcb_schematic,visualdiff,cc_by_sa_4_0_open_hardware_candidate,visualdiff/docs/sparkfun_micromod_esp32/revisions/sparkfun_micromod_esp32_v01.sch,1,497,172,6,0,0,0,0,0,0,0,0,0,0,0,0,1,0,1,0,derived/quality/v2_0_canonical_future_capacity_2026-08-29-wave1027-current-safe-plus-wave1012-nasa.jsonl;derived/quality/v2_0_staged_capacity_2026-08-30-wave1563-nasa-lo2-pdu-microtext.json,,,False,active_gold_expand_later,5,https://github.com/sparkfun/MicroMod_ESP32_Processor.git
sparkfun_micromod_rp2040_initial,pcb_schematic,visualdiff,cc_by_sa_4_0_open_hardware_candidate,visualdiff/docs/sparkfun_micromod_rp2040/revisions/sparkfun_micromod_rp2040_initial.sch,1,436,168,8,0,0,0,0,0,0,0,0,0,0,0,0,5,0,5,0,derived/quality/v2_0_canonical_future_capacity_2026-08-29-wave1027-current-safe-plus-wave1012-nasa.jsonl;derived/quality/v2_0_staged_capacity_2026-08-30-wave1563-nasa-lo2-pdu-microtext.json,,,False,active_gold_expand_later,5,https://github.com/sparkfun/MicroMod_Processor-RP2040.git
sparkfun_micromod_samd51_usb_host_dp_fix,pcb_schematic,visualdiff,cc_by_sa_4_0_open_hardware_candidate,visualdiff/docs/sparkfun_micromod_samd51/revisions/sparkfun_micromod_samd51_usb_host_dp_fix.sch,1,369,170,9,0,0,0,0,0,0,0,0,0,0,0,0,2,0,2,0,derived/quality/v2_0_canonical_future_capacity_2026-08-29-wave1027-current-safe-plus-wave1012-nasa.jsonl;derived/quality/v2_0_staged_capacity_2026-08-30-wave1563-nasa-lo2-pdu-microtext.json,,,False,active_gold_expand_later,5,https://github.com/sparkfun/MicroMod_Processor_Board-SAMD51.git
arch_013_1_north_inflow_elevation_trunk_elevation_north_berm_side_trun,unknown,microtext,unknown,,1,0,0,5,5,5,0,0,0,0,0,0,4,4,0,0,0,0,0,0,derived/quality/v2_0_canonical_future_capacity_2026-08-29-wave1027-current-safe-plus-wave1012-nasa.jsonl;derived/quality/v2_0_staged_capacity_2026-08-30-wave1563-nasa-lo2-pdu-microtext.json,,,False,rights_review_or_hold,3,
doe_beto_electric_reformer_pid,pid,microtext,public_federal_hosted_proprietary_marked_candidate,,1,4,0,0,0,0,0,0,0,0,0,0,0,0,0,0,0,0,0,0,derived/quality/v2_0_canonical_future_capacity_2026-08-29-wave1027-current-safe-plus-wave1012-nasa.jsonl;derived/quality/v2_0_staged_capacity_2026-08-30-wave1563-nasa-lo2-pdu-microtext.json,,,False,rights_review_or_hold,3,https://www.energy.gov/eere/bioenergy/articles/2023-project-peer-review
prusa_heatbed_mk52_12v_05e,pcb_schematic,reference,reference_only_cc_by_sa_4_candidate,,1,42,7,0,0,0,0,0,0,0,0,0,0,0,0,0,0,0,0,0,derived/quality/v2_0_canonical_future_capacity_2026-08-29-wave1027-current-safe-plus-wave1012-nasa.jsonl;derived/quality/v2_0_staged_capacity_2026-08-30-wave1563-nasa-lo2-pdu-microtext.json,,,False,rights_review_or_hold,3,https://github.com/prusa3d/Heatbed_MK52_magnetic
sparkfun_micromod_teensy_dat23_fix,unknown,visualdiff,unknown,visualdiff/docs/sparkfun_micromod_teensy/revisions/sparkfun_micromod_teensy_dat23_fix.sch,1,708,345,0,0,0,0,0,0,0,0,0,0,0,0,0,0,0,0,0,derived/quality/v2_0_canonical_future_capacity_2026-08-29-wave1027-current-safe-plus-wave1012-nasa.jsonl;derived/quality/v2_0_staged_capacity_2026-08-30-wave1563-nasa-lo2-pdu-microtext.json,,,False,rights_review_or_hold,3,
arch_017_6_details_front_entrance_interior_doors_stair_detail_methodis,civil_architectural,microtext,unknown,,0,0,0,0,0,0,0,0,0,0,0,0,0,0,0,0,0,0,0,0,derived/quality/v2_0_canonical_future_capacity_2026-08-29-wave1027-current-safe-plus-wave1012-nasa.jsonl;derived/quality/v2_0_staged_capacity_2026-08-30-wave1563-nasa-lo2-pdu-microtext.json,,,False,rights_review_or_hold,1,
fdot_151_revision_packages_2024,civil_architectural,reference,unknown,,0,0,0,0,0,0,0,0,0,0,0,0,0,0,0,0,0,0,0,0,derived/quality/v2_0_canonical_future_capacity_2026-08-29-wave1027-current-safe-plus-wave1012-nasa.jsonl;derived/quality/v2_0_staged_capacity_2026-08-30-wave1563-nasa-lo2-pdu-microtext.json,,,False,rights_review_or_hold,1,
gdandt_engineering_design,mechanical_cad,reference,unknown,,0,0,0,0,0,0,0,0,0,0,0,0,0,0,0,0,0,0,0,0,derived/quality/v2_0_canonical_future_capacity_2026-08-29-wave1027-current-safe-plus-wave1012-nasa.jsonl;derived/quality/v2_0_staged_capacity_2026-08-30-wave1563-nasa-lo2-pdu-microtext.json,,,False,rights_review_or_hold,1,
itawamba_addendum_03,civil_architectural,visualdiff,unknown,,0,0,0,0,0,0,0,0,0,0,0,0,0,0,0,0,0,0,0,0,derived/quality/v2_0_canonical_future_capacity_2026-08-29-wave1027-current-safe-plus-wave1012-nasa.jsonl;derived/quality/v2_0_staged_capacity_2026-08-30-wave1563-nasa-lo2-pdu-microtext.json,,,False,rights_review_or_hold,1,
sawater_pid_symbols_chart_4003_00001_01,pid,microtext,restricted_public_utility_pdf_candidate,,1,0,0,0,0,0,0,0,0,0,0,0,0,0,0,0,0,0,0,0,derived/quality/v2_0_canonical_future_capacity_2026-08-29-wave1027-current-safe-plus-wave1012-nasa.jsonl;derived/quality/v2_0_staged_capacity_2026-08-30-wave1563-nasa-lo2-pdu-microtext.json,,,False,rights_review_or_hold,1,"https://www.sawater.com.au/building,-developing-and-plumbing/developments/engineering-standards/technical-standards"
sawater_pid_symbols_chart_4003_00001_02,pid,microtext,restricted_public_utility_pdf_candidate,,1,0,0,0,0,0,0,0,0,0,0,0,0,0,0,0,0,0,0,0,derived/quality/v2_0_canonical_future_capacity_2026-08-29-wave1027-current-safe-plus-wave1012-nasa.jsonl;derived/quality/v2_0_staged_capacity_2026-08-30-wave1563-nasa-lo2-pdu-microtext.json,,,False,rights_review_or_hold,1,"https://www.sawater.com.au/building,-developing-and-plumbing/developments/engineering-standards/technical-standards"
sheet_00001a,civil_architectural,microtext,unknown,,0,0,0,0,0,0,0,0,0,0,0,0,0,0,0,0,0,0,0,0,derived/quality/v2_0_canonical_future_capacity_2026-08-29-wave1027-current-safe-plus-wave1012-nasa.jsonl;derived/quality/v2_0_staged_capacity_2026-08-30-wave1563-nasa-lo2-pdu-microtext.json,,,False,rights_review_or_hold,1,
sheet_00002a,civil_architectural,microtext,unknown,,0,0,0,0,0,0,0,0,0,0,0,0,0,0,0,0,0,0,0,0,derived/quality/v2_0_canonical_future_capacity_2026-08-29-wave1027-current-safe-plus-wave1012-nasa.jsonl;derived/quality/v2_0_staged_capacity_2026-08-30-wave1563-nasa-lo2-pdu-microtext.json,,,False,rights_review_or_hold,1,
sheet_00003a,civil_architectural,microtext,unknown,,0,0,0,0,0,0,0,0,0,0,0,0,0,0,0,0,0,0,0,0,derived/quality/v2_0_canonical_future_capacity_2026-08-29-wave1027-current-safe-plus-wave1012-nasa.jsonl;derived/quality/v2_0_staged_capacity_2026-08-30-wave1563-nasa-lo2-pdu-microtext.json,,,False,rights_review_or_hold,1,
sheet_00004a,civil_architectural,microtext,unknown,,0,0,0,0,0,0,0,0,0,0,0,0,0,0,0,0,0,0,0,0,derived/quality/v2_0_canonical_future_capacity_2026-08-29-wave1027-current-safe-plus-wave1012-nasa.jsonl;derived/quality/v2_0_staged_capacity_2026-08-30-wave1563-nasa-lo2-pdu-microtext.json,,,False,rights_review_or_hold,1,
sheet_00005a,civil_architectural,microtext,unknown,,0,0,0,0,0,0,0,0,0,0,0,0,0,0,0,0,0,0,0,0,derived/quality/v2_0_canonical_future_capacity_2026-08-29-wave1027-current-safe-plus-wave1012-nasa.jsonl;derived/quality/v2_0_staged_capacity_2026-08-30-wave1563-nasa-lo2-pdu-microtext.json,,,False,rights_review_or_hold,1,
wikimedia_pump_with_tank_pid_en_1280px,pid,microtext,unknown,,0,0,0,0,0,0,0,0,0,0,0,0,0,0,0,0,0,0,0,0,derived/quality/v2_0_canonical_future_capacity_2026-08-29-wave1027-current-safe-plus-wave1012-nasa.jsonl;derived/quality/v2_0_staged_capacity_2026-08-30-wave1563-nasa-lo2-pdu-microtext.json,,,False,rights_review_or_hold,1,
wsdot_addendum_guide_appendix5,civil_architectural,reference,unknown,,0,0,0,0,0,0,0,0,0,0,0,0,0,0,0,0,0,0,0,0,derived/quality/v2_0_canonical_future_capacity_2026-08-29-wave1027-current-safe-plus-wave1012-nasa.jsonl;derived/quality/v2_0_staged_capacity_2026-08-30-wave1563-nasa-lo2-pdu-microtext.json,,,False,rights_review_or_hold,1,
wikimedia_absorptionskuehlung_abb2,unknown,microtext,commons_license_candidate,,1,0,0,2,2,2,0,0,0,0,0,0,2,2,0,0,0,0,0,0,derived/quality/v2_0_canonical_future_capacity_2026-08-29-wave1027-current-safe-plus-wave1012-nasa.jsonl;derived/quality/v2_0_staged_capacity_2026-08-30-wave1563-nasa-lo2-pdu-microtext.json,,,False,rights_review_or_hold,-1,https://commons.wikimedia.org/wiki/File:Absorptionskuehlung_Abb_2.jpg
wikimedia_back_mixing_digester,unknown,microtext,commons_license_candidate,,1,0,0,2,2,2,0,0,0,0,0,0,2,2,0,0,0,0,0,0,derived/quality/v2_0_canonical_future_capacity_2026-08-29-wave1027-current-safe-plus-wave1012-nasa.jsonl;derived/quality/v2_0_staged_capacity_2026-08-30-wave1563-nasa-lo2-pdu-microtext.json,,,False,rights_review_or_hold,-1,https://commons.wikimedia.org/wiki/File:Back_Mixing_and_Digester.png
arch_013_west_elevation_north_elevation_details_of_diagonals_at_a_sout,unknown,microtext,unknown,,1,0,0,1,1,1,0,0,0,0,0,0,1,1,0,0,0,0,0,0,derived/quality/v2_0_canonical_future_capacity_2026-08-29-wave1027-current-safe-plus-wave1012-nasa.jsonl;derived/quality/v2_0_staged_capacity_2026-08-30-wave1563-nasa-lo2-pdu-microtext.json,,,False,rights_review_or_hold,-3,
arch_017_stair_detail_coachman_s_gallery_details_column_details_christ,unknown,microtext,unknown,,1,0,0,1,1,1,0,0,0,0,0,0,1,1,0,0,0,0,0,0,derived/quality/v2_0_canonical_future_capacity_2026-08-29-wave1027-current-safe-plus-wave1012-nasa.jsonl;derived/quality/v2_0_staged_capacity_2026-08-30-wave1563-nasa-lo2-pdu-microtext.json,,,False,rights_review_or_hold,-3,
arch_019_2_site_plan_and_enlarged_site_plan_berkeley_state_route_5_vic,unknown,microtext,unknown,,1,0,0,1,1,1,0,0,0,0,0,0,1,1,0,0,0,0,0,0,derived/quality/v2_0_canonical_future_capacity_2026-08-29-wave1027-current-safe-plus-wave1012-nasa.jsonl;derived/quality/v2_0_staged_capacity_2026-08-30-wave1563-nasa-lo2-pdu-microtext.json,,,False,rights_review_or_hold,-3,
ds_025_product_numbering_scheme,unknown,microtext,unknown,,1,0,0,1,1,1,0,0,0,0,0,0,1,1,0,0,0,0,0,0,derived/quality/v2_0_canonical_future_capacity_2026-08-29-wave1027-current-safe-plus-wave1012-nasa.jsonl;derived/quality/v2_0_staged_capacity_2026-08-30-wave1563-nasa-lo2-pdu-microtext.json,,,False,rights_review_or_hold,-3,
arch_012_partial_site_plan_and_upper_level_equipment_building_floor_pl,unknown,microtext,unknown,,1,0,0,0,0,0,0,0,0,0,0,0,0,0,0,0,0,0,0,0,derived/quality/v2_0_canonical_future_capacity_2026-08-29-wave1027-current-safe-plus-wave1012-nasa.jsonl;derived/quality/v2_0_staged_capacity_2026-08-30-wave1563-nasa-lo2-pdu-microtext.json,,,False,rights_review_or_hold,-5,
arch_013_2_lock_tender_s_shelter_south_elevation_north_elevation_east,unknown,microtext,unknown,,0,0,0,0,0,0,0,0,0,0,0,0,0,0,0,0,0,0,0,0,derived/quality/v2_0_canonical_future_capacity_2026-08-29-wave1027-current-safe-plus-wave1012-nasa.jsonl;derived/quality/v2_0_staged_capacity_2026-08-30-wave1563-nasa-lo2-pdu-microtext.json,,,False,rights_review_or_hold,-5,
arch_014_section_at_frame_195_section_at_frame_154_section_at_midship,unknown,microtext,unknown,,0,0,0,0,0,0,0,0,0,0,0,0,0,0,0,0,0,0,0,0,derived/quality/v2_0_canonical_future_capacity_2026-08-29-wave1027-current-safe-plus-wave1012-nasa.jsonl;derived/quality/v2_0_staged_capacity_2026-08-30-wave1563-nasa-lo2-pdu-microtext.json,,,False,rights_review_or_hold,-5,
arch_016_3_roof_plan_and_roof_framing_plan_manatoc_reservation_dining,unknown,microtext,unknown,microtext/docs/source_intake_2026_07_31_loc_unused/arch_016_3_roof_plan_and_roof_framing_plan_manatoc_reservation_dining_.jpg,0,0,0,0,0,0,0,0,0,0,0,0,0,0,0,0,0,0,0,0,derived/quality/v2_0_canonical_future_capacity_2026-08-29-wave1027-current-safe-plus-wave1012-nasa.jsonl;derived/quality/v2_0_staged_capacity_2026-08-30-wave1563-nasa-lo2-pdu-microtext.json,,,False,rights_review_or_hold,-5,
arch_017_12_iron_stair_details_stair_assembly_details_plan_first_fligh,unknown,microtext,unknown,,1,0,0,0,0,0,0,0,0,0,0,0,0,0,0,0,0,0,0,0,derived/quality/v2_0_canonical_future_capacity_2026-08-29-wave1027-current-safe-plus-wave1012-nasa.jsonl;derived/quality/v2_0_staged_capacity_2026-08-30-wave1563-nasa-lo2-pdu-microtext.json,,,False,rights_review_or_hold,-5,
arch_018_1_staircase_plan_staircase_isometric_main_house_window_detail,unknown,microtext,unknown,,1,0,0,0,0,0,0,0,0,0,0,0,0,0,0,0,0,0,0,0,derived/quality/v2_0_canonical_future_capacity_2026-08-29-wave1027-current-safe-plus-wave1012-nasa.jsonl;derived/quality/v2_0_staged_capacity_2026-08-30-wave1563-nasa-lo2-pdu-microtext.json,,,False,rights_review_or_hold,-5,
arch_018_3_east_elevation_west_elevation_cornice_detail_window_detail,unknown,microtext,unknown,,0,0,0,0,0,0,0,0,0,0,0,0,0,0,0,0,0,0,0,0,derived/quality/v2_0_canonical_future_capacity_2026-08-29-wave1027-current-safe-plus-wave1012-nasa.jsonl;derived/quality/v2_0_staged_capacity_2026-08-30-wave1563-nasa-lo2-pdu-microtext.json,,,False,rights_review_or_hold,-5,
arch_019_1_site_plan_in_1870_1890_site_plan_in_1900_1920_site_plan_in,unknown,microtext,unknown,,0,0,0,0,0,0,0,0,0,0,0,0,0,0,0,0,0,0,0,0,derived/quality/v2_0_canonical_future_capacity_2026-08-29-wave1027-current-safe-plus-wave1012-nasa.jsonl;derived/quality/v2_0_staged_capacity_2026-08-30-wave1563-nasa-lo2-pdu-microtext.json,,,False,rights_review_or_hold,-5,
arch_019_2_site_plan_and_1915_schematic_site_plan_oak_level_15107_cour,pcb_schematic,microtext,unknown,,0,0,0,0,0,0,0,0,0,0,0,0,0,0,0,0,0,0,0,0,derived/quality/v2_0_canonical_future_capacity_2026-08-29-wave1027-current-safe-plus-wave1012-nasa.jsonl;derived/quality/v2_0_staged_capacity_2026-08-30-wave1563-nasa-lo2-pdu-microtext.json,,,False,rights_review_or_hold,-5,
commons_imageinfo,unknown,microtext,unknown,microtext/docs/wikimedia_aminwaesche/commons_imageinfo.json,0,0,0,0,0,0,0,0,0,0,0,0,0,0,0,0,0,0,0,0,derived/quality/v2_0_canonical_future_capacity_2026-08-29-wave1027-current-safe-plus-wave1012-nasa.jsonl;derived/quality/v2_0_staged_capacity_2026-08-30-wave1563-nasa-lo2-pdu-microtext.json,,,False,rights_review_or_hold,-5,
csu_drawing_document_admin_ch04,unknown,reference,unknown,,0,0,0,0,0,0,0,0,0,0,0,0,0,0,0,0,0,0,0,0,derived/quality/v2_0_canonical_future_capacity_2026-08-29-wave1027-current-safe-plus-wave1012-nasa.jsonl;derived/quality/v2_0_staged_capacity_2026-08-30-wave1563-nasa-lo2-pdu-microtext.json,,,False,rights_review_or_hold,-5,
nasa_19700023555_citation,unknown,microtext,unknown,microtext/docs/source_intake_2026_08_16_wave192/nasa_19700023555_citation.json,0,0,0,0,0,0,0,0,0,0,0,0,0,0,0,0,0,0,0,0,derived/quality/v2_0_canonical_future_capacity_2026-08-29-wave1027-current-safe-plus-wave1012-nasa.jsonl;derived/quality/v2_0_staged_capacity_2026-08-30-wave1563-nasa-lo2-pdu-microtext.json,,,False,rights_review_or_hold,-5,
nasa_19790025407_citation,unknown,microtext,unknown,microtext/docs/source_intake_2026_08_16_wave191/nasa_19790025407_citation.json,0,0,0,0,0,0,0,0,0,0,0,0,0,0,0,0,0,0,0,0,derived/quality/v2_0_canonical_future_capacity_2026-08-29-wave1027-current-safe-plus-wave1012-nasa.jsonl;derived/quality/v2_0_staged_capacity_2026-08-30-wave1563-nasa-lo2-pdu-microtext.json,,,False,rights_review_or_hold,-5,
nasa_19810016957_citation,unknown,microtext,unknown,microtext/docs/source_intake_2026_08_16_wave190/nasa_19810016957_citation.json,0,0,0,0,0,0,0,0,0,0,0,0,0,0,0,0,0,0,0,0,derived/quality/v2_0_canonical_future_capacity_2026-08-29-wave1027-current-safe-plus-wave1012-nasa.jsonl;derived/quality/v2_0_staged_capacity_2026-08-30-wave1563-nasa-lo2-pdu-microtext.json,,,False,rights_review_or_hold,-5,
nasa_19920001990_citation,unknown,microtext,unknown,microtext/docs/source_intake_2026_08_16_wave189/nasa_19920001990_citation.json,0,0,0,0,0,0,0,0,0,0,0,0,0,0,0,0,0,0,0,0,derived/quality/v2_0_canonical_future_capacity_2026-08-29-wave1027-current-safe-plus-wave1012-nasa.jsonl;derived/quality/v2_0_staged_capacity_2026-08-30-wave1563-nasa-lo2-pdu-microtext.json,,,False,rights_review_or_hold,-5,
nasa_20205010487_citation,unknown,microtext,unknown,microtext/docs/source_intake_2026_08_16_wave192/nasa_20205010487_citation.json,0,0,0,0,0,0,0,0,0,0,0,0,0,0,0,0,0,0,0,0,derived/quality/v2_0_canonical_future_capacity_2026-08-29-wave1027-current-safe-plus-wave1012-nasa.jsonl;derived/quality/v2_0_staged_capacity_2026-08-30-wave1563-nasa-lo2-pdu-microtext.json,,,False,rights_review_or_hold,-5,
nasa_20205010487_ksc_engineering_drawing_practices,unknown,microtext,unknown,microtext/docs/source_intake_2026_08_16_wave192/nasa_20205010487_ksc_engineering_drawing_practices.pdf,0,0,0,0,0,0,0,0,0,0,0,0,0,0,0,0,0,0,0,0,derived/quality/v2_0_canonical_future_capacity_2026-08-29-wave1027-current-safe-plus-wave1012-nasa.jsonl;derived/quality/v2_0_staged_capacity_2026-08-30-wave1563-nasa-lo2-pdu-microtext.json,,,False,rights_review_or_hold,-5,
nasa_20250002801_citation,unknown,microtext,unknown,microtext/docs/source_intake_2026_08_16_wave192/nasa_20250002801_citation.json,0,0,0,0,0,0,0,0,0,0,0,0,0,0,0,0,0,0,0,0,derived/quality/v2_0_canonical_future_capacity_2026-08-29-wave1027-current-safe-plus-wave1012-nasa.jsonl;derived/quality/v2_0_staged_capacity_2026-08-30-wave1563-nasa-lo2-pdu-microtext.json,,,False,rights_review_or_hold,-5,
px4fmuv1_6,unknown,visualdiff,unknown,,0,0,0,0,0,0,0,0,0,0,0,0,0,0,0,0,0,0,0,0,derived/quality/v2_0_canonical_future_capacity_2026-08-29-wave1027-current-safe-plus-wave1012-nasa.jsonl;derived/quality/v2_0_staged_capacity_2026-08-30-wave1563-nasa-lo2-pdu-microtext.json,,,False,rights_review_or_hold,-5,
px4fmuv1_6,unknown,visualdiff,unknown,,0,0,0,0,0,0,0,0,0,0,0,0,0,0,0,0,0,0,0,0,derived/quality/v2_0_canonical_future_capacity_2026-08-29-wave1027-current-safe-plus-wave1012-nasa.jsonl;derived/quality/v2_0_staged_capacity_2026-08-30-wave1563-nasa-lo2-pdu-microtext.json,,,False,rights_review_or_hold,-5,
px4fmuv1_7,unknown,visualdiff,unknown,,0,0,0,0,0,0,0,0,0,0,0,0,0,0,0,0,0,0,0,0,derived/quality/v2_0_canonical_future_capacity_2026-08-29-wave1027-current-safe-plus-wave1012-nasa.jsonl;derived/quality/v2_0_staged_capacity_2026-08-30-wave1563-nasa-lo2-pdu-microtext.json,,,False,rights_review_or_hold,-5,
px4fmuv1_7_1,unknown,visualdiff,unknown,,0,0,0,0,0,0,0,0,0,0,0,0,0,0,0,0,0,0,0,0,derived/quality/v2_0_canonical_future_capacity_2026-08-29-wave1027-current-safe-plus-wave1012-nasa.jsonl;derived/quality/v2_0_staged_capacity_2026-08-30-wave1563-nasa-lo2-pdu-microtext.json,,,False,rights_review_or_hold,-5,
px4fmuv2_3,unknown,visualdiff,unknown,,0,0,0,0,0,0,0,0,0,0,0,0,0,0,0,0,0,0,0,0,derived/quality/v2_0_canonical_future_capacity_2026-08-29-wave1027-current-safe-plus-wave1012-nasa.jsonl;derived/quality/v2_0_staged_capacity_2026-08-30-wave1563-nasa-lo2-pdu-microtext.json,,,False,rights_review_or_hold,-5,
px4fmuv2_3,unknown,visualdiff,unknown,,0,0,0,0,0,0,0,0,0,0,0,0,0,0,0,0,0,0,0,0,derived/quality/v2_0_canonical_future_capacity_2026-08-29-wave1027-current-safe-plus-wave1012-nasa.jsonl;derived/quality/v2_0_staged_capacity_2026-08-30-wave1563-nasa-lo2-pdu-microtext.json,,,False,rights_review_or_hold,-5,
px4fmuv2_4,unknown,visualdiff,unknown,,0,0,0,0,0,0,0,0,0,0,0,0,0,0,0,0,0,0,0,0,derived/quality/v2_0_canonical_future_capacity_2026-08-29-wave1027-current-safe-plus-wave1012-nasa.jsonl;derived/quality/v2_0_staged_capacity_2026-08-30-wave1563-nasa-lo2-pdu-microtext.json,,,False,rights_review_or_hold,-5,
px4fmuv2_4,unknown,visualdiff,unknown,,0,0,0,0,0,0,0,0,0,0,0,0,0,0,0,0,0,0,0,0,derived/quality/v2_0_canonical_future_capacity_2026-08-29-wave1027-current-safe-plus-wave1012-nasa.jsonl;derived/quality/v2_0_staged_capacity_2026-08-30-wave1563-nasa-lo2-pdu-microtext.json,,,False,rights_review_or_hold,-5,
px4fmuv2_4_3,unknown,visualdiff,unknown,,0,0,0,0,0,0,0,0,0,0,0,0,0,0,0,0,0,0,0,0,derived/quality/v2_0_canonical_future_capacity_2026-08-29-wave1027-current-safe-plus-wave1012-nasa.jsonl;derived/quality/v2_0_staged_capacity_2026-08-30-wave1563-nasa-lo2-pdu-microtext.json,,,False,rights_review_or_hold,-5,
px4fmuv2_4_5,unknown,visualdiff,unknown,,0,0,0,0,0,0,0,0,0,0,0,0,0,0,0,0,0,0,0,0,derived/quality/v2_0_canonical_future_capacity_2026-08-29-wave1027-current-safe-plus-wave1012-nasa.jsonl;derived/quality/v2_0_staged_capacity_2026-08-30-wave1563-nasa-lo2-pdu-microtext.json,,,False,rights_review_or_hold,-5,
px4fmuv2_4_5,unknown,visualdiff,unknown,,0,0,0,0,0,0,0,0,0,0,0,0,0,0,0,0,0,0,0,0,derived/quality/v2_0_canonical_future_capacity_2026-08-29-wave1027-current-safe-plus-wave1012-nasa.jsonl;derived/quality/v2_0_staged_capacity_2026-08-30-wave1563-nasa-lo2-pdu-microtext.json,,,False,rights_review_or_hold,-5,
px4fmuv2_4_6,unknown,visualdiff,unknown,,0,0,0,0,0,0,0,0,0,0,0,0,0,0,0,0,0,0,0,0,derived/quality/v2_0_canonical_future_capacity_2026-08-29-wave1027-current-safe-plus-wave1012-nasa.jsonl;derived/quality/v2_0_staged_capacity_2026-08-30-wave1563-nasa-lo2-pdu-microtext.json,,,False,rights_review_or_hold,-5,
sam_amb_2024_07,unknown,visualdiff,unknown,,0,0,0,0,0,0,0,0,0,0,0,0,0,0,0,0,0,0,0,0,derived/quality/v2_0_canonical_future_capacity_2026-08-29-wave1027-current-safe-plus-wave1012-nasa.jsonl;derived/quality/v2_0_staged_capacity_2026-08-30-wave1563-nasa-lo2-pdu-microtext.json,,,False,rights_review_or_hold,-5,
sheet_00001a,unknown,microtext,unknown,,0,0,0,0,0,0,0,0,0,0,0,0,0,0,0,0,0,0,0,0,derived/quality/v2_0_canonical_future_capacity_2026-08-29-wave1027-current-safe-plus-wave1012-nasa.jsonl;derived/quality/v2_0_staged_capacity_2026-08-30-wave1563-nasa-lo2-pdu-microtext.json,,,False,rights_review_or_hold,-5,
sheet_00001a,unknown,microtext,unknown,,0,0,0,0,0,0,0,0,0,0,0,0,0,0,0,0,0,0,0,0,derived/quality/v2_0_canonical_future_capacity_2026-08-29-wave1027-current-safe-plus-wave1012-nasa.jsonl;derived/quality/v2_0_staged_capacity_2026-08-30-wave1563-nasa-lo2-pdu-microtext.json,,,False,rights_review_or_hold,-5,
sheet_00002a,unknown,microtext,unknown,,0,0,0,0,0,0,0,0,0,0,0,0,0,0,0,0,0,0,0,0,derived/quality/v2_0_canonical_future_capacity_2026-08-29-wave1027-current-safe-plus-wave1012-nasa.jsonl;derived/quality/v2_0_staged_capacity_2026-08-30-wave1563-nasa-lo2-pdu-microtext.json,,,False,rights_review_or_hold,-5,
sheet_00003a,unknown,microtext,unknown,,0,0,0,0,0,0,0,0,0,0,0,0,0,0,0,0,0,0,0,0,derived/quality/v2_0_canonical_future_capacity_2026-08-29-wave1027-current-safe-plus-wave1012-nasa.jsonl;derived/quality/v2_0_staged_capacity_2026-08-30-wave1563-nasa-lo2-pdu-microtext.json,,,False,rights_review_or_hold,-5,
sheet_00004a,unknown,microtext,unknown,,0,0,0,0,0,0,0,0,0,0,0,0,0,0,0,0,0,0,0,0,derived/quality/v2_0_canonical_future_capacity_2026-08-29-wave1027-current-safe-plus-wave1012-nasa.jsonl;derived/quality/v2_0_staged_capacity_2026-08-30-wave1563-nasa-lo2-pdu-microtext.json,,,False,rights_review_or_hold,-5,
source_bundle,unknown,visualdiff,unknown,,0,0,0,0,0,0,0,0,0,0,0,0,0,0,0,0,0,0,0,0,derived/quality/v2_0_canonical_future_capacity_2026-08-29-wave1027-current-safe-plus-wave1012-nasa.jsonl;derived/quality/v2_0_staged_capacity_2026-08-30-wave1563-nasa-lo2-pdu-microtext.json,,,False,rights_review_or_hold,-5,
source_bundle,unknown,visualdiff,unknown,,0,0,0,0,0,0,0,0,0,0,0,0,0,0,0,0,0,0,0,0,derived/quality/v2_0_canonical_future_capacity_2026-08-29-wave1027-current-safe-plus-wave1012-nasa.jsonl;derived/quality/v2_0_staged_capacity_2026-08-30-wave1563-nasa-lo2-pdu-microtext.json,,,False,rights_review_or_hold,-5,
source_bundle,unknown,visualdiff,unknown,,0,0,0,0,0,0,0,0,0,0,0,0,0,0,0,0,0,0,0,0,derived/quality/v2_0_canonical_future_capacity_2026-08-29-wave1027-current-safe-plus-wave1012-nasa.jsonl;derived/quality/v2_0_staged_capacity_2026-08-30-wave1563-nasa-lo2-pdu-microtext.json,,,False,rights_review_or_hold,-5,
source_bundle,unknown,visualdiff,unknown,,0,0,0,0,0,0,0,0,0,0,0,0,0,0,0,0,0,0,0,0,derived/quality/v2_0_canonical_future_capacity_2026-08-29-wave1027-current-safe-plus-wave1012-nasa.jsonl;derived/quality/v2_0_staged_capacity_2026-08-30-wave1563-nasa-lo2-pdu-microtext.json,,,False,rights_review_or_hold,-5,
ul508a_eaton_control_panel_design_guide,electrical_control,reference,unknown,,0,0,0,0,0,0,0,0,0,0,0,0,0,0,0,0,0,0,0,0,derived/quality/v2_0_canonical_future_capacity_2026-08-29-wave1027-current-safe-plus-wave1012-nasa.jsonl;derived/quality/v2_0_staged_capacity_2026-08-30-wave1563-nasa-lo2-pdu-microtext.json,,,False,rights_review_or_hold,-5,
verdin_development_board_v1_0_3d_pdf_model,unknown,microtext,unknown,,0,0,0,0,0,0,0,0,0,0,0,0,0,0,0,0,0,0,0,0,derived/quality/v2_0_canonical_future_capacity_2026-08-29-wave1027-current-safe-plus-wave1012-nasa.jsonl;derived/quality/v2_0_staged_capacity_2026-08-30-wave1563-nasa-lo2-pdu-microtext.json,,,False,rights_review_or_hold,-5,
digitalmicroscope,unknown,microtext,unknown,microtext/docs/openflexure_microscope_optics/DigitalMicroscope.png,0,0,0,0,0,0,0,0,0,0,0,0,0,0,0,0,0,0,0,0,derived/quality/v2_0_canonical_future_capacity_2026-08-29-wave1027-current-safe-plus-wave1012-nasa.jsonl;derived/quality/v2_0_staged_capacity_2026-08-30-wave1563-nasa-lo2-pdu-microtext.json,,,False,rights_review_or_hold,-5,
magnification,unknown,microtext,unknown,microtext/docs/openflexure_microscope_optics/magnification.png,0,0,0,0,0,0,0,0,0,0,0,0,0,0,0,0,0,0,0,0,derived/quality/v2_0_canonical_future_capacity_2026-08-29-wave1027-current-safe-plus-wave1012-nasa.jsonl;derived/quality/v2_0_staged_capacity_2026-08-30-wave1563-nasa-lo2-pdu-microtext.json,,,False,rights_review_or_hold,-5,
tube_length,unknown,microtext,unknown,microtext/docs/openflexure_microscope_optics/tube_length.png,0,0,0,0,0,0,0,0,0,0,0,0,0,0,0,0,0,0,0,0,derived/quality/v2_0_canonical_future_capacity_2026-08-29-wave1027-current-safe-plus-wave1012-nasa.jsonl;derived/quality/v2_0_staged_capacity_2026-08-30-wave1563-nasa-lo2-pdu-microtext.json,,,False,rights_review_or_hold,-5,
ntrs_20200004325_metadata,unknown,microtext,unknown,microtext/docs/source_intake_2026_08_17_wave212/ntrs_20200004325_metadata.json,0,0,0,0,0,0,0,0,0,0,0,0,0,0,0,0,0,0,0,0,derived/quality/v2_0_canonical_future_capacity_2026-08-29-wave1027-current-safe-plus-wave1012-nasa.jsonl;derived/quality/v2_0_staged_capacity_2026-08-30-wave1563-nasa-lo2-pdu-microtext.json,,,False,rights_review_or_hold,-5,
ntrs_19700032848_metadata,unknown,microtext,unknown,microtext/docs/source_intake_2026_08_17_wave213/ntrs_19700032848_metadata.json,0,0,0,0,0,0,0,0,0,0,0,0,0,0,0,0,0,0,0,0,derived/quality/v2_0_canonical_future_capacity_2026-08-29-wave1027-current-safe-plus-wave1012-nasa.jsonl;derived/quality/v2_0_staged_capacity_2026-08-30-wave1563-nasa-lo2-pdu-microtext.json,,,False,rights_review_or_hold,-5,
ntrs_19990040464_metadata,unknown,microtext,unknown,microtext/docs/source_intake_2026_08_17_wave214/ntrs_19990040464_metadata.json,0,0,0,0,0,0,0,0,0,0,0,0,0,0,0,0,0,0,0,0,derived/quality/v2_0_canonical_future_capacity_2026-08-29-wave1027-current-safe-plus-wave1012-nasa.jsonl;derived/quality/v2_0_staged_capacity_2026-08-30-wave1563-nasa-lo2-pdu-microtext.json,,,False,rights_review_or_hold,-5,
ntrs_metadata,unknown,microtext,unknown,microtext/docs/source_intake_2026_08_21_wave335_nasa_airlock/NTRS_METADATA.json,0,0,0,0,0,0,0,0,0,0,0,0,0,0,0,0,0,0,0,0,derived/quality/v2_0_canonical_future_capacity_2026-08-29-wave1027-current-safe-plus-wave1012-nasa.jsonl;derived/quality/v2_0_staged_capacity_2026-08-30-wave1563-nasa-lo2-pdu-microtext.json,,,False,rights_review_or_hold,-5,
ntrs_20170005169_metadata,unknown,microtext,unknown,microtext/docs/source_intake_2026_08_22_wave556_nasa_gox/ntrs_20170005169_metadata.json,0,0,0,0,0,0,0,0,0,0,0,0,0,0,0,0,0,0,0,0,derived/quality/v2_0_canonical_future_capacity_2026-08-29-wave1027-current-safe-plus-wave1012-nasa.jsonl;derived/quality/v2_0_staged_capacity_2026-08-30-wave1563-nasa-lo2-pdu-microtext.json,,,False,rights_review_or_hold,-5,
ntrs_19790023606_metadata,unknown,microtext,unknown,microtext/docs/source_intake_2026_08_22_wave666_nasa_buffer/ntrs_19790023606_metadata.json,0,0,0,0,0,0,0,0,0,0,0,0,0,0,0,0,0,0,0,0,derived/quality/v2_0_canonical_future_capacity_2026-08-29-wave1027-current-safe-plus-wave1012-nasa.jsonl;derived/quality/v2_0_staged_capacity_2026-08-30-wave1563-nasa-lo2-pdu-microtext.json,,,False,rights_review_or_hold,-5,
ntrs_19920009198_metadata,unknown,microtext,unknown,microtext/docs/source_intake_2026_08_22_wave666_nasa_buffer/ntrs_19920009198_metadata.json,0,0,0,0,0,0,0,0,0,0,0,0,0,0,0,0,0,0,0,0,derived/quality/v2_0_canonical_future_capacity_2026-08-29-wave1027-current-safe-plus-wave1012-nasa.jsonl;derived/quality/v2_0_staged_capacity_2026-08-30-wave1563-nasa-lo2-pdu-microtext.json,,,False,rights_review_or_hold,-5,
ntrs_20190025926_metadata,unknown,microtext,unknown,microtext/docs/source_intake_2026_08_22_wave666_nasa_buffer/ntrs_20190025926_metadata.json,0,0,0,0,0,0,0,0,0,0,0,0,0,0,0,0,0,0,0,0,derived/quality/v2_0_canonical_future_capacity_2026-08-29-wave1027-current-safe-plus-wave1012-nasa.jsonl;derived/quality/v2_0_staged_capacity_2026-08-30-wave1563-nasa-lo2-pdu-microtext.json,,,False,rights_review_or_hold,-5,
ntrs_19750024187_metadata,unknown,microtext,unknown,microtext/docs/source_intake_2026_08_22_wave673_nasa_tulip/ntrs_19750024187_metadata.json,0,0,0,0,0,0,0,0,0,0,0,0,0,0,0,0,0,0,0,0,derived/quality/v2_0_canonical_future_capacity_2026-08-29-wave1027-current-safe-plus-wave1012-nasa.jsonl;derived/quality/v2_0_staged_capacity_2026-08-30-wave1563-nasa-lo2-pdu-microtext.json,,,False,rights_review_or_hold,-5,
ntrs_19700027359_metadata,unknown,microtext,unknown,microtext/docs/source_intake_2026_08_22_wave684_nasa_pipeline/ntrs_19700027359_metadata.json,0,0,0,0,0,0,0,0,0,0,0,0,0,0,0,0,0,0,0,0,derived/quality/v2_0_canonical_future_capacity_2026-08-29-wave1027-current-safe-plus-wave1012-nasa.jsonl;derived/quality/v2_0_staged_capacity_2026-08-30-wave1563-nasa-lo2-pdu-microtext.json,,,False,rights_review_or_hold,-5,
ntrs_19970001582_metadata,unknown,microtext,unknown,microtext/docs/source_intake_2026_08_22_wave684_nasa_pipeline/ntrs_19970001582_metadata.json,0,0,0,0,0,0,0,0,0,0,0,0,0,0,0,0,0,0,0,0,derived/quality/v2_0_canonical_future_capacity_2026-08-29-wave1027-current-safe-plus-wave1012-nasa.jsonl;derived/quality/v2_0_staged_capacity_2026-08-30-wave1563-nasa-lo2-pdu-microtext.json,,,False,rights_review_or_hold,-5,
ntrs_19740020825_metadata,unknown,microtext,unknown,microtext/docs/source_intake_2026_08_29_wave1012_nasa_engineering_diagrams/ntrs_19740020825_metadata.json,0,0,0,0,0,0,0,0,0,0,0,0,0,0,0,0,0,0,0,0,derived/quality/v2_0_canonical_future_capacity_2026-08-29-wave1027-current-safe-plus-wave1012-nasa.jsonl;derived/quality/v2_0_staged_capacity_2026-08-30-wave1563-nasa-lo2-pdu-microtext.json,,,False,rights_review_or_hold,-5,
ntrs_20110004377_metadata,unknown,microtext,unknown,microtext/docs/source_intake_2026_08_29_wave1012_nasa_engineering_diagrams/ntrs_20110004377_metadata.json,0,0,0,0,0,0,0,0,0,0,0,0,0,0,0,0,0,0,0,0,derived/quality/v2_0_canonical_future_capacity_2026-08-29-wave1027-current-safe-plus-wave1012-nasa.jsonl;derived/quality/v2_0_staged_capacity_2026-08-30-wave1563-nasa-lo2-pdu-microtext.json,,,False,rights_review_or_hold,-5,
ntrs_20205004337_metadata,unknown,microtext,unknown,microtext/docs/source_intake_2026_08_29_wave1012_nasa_engineering_diagrams/ntrs_20205004337_metadata.json,0,0,0,0,0,0,0,0,0,0,0,0,0,0,0,0,0,0,0,0,derived/quality/v2_0_canonical_future_capacity_2026-08-29-wave1027-current-safe-plus-wave1012-nasa.jsonl;derived/quality/v2_0_staged_capacity_2026-08-30-wave1563-nasa-lo2-pdu-microtext.json,,,False,rights_review_or_hold,-5,
ntrs_19660020041_metadata,unknown,microtext,unknown,microtext/docs/source_intake_2026_08_30_wave1039_official_nasa_engineering/ntrs_19660020041_metadata.json,0,0,0,0,0,0,0,0,0,0,0,0,0,0,0,0,0,0,0,0,derived/quality/v2_0_canonical_future_capacity_2026-08-29-wave1027-current-safe-plus-wave1012-nasa.jsonl;derived/quality/v2_0_staged_capacity_2026-08-30-wave1563-nasa-lo2-pdu-microtext.json,,,False,rights_review_or_hold,-5,
ntrs_19820008614_metadata,unknown,microtext,unknown,microtext/docs/source_intake_2026_08_30_wave1039_official_nasa_engineering/ntrs_19820008614_metadata.json,0,0,0,0,0,0,0,0,0,0,0,0,0,0,0,0,0,0,0,0,derived/quality/v2_0_canonical_future_capacity_2026-08-29-wave1027-current-safe-plus-wave1012-nasa.jsonl;derived/quality/v2_0_staged_capacity_2026-08-30-wave1563-nasa-lo2-pdu-microtext.json,,,False,rights_review_or_hold,-5,
ntrs_20060005220_metadata,unknown,microtext,unknown,microtext/docs/source_intake_2026_08_30_wave1039_official_nasa_engineering/ntrs_20060005220_metadata.json,0,0,0,0,0,0,0,0,0,0,0,0,0,0,0,0,0,0,0,0,derived/quality/v2_0_canonical_future_capacity_2026-08-29-wave1027-current-safe-plus-wave1012-nasa.jsonl;derived/quality/v2_0_staged_capacity_2026-08-30-wave1563-nasa-lo2-pdu-microtext.json,,,False,rights_review_or_hold,-5,
ntrs_20150000199_metadata,unknown,microtext,unknown,microtext/docs/source_intake_2026_08_30_wave1039_official_nasa_engineering/ntrs_20150000199_metadata.json,0,0,0,0,0,0,0,0,0,0,0,0,0,0,0,0,0,0,0,0,derived/quality/v2_0_canonical_future_capacity_2026-08-29-wave1027-current-safe-plus-wave1012-nasa.jsonl;derived/quality/v2_0_staged_capacity_2026-08-30-wave1563-nasa-lo2-pdu-microtext.json,,,False,rights_review_or_hold,-5,
ntrs_20160000965_metadata,unknown,microtext,unknown,microtext/docs/source_intake_2026_08_30_wave1039_official_nasa_engineering/ntrs_20160000965_metadata.json,0,0,0,0,0,0,0,0,0,0,0,0,0,0,0,0,0,0,0,0,derived/quality/v2_0_canonical_future_capacity_2026-08-29-wave1027-current-safe-plus-wave1012-nasa.jsonl;derived/quality/v2_0_staged_capacity_2026-08-30-wave1563-nasa-lo2-pdu-microtext.json,,,False,rights_review_or_hold,-5,
ntrs_20220002202_metadata,unknown,microtext,unknown,microtext/docs/source_intake_2026_08_30_wave1039_official_nasa_engineering/ntrs_20220002202_metadata.json,0,0,0,0,0,0,0,0,0,0,0,0,0,0,0,0,0,0,0,0,derived/quality/v2_0_canonical_future_capacity_2026-08-29-wave1027-current-safe-plus-wave1012-nasa.jsonl;derived/quality/v2_0_staged_capacity_2026-08-30-wave1563-nasa-lo2-pdu-microtext.json,,,False,rights_review_or_hold,-5,
pixhawk_fmuv2_4_3_eagle,pcb_schematic,visualdiff,cc_by_sa_3_0_open_hardware_candidate,visualdiff/docs/pixhawk_fmuv2_revisions/Hardware-master/FMUv2/PX4FMUv2.4.3.sch,12,2337,940,12658,8419,238,8181,8144,0,37,0,0,2520,181,2334,0,6,5,1,964,derived/quality/v2_0_canonical_future_capacity_2026-08-29-wave1027-current-safe-plus-wave1012-nasa.jsonl;derived/quality/v2_0_staged_capacity_2026-08-30-wave1563-nasa-lo2-pdu-microtext.json,,,False,staged_future_review_capacity,-50,https://github.com/pixhawk/Hardware
arduino_portenta_machine_control_schematics,pcb_schematic,microtext,cc_by_sa_4_0_arduino_hardware,,20,10761,2135,13280,8010,37,7973,7946,0,27,0,0,3104,14,3084,0,8,8,0,2063,derived/quality/v2_0_canonical_future_capacity_2026-08-29-wave1027-current-safe-plus-wave1012-nasa.jsonl;derived/quality/v2_0_staged_capacity_2026-08-30-wave1563-nasa-lo2-pdu-microtext.json,machine_exhausted_after_reviewed_pass,derived/quality/unstaged_review_capacity_2026-08-22-wave739-fallback-novelty.json,False,staged_future_review_capacity,-50,https://docs.arduino.cc/hardware/portenta-machine-control/
pixhawk_fmuv2_4_5_eagle,pcb_schematic,visualdiff,cc_by_sa_3_0_open_hardware_candidate,,12,2338,941,12162,7962,96,7866,7827,0,39,0,0,2290,33,2252,0,8,5,3,743,derived/quality/v2_0_canonical_future_capacity_2026-08-29-wave1027-current-safe-plus-wave1012-nasa.jsonl;derived/quality/v2_0_staged_capacity_2026-08-30-wave1563-nasa-lo2-pdu-microtext.json,,,False,staged_future_review_capacity,-50,https://github.com/pixhawk/Hardware
pixhawk_fmuv2_4_6_eagle,pcb_schematic,visualdiff,cc_by_sa_3_0_open_hardware_candidate,,12,2332,938,11865,7797,89,7708,7680,0,28,0,0,2301,58,2239,0,50,48,2,793,derived/quality/v2_0_canonical_future_capacity_2026-08-29-wave1027-current-safe-plus-wave1012-nasa.jsonl;derived/quality/v2_0_staged_capacity_2026-08-30-wave1563-nasa-lo2-pdu-microtext.json,,,False,staged_future_review_capacity,-50,https://github.com/pixhawk/Hardware
jetson_orin_baseboard,pcb_schematic,microtext,apache_2_0_open_hardware_candidate,,10,8133,2565,7953,4792,408,4384,4363,0,21,0,0,1939,376,1557,0,121,121,0,1162,derived/quality/v2_0_canonical_future_capacity_2026-08-29-wave1027-current-safe-plus-wave1012-nasa.jsonl;derived/quality/v2_0_staged_capacity_2026-08-30-wave1563-nasa-lo2-pdu-microtext.json,machine_exhausted_after_reviewed_pass,derived/quality/unstaged_review_capacity_2026-08-22-wave739-fallback-novelty.json,False,staged_future_review_capacity,-50,https://github.com/antmicro/jetson-orin-baseboard
nasa_20200004338_plasma_reactor_pid_specs,pid,microtext,government_public_use_permitted_nasa_candidate,microtext/docs/source_intake_2026_08_17_wave200/nasa_20200004338_plasma_reactor_pid_specs.pdf,13,2257,284,5657,3298,365,2933,2933,0,0,0,0,3007,123,2884,0,0,0,0,541,derived/quality/v2_0_canonical_future_capacity_2026-08-29-wave1027-current-safe-plus-wave1012-nasa.jsonl;derived/quality/v2_0_staged_capacity_2026-08-30-wave1563-nasa-lo2-pdu-microtext.json,machine_exhausted_after_reviewed_pass,derived/quality/v2_0_wave200_promotion_contract.json,False,staged_future_review_capacity,-50,https://ntrs.nasa.gov/citations/20200004338
mechanical_drawing_faunce,mechanical_cad,microtext,public_domain_commons_candidate,microtext/docs/mechanical_drawing_faunce/mechanical_drawing_faunce.pdf,50,41095,368,1617,1156,120,1036,994,0,42,0,0,551,120,425,0,6,6,0,5,derived/quality/v2_0_canonical_future_capacity_2026-08-29-wave1027-current-safe-plus-wave1012-nasa.jsonl;derived/quality/v2_0_staged_capacity_2026-08-30-wave1563-nasa-lo2-pdu-microtext.json,machine_exhausted_no_candidate,derived/quality/v2_0_balance_visual_audit_2026-08-13-wave168.json,False,staged_future_review_capacity,-50,https://commons.wikimedia.org/wiki/File:Mechanical_drawing_(IA_mechanicaldrawin02faun).pdf
mechanical_drawing_cornell,mechanical_cad,microtext,public_domain_commons_candidate,,82,14311,170,3086,986,387,599,599,0,0,161,0,364,234,130,0,152,152,0,138,derived/quality/v2_0_canonical_future_capacity_2026-08-29-wave1027-current-safe-plus-wave1012-nasa.jsonl;derived/quality/v2_0_staged_capacity_2026-08-30-wave1563-nasa-lo2-pdu-microtext.json,machine_exhausted_after_reviewed_pass,derived/quality/v2_0_balance_final_visual_audit_2026-08-14-wave168b.json,False,staged_future_review_capacity,-50,https://commons.wikimedia.org/wiki/File:Mechanical_drawing_%28IA_cu31924004132878%29.pdf
book_of_house_plans_buttrich,civil_architectural,microtext,public_domain_commons_candidate,,33,3632,151,2875,916,443,473,473,0,0,0,0,432,309,123,0,164,164,0,104,derived/quality/v2_0_canonical_future_capacity_2026-08-29-wave1027-current-safe-plus-wave1012-nasa.jsonl;derived/quality/v2_0_staged_capacity_2026-08-30-wave1563-nasa-lo2-pdu-microtext.json,machine_exhausted_no_candidate,derived/quality/v2_0_balance_final_visual_audit_2026-08-14-wave168b.json,False,staged_future_review_capacity,-50,https://commons.wikimedia.org/wiki/File:A_book_of_house_plans%3B_floor_plans_and_cost_data_of_original_designs_of_various_architectural_types%2C_of_which_full_working_drawings_and_specifications_are_available_%28IA_bookofhouseplans00buttrich%29.pdf
nasa_20250000432_cryofill_pid_instrumentation,pid,microtext,government_public_use_permitted_nasa_candidate,microtext/docs/source_intake_2026_08_17_wave197/nasa_20250000432_cryofill_pid_instrumentation.pdf,5,847,99,892,776,132,644,644,0,0,0,0,252,33,219,0,0,0,0,127,derived/quality/v2_0_canonical_future_capacity_2026-08-29-wave1027-current-safe-plus-wave1012-nasa.jsonl;derived/quality/v2_0_staged_capacity_2026-08-30-wave1563-nasa-lo2-pdu-microtext.json,machine_exhausted_after_reviewed_pass,derived/quality/v2_0_wave197_promotion_contract.json,False,staged_future_review_capacity,-50,https://ntrs.nasa.gov/citations/20250000432
doe_hdbk_1016_93_vol1_engineering_symbology,pid,microtext,public_domain_us_federal_candidate,microtext/docs/source_intake_2026_08_05_wave38_doe/doe_hdbk_1016_93_vol1_engineering_symbology.pdf,27,625,55,1164,706,85,621,609,0,12,0,0,179,64,113,0,29,29,0,23,derived/quality/v2_0_canonical_future_capacity_2026-08-29-wave1027-current-safe-plus-wave1012-nasa.jsonl;derived/quality/v2_0_staged_capacity_2026-08-30-wave1563-nasa-lo2-pdu-microtext.json,machine_exhausted_after_reviewed_pass,derived/quality/v2_0_balance_final_visual_audit_2026-08-14-wave168b.json,False,staged_future_review_capacity,-50,https://www.energy.gov/ehss/articles/doe-hdbk-10161-93
nasa_19700032848_brayton_pid_control,pid,microtext,government_public_use_permitted_nasa_candidate,microtext/docs/source_intake_2026_08_17_wave213/nasa_19700032848_brayton_pid_control.pdf,2,110,0,682,682,65,617,617,0,0,0,0,446,13,433,0,0,0,0,354,derived/quality/v2_0_canonical_future_capacity_2026-08-29-wave1027-current-safe-plus-wave1012-nasa.jsonl;derived/quality/v2_0_staged_capacity_2026-08-30-wave1563-nasa-lo2-pdu-microtext.json,machine_exhausted_after_reviewed_pass,derived/quality/v2_0_wave213_brayton_promotion_contract.json,False,staged_future_review_capacity,-50,https://ntrs.nasa.gov/citations/19700032848
pcb_014_pinout_pdf,pcb_schematic,microtext,cc_by_sa_4_0_arduino_hardware,,15,424,115,1072,667,400,267,23,0,244,0,0,212,113,23,0,87,87,0,57,derived/quality/v2_0_canonical_future_capacity_2026-08-29-wave1027-current-safe-plus-wave1012-nasa.jsonl;derived/quality/v2_0_staged_capacity_2026-08-30-wave1563-nasa-lo2-pdu-microtext.json,machine_exhausted_after_reviewed_pass,derived/quality/unstaged_review_capacity_2026-08-22-wave739-fallback-novelty.json,False,staged_future_review_capacity,-50,https://docs.arduino.cc/hardware/uno-rev3/
ds_009_pinout_pdf,datasheet_spec,microtext,cc_by_sa_4_0_verified,microtext/docs/source_intake_2026_07_05n/ds_009_pinout_pdf.pdf,3,416,127,640,640,277,363,345,0,18,0,0,161,40,115,0,6,6,0,118,derived/quality/v2_0_canonical_future_capacity_2026-08-29-wave1027-current-safe-plus-wave1012-nasa.jsonl;derived/quality/v2_0_staged_capacity_2026-08-30-wave1563-nasa-lo2-pdu-microtext.json,machine_exhausted_after_reviewed_pass,derived/quality/v2_0_microtext_balance_conversion_plan_2026-08-16-wave173.json,False,staged_future_review_capacity,-50,https://docs.arduino.cc/hardware/opta
arduino_giga_r1_wifi_schematics,pcb_schematic,microtext,cc_by_sa_4_0_arduino_hardware,,9,6353,1779,1556,582,141,441,438,0,3,0,0,290,131,158,0,131,131,0,717,derived/quality/v2_0_canonical_future_capacity_2026-08-29-wave1027-current-safe-plus-wave1012-nasa.jsonl;derived/quality/v2_0_staged_capacity_2026-08-30-wave1563-nasa-lo2-pdu-microtext.json,machine_exhausted_after_reviewed_pass,derived/quality/unstaged_review_capacity_2026-08-22-wave739-fallback-novelty.json,False,staged_future_review_capacity,-50,https://docs.arduino.cc/hardware/giga-r1-wifi/
ds_009_schematics,pcb_schematic,microtext,cc_by_sa_4_0_verified,microtext/docs/source_intake_2026_07_05n/ds_009_schematics.pdf,3,1742,544,577,577,253,324,306,0,18,0,0,148,40,102,0,6,6,0,413,derived/quality/v2_0_canonical_future_capacity_2026-08-29-wave1027-current-safe-plus-wave1012-nasa.jsonl;derived/quality/v2_0_staged_capacity_2026-08-30-wave1563-nasa-lo2-pdu-microtext.json,machine_exhausted_after_reviewed_pass,derived/quality/unstaged_review_capacity_2026-08-22-wave739-fallback-novelty.json,False,staged_future_review_capacity,-50,https://docs.arduino.cc/hardware/opta
floor_plans_small_cooperative_dairy_plants,civil_architectural,microtext,public_domain_us_federal_candidate,,58,6651,125,2169,488,159,329,329,0,0,100,0,260,131,129,0,102,102,0,171,derived/quality/v2_0_canonical_future_capacity_2026-08-29-wave1027-current-safe-plus-wave1012-nasa.jsonl;derived/quality/v2_0_staged_capacity_2026-08-30-wave1563-nasa-lo2-pdu-microtext.json,machine_exhausted_no_candidate,derived/quality/v2_0_wave170_textlayer_visual_audit.json,False,staged_future_review_capacity,-50,https://commons.wikimedia.org/wiki/File:Floor_plans_for_small_cooperative_dairy_plants_%28IA_CAT31315198%29.pdf
bbb_schematic_revC,pcb_schematic,visualdiff,cc_by_sa_beagleboard_docs_candidate,,15,4689,1582,2327,452,266,186,61,0,125,250,0,407,258,24,0,776,250,526,156,derived/quality/v2_0_canonical_future_capacity_2026-08-29-wave1027-current-safe-plus-wave1012-nasa.jsonl;derived/quality/v2_0_staged_capacity_2026-08-30-wave1563-nasa-lo2-pdu-microtext.json,,,False,staged_future_review_capacity,-50,https://edge-ai.beagleboard.io/docs/latest/boards/beaglebone/black/index.html
arduino_portenta_h7_schematics,pcb_schematic,microtext,cc_by_sa_4_0_arduino_hardware,,11,8767,2313,1659,435,53,382,370,0,12,0,0,235,53,176,0,6,6,0,2422,derived/quality/v2_0_canonical_future_capacity_2026-08-29-wave1027-current-safe-plus-wave1012-nasa.jsonl;derived/quality/v2_0_staged_capacity_2026-08-30-wave1563-nasa-lo2-pdu-microtext.json,machine_exhausted_after_reviewed_pass,derived/quality/unstaged_review_capacity_2026-08-22-wave739-fallback-novelty.json,False,staged_future_review_capacity,-50,https://docs.arduino.cc/hardware/portenta-h7/
bbb_schematic_revC3,pcb_schematic,visualdiff,cc_by_sa_beagleboard_docs_candidate,,15,4832,1529,2311,434,250,184,59,0,125,224,0,395,242,28,0,750,224,526,158,derived/quality/v2_0_canonical_future_capacity_2026-08-29-wave1027-current-safe-plus-wave1012-nasa.jsonl;derived/quality/v2_0_staged_capacity_2026-08-30-wave1563-nasa-lo2-pdu-microtext.json,,,False,staged_future_review_capacity,-50,https://edge-ai.beagleboard.io/docs/latest/boards/beaglebone/black/index.html
arduino_portenta_breakout_schematics,pcb_schematic,microtext,cc_by_sa_4_0_arduino_hardware,,7,5659,1242,1120,399,17,382,361,0,21,0,0,138,14,118,0,13,13,0,682,derived/quality/v2_0_canonical_future_capacity_2026-08-29-wave1027-current-safe-plus-wave1012-nasa.jsonl;derived/quality/v2_0_staged_capacity_2026-08-30-wave1563-nasa-lo2-pdu-microtext.json,machine_exhausted_after_reviewed_pass,derived/quality/unstaged_review_capacity_2026-08-22-wave739-fallback-novelty.json,False,staged_future_review_capacity,-50,https://docs.arduino.cc/hardware/portenta-breakout/
arduino_nicla_vision_schematics,pcb_schematic,microtext,cc_by_sa_4_0_arduino_hardware,,9,4690,1153,1317,363,47,316,306,0,10,0,0,202,47,150,0,6,6,0,1269,derived/quality/v2_0_canonical_future_capacity_2026-08-29-wave1027-current-safe-plus-wave1012-nasa.jsonl;derived/quality/v2_0_staged_capacity_2026-08-30-wave1563-nasa-lo2-pdu-microtext.json,machine_exhausted_after_reviewed_pass,derived/quality/unstaged_review_capacity_2026-08-22-wave739-fallback-novelty.json,False,staged_future_review_capacity,-50,https://docs.arduino.cc/hardware/nicla-vision/
wikimedia_organic_moderated_reactor_experiment_piping_and_instrumentation_diagram,pid,microtext,public_domain_commons_candidate,microtext/docs/wikimedia_organic_moderated_reactor_experiment_piping_and_instrumentation_diagram.jpg,1,0,0,398,343,234,109,109,0,0,0,0,127,76,51,0,0,0,0,76,derived/quality/v2_0_canonical_future_capacity_2026-08-29-wave1027-current-safe-plus-wave1012-nasa.jsonl;derived/quality/v2_0_staged_capacity_2026-08-30-wave1563-nasa-lo2-pdu-microtext.json,machine_exhausted_after_reviewed_pass,derived/quality/v2_0_wave207_omre_capsule_promotion_contract.json,False,staged_future_review_capacity,-50,https://commons.wikimedia.org/wiki/File:Organic_Moderated_Reactor_Experiment_Piping_and_Instrumentation_Diagram.jpg
pcb_014_schematics,pcb_schematic,microtext,cc_by_sa_4_0_arduino_hardware,,4,2,0,334,325,174,151,0,0,151,0,0,71,35,0,0,43,43,0,2,derived/quality/v2_0_canonical_future_capacity_2026-08-29-wave1027-current-safe-plus-wave1012-nasa.jsonl;derived/quality/v2_0_staged_capacity_2026-08-30-wave1563-nasa-lo2-pdu-microtext.json,machine_exhausted_after_reviewed_pass,derived/quality/unstaged_review_capacity_2026-08-22-wave739-fallback-novelty.json,False,staged_future_review_capacity,-50,https://docs.arduino.cc/hardware/uno-rev3/
adafruit_metro_m0_express_2019,pcb_schematic,visualdiff,cc_by_sa_3_0_open_hardware_candidate,visualdiff/docs/adafruit_metro_m0_express/revisions/adafruit_metro_m0_express_2019.sch,1,487,213,285,277,15,262,254,0,8,0,0,139,8,127,0,5,4,1,190,derived/quality/v2_0_canonical_future_capacity_2026-08-29-wave1027-current-safe-plus-wave1012-nasa.jsonl;derived/quality/v2_0_staged_capacity_2026-08-30-wave1563-nasa-lo2-pdu-microtext.json,,,False,staged_future_review_capacity,-50,https://github.com/adafruit/Adafruit-Metro-M0-Express-PCB.git
loc_habs_woodlawn_architecture,civil_architectural,microtext,public_domain_us_federal_candidate,,5,0,0,299,274,169,105,99,0,6,0,0,166,139,25,0,39,39,0,38,derived/quality/v2_0_canonical_future_capacity_2026-08-29-wave1027-current-safe-plus-wave1012-nasa.jsonl;derived/quality/v2_0_staged_capacity_2026-08-30-wave1563-nasa-lo2-pdu-microtext.json,machine_exhausted_after_reviewed_pass,derived/quality/v2_0_wave171_ocr_visual_audit.json,False,staged_future_review_capacity,-50,https://www.loc.gov/pictures/item/va0439/
doe_hdbk_1016_93_vol2_engineering_symbology,mechanical_cad,microtext,public_domain_us_federal_candidate,microtext/docs/source_intake_2026_08_05_wave38_doe/doe_hdbk_1016_93_vol2_engineering_symbology.pdf,25,342,53,504,270,64,206,182,0,24,0,0,158,42,112,0,21,21,0,96,derived/quality/v2_0_canonical_future_capacity_2026-08-29-wave1027-current-safe-plus-wave1012-nasa.jsonl;derived/quality/v2_0_staged_capacity_2026-08-30-wave1563-nasa-lo2-pdu-microtext.json,machine_exhausted_after_reviewed_pass,derived/quality/v2_0_wave170_textlayer_visual_audit.json,False,staged_future_review_capacity,-50,https://www.energy.gov/ehss/articles/doe-hdbk-10162-93
pixhawk_fmuv1_1_7_1_eagle,pcb_schematic,visualdiff,cc_by_sa_3_0_open_hardware_candidate,,3,1009,539,664,261,87,174,174,0,0,0,0,115,55,60,0,51,50,1,404,derived/quality/v2_0_canonical_future_capacity_2026-08-29-wave1027-current-safe-plus-wave1012-nasa.jsonl;derived/quality/v2_0_staged_capacity_2026-08-30-wave1563-nasa-lo2-pdu-microtext.json,,,False,staged_future_review_capacity,-50,https://github.com/pixhawk/Hardware
fhwa_flh_fp24_std610_1_perpendicular_curb_ramp,civil_architectural,microtext,public_domain_us_federal_candidate,visualdiff/sources/source_intake_2026_08_17_wave198_fhwa_curb_ramp/fhwa_flh_fp24_std610_1_perpendicular_curb_ramp.pdf,2,541,7,390,261,3,258,258,0,0,0,0,158,1,157,0,0,0,0,16,derived/quality/v2_0_canonical_future_capacity_2026-08-29-wave1027-current-safe-plus-wave1012-nasa.jsonl;derived/quality/v2_0_staged_capacity_2026-08-30-wave1563-nasa-lo2-pdu-microtext.json,machine_exhausted_after_reviewed_pass,derived/quality/v2_0_wave198_promotion_contract.json,False,staged_future_review_capacity,-50,https://highways.dot.gov/federal-lands/std-drawings
fhwa_flh_fp14_std615_1_perpendicular_curb_ramp,civil_architectural,microtext,public_domain_us_federal_candidate,visualdiff/sources/source_intake_2026_08_17_wave198_fhwa_curb_ramp/fhwa_flh_fp14_std615_1_perpendicular_curb_ramp.pdf,2,316,13,374,243,7,236,236,0,0,0,0,150,3,147,0,0,0,0,18,derived/quality/v2_0_canonical_future_capacity_2026-08-29-wave1027-current-safe-plus-wave1012-nasa.jsonl;derived/quality/v2_0_staged_capacity_2026-08-30-wave1563-nasa-lo2-pdu-microtext.json,machine_exhausted_after_reviewed_pass,derived/quality/v2_0_wave198_promotion_contract.json,False,staged_future_review_capacity,-50,https://highways.dot.gov/federal-lands/std-drawings/fp-14
sparkfun_micromod_artemis_final,pcb_schematic,visualdiff,cc_by_sa_4_0_open_hardware_candidate,visualdiff/docs/sparkfun_micromod_artemis/revisions/sparkfun_micromod_artemis_final.sch,1,424,154,248,240,22,218,212,0,6,0,0,122,13,106,0,14,3,11,125,derived/quality/v2_0_canonical_future_capacity_2026-08-29-wave1027-current-safe-plus-wave1012-nasa.jsonl;derived/quality/v2_0_staged_capacity_2026-08-30-wave1563-nasa-lo2-pdu-microtext.json,,,False,staged_future_review_capacity,-50,https://github.com/sparkfun/MicroMod_Artemis_Processor.git
nasa_19990040464_delta3_pneumatic_pid,pid,microtext,government_public_use_permitted_nasa_candidate,microtext/docs/source_intake_2026_08_17_wave214/nasa_19990040464_delta3_pneumatic_pid.pdf,1,13,0,377,236,27,209,209,0,0,0,0,219,10,209,0,0,0,0,58,derived/quality/v2_0_canonical_future_capacity_2026-08-29-wave1027-current-safe-plus-wave1012-nasa.jsonl;derived/quality/v2_0_staged_capacity_2026-08-30-wave1563-nasa-lo2-pdu-microtext.json,machine_exhausted_after_reviewed_pass,derived/quality/v2_0_wave214_delta3_promotion_contract.json,False,staged_future_review_capacity,-50,https://ntrs.nasa.gov/citations/19990040464
nasa_20210024659_rfc_gas_sensor_pid,pid,microtext,government_public_use_permitted_nasa_candidate,microtext/docs/source_intake_2026_08_17_wave204/nasa_20210024659_regenerative_fuel_cell_fluidics.pdf,2,127,1,547,233,50,183,183,0,0,0,0,183,25,158,0,0,0,0,41,derived/quality/v2_0_canonical_future_capacity_2026-08-29-wave1027-current-safe-plus-wave1012-nasa.jsonl;derived/quality/v2_0_staged_capacity_2026-08-30-wave1563-nasa-lo2-pdu-microtext.json,machine_exhausted_after_reviewed_pass,derived/quality/v2_0_wave204_promotion_contract.json,False,staged_future_review_capacity,-50,https://ntrs.nasa.gov/citations/20210024659
usace_em_1110_2_3105_pump_station_electrical,mechanical,microtext,public_domain_us_federal_candidate,microtext/docs/source_intake_2026_08_17_wave196/usace_em_1110_2_3105_pump_station_electrical.pdf,13,39,0,328,230,0,230,230,0,0,0,0,164,0,164,0,0,0,0,62,derived/quality/v2_0_canonical_future_capacity_2026-08-29-wave1027-current-safe-plus-wave1012-nasa.jsonl;derived/quality/v2_0_staged_capacity_2026-08-30-wave1563-nasa-lo2-pdu-microtext.json,machine_exhausted_after_reviewed_pass,derived/quality/v2_0_wave196_promotion_contract.json,False,staged_future_review_capacity,-50,https://www.publications.usace.army.mil/USACE-Publications/Engineer-Manuals/
sparkfun_micromod_esp32_v11update,pcb_schematic,visualdiff,cc_by_sa_4_0_open_hardware_candidate,visualdiff/docs/sparkfun_micromod_esp32/revisions/sparkfun_micromod_esp32_v11update.sch,1,490,171,236,228,34,194,188,0,6,0,0,115,18,94,0,4,3,1,115,derived/quality/v2_0_canonical_future_capacity_2026-08-29-wave1027-current-safe-plus-wave1012-nasa.jsonl;derived/quality/v2_0_staged_capacity_2026-08-30-wave1563-nasa-lo2-pdu-microtext.json,,,False,staged_future_review_capacity,-50,https://github.com/sparkfun/MicroMod_ESP32_Processor.git
pixhawk_fmuv1_1_7_eagle,pcb_schematic,visualdiff,cc_by_sa_3_0_open_hardware_candidate,,3,1039,549,674,227,38,189,171,0,18,0,0,80,15,59,0,7,6,1,414,derived/quality/v2_0_canonical_future_capacity_2026-08-29-wave1027-current-safe-plus-wave1012-nasa.jsonl;derived/quality/v2_0_staged_capacity_2026-08-30-wave1563-nasa-lo2-pdu-microtext.json,,,False,staged_future_review_capacity,-50,https://github.com/pixhawk/Hardware
olimex_esp32_evb_rev_l,pcb_schematic,visualdiff,apache_2_0_open_hardware_candidate,,1,1963,292,457,225,86,139,133,0,6,0,0,98,55,42,0,13,6,7,176,derived/quality/v2_0_canonical_future_capacity_2026-08-29-wave1027-current-safe-plus-wave1012-nasa.jsonl;derived/quality/v2_0_staged_capacity_2026-08-30-wave1563-nasa-lo2-pdu-microtext.json,,,False,staged_future_review_capacity,-50,https://github.com/OLIMEX/ESP32-EVB
floor_plan_5_bedroom_usda,civil_architectural,microtext,public_domain_us_federal_candidate,,8,441,38,1230,222,100,122,122,0,0,5,0,76,56,20,0,45,45,0,2,derived/quality/v2_0_canonical_future_capacity_2026-08-29-wave1027-current-safe-plus-wave1012-nasa.jsonl;derived/quality/v2_0_staged_capacity_2026-08-30-wave1563-nasa-lo2-pdu-microtext.json,machine_exhausted_no_candidate,derived/quality/v2_0_wave170_textlayer_visual_audit.json,False,staged_future_review_capacity,-50,https://commons.wikimedia.org/wiki/File:Floor_plan_of_a_5-bedroom_house_%28IA_CAT31371083%29.pdf
adafruit_esp32_s3_tft_feather_sch,pcb_schematic,visualdiff,cc_by_sa_open_hardware_candidate,,1,528,224,473,217,90,127,127,0,0,0,0,95,56,39,0,1,1,0,215,derived/quality/v2_0_canonical_future_capacity_2026-08-29-wave1027-current-safe-plus-wave1012-nasa.jsonl;derived/quality/v2_0_staged_capacity_2026-08-30-wave1563-nasa-lo2-pdu-microtext.json,,,False,staged_future_review_capacity,-50,https://github.com/adafruit/Adafruit-ESP32-S3-TFT-Feather-PCB
pcb_014_arduino_uno_rev3e_schematic,pcb_schematic,microtext,cc_by_sa_4_0_arduino_hardware,,3,589,194,355,210,26,184,65,0,119,0,0,100,19,21,0,65,65,0,127,derived/quality/v2_0_canonical_future_capacity_2026-08-29-wave1027-current-safe-plus-wave1012-nasa.jsonl;derived/quality/v2_0_staged_capacity_2026-08-30-wave1563-nasa-lo2-pdu-microtext.json,machine_exhausted_after_reviewed_pass,derived/quality/unstaged_review_capacity_2026-08-22-wave739-fallback-novelty.json,False,staged_future_review_capacity,-50,https://docs.arduino.cc/hardware/uno-rev3/
adafruit_feather_esp32_s3_sch,pcb_schematic,visualdiff,cc_by_sa_open_hardware_candidate,,1,459,206,473,208,88,120,120,0,0,0,0,103,64,39,0,3,3,0,210,derived/quality/v2_0_canonical_future_capacity_2026-08-29-wave1027-current-safe-plus-wave1012-nasa.jsonl;derived/quality/v2_0_staged_capacity_2026-08-30-wave1563-nasa-lo2-pdu-microtext.json,,,False,staged_future_review_capacity,-50,https://github.com/adafruit/Adafruit-Feather-ESP32-S3-PCB
usace_ufgs_pole_details_english,mechanical_cad,microtext,public_domain_us_federal_candidate,microtext/docs/source_intake_2026_08_16_wave182_wbdg_electrical/ufgs_pole_details_english.pdf,47,0,0,218,207,0,207,207,0,0,0,0,109,0,109,0,0,0,0,98,derived/quality/v2_0_canonical_future_capacity_2026-08-29-wave1027-current-safe-plus-wave1012-nasa.jsonl;derived/quality/v2_0_staged_capacity_2026-08-30-wave1563-nasa-lo2-pdu-microtext.json,machine_exhausted_after_reviewed_pass,derived/quality/v2_0_wave182_visual_report.json,False,staged_future_review_capacity,-50,https://legacy.wbdg.org/dod/ufgs/ufgs-forms-graphics-tables
adafruit_feather_nrf52840_sense_rev_c_sch,pcb_schematic,visualdiff,cc_by_sa_open_hardware_candidate,,1,709,335,436,204,100,104,104,0,0,0,0,72,33,39,0,2,1,1,40,derived/quality/v2_0_canonical_future_capacity_2026-08-29-wave1027-current-safe-plus-wave1012-nasa.jsonl;derived/quality/v2_0_staged_capacity_2026-08-30-wave1563-nasa-lo2-pdu-microtext.json,,,False,staged_future_review_capacity,-50,https://github.com/adafruit/Adafruit-Feather-nRF52840-Sense-PCB
adafruit_feather_nrf52840_sense_original_sch,pcb_schematic,visualdiff,cc_by_sa_open_hardware_candidate,,1,704,337,436,204,99,105,99,0,6,0,0,72,32,39,0,6,5,1,35,derived/quality/v2_0_canonical_future_capacity_2026-08-29-wave1027-current-safe-plus-wave1012-nasa.jsonl;derived/quality/v2_0_staged_capacity_2026-08-30-wave1563-nasa-lo2-pdu-microtext.json,,,False,staged_future_review_capacity,-50,https://github.com/adafruit/Adafruit-Feather-nRF52840-Sense-PCB
loc_haer_fort_belvoir_bridge,civil_architectural,microtext,public_domain_us_federal_candidate,,4,0,0,224,203,155,48,48,0,0,0,0,164,147,17,0,73,73,0,1,derived/quality/v2_0_canonical_future_capacity_2026-08-29-wave1027-current-safe-plus-wave1012-nasa.jsonl;derived/quality/v2_0_staged_capacity_2026-08-30-wave1563-nasa-lo2-pdu-microtext.json,machine_exhausted_after_reviewed_pass,derived/quality/v2_0_wave171_ocr_visual_audit.json,False,staged_future_review_capacity,-50,https://www.loc.gov/pictures/item/va2247/
nasa_20150018419_tess_lens_tolerances,datasheet_spec,microtext,government_public_use_permitted_nasa_candidate,microtext/docs/source_intake_2026_08_17_wave203/nasa_20150018419_tess_lens_tolerances.pdf,1,130,48,197,197,13,184,184,0,0,0,0,101,11,90,0,0,0,0,39,derived/quality/v2_0_canonical_future_capacity_2026-08-29-wave1027-current-safe-plus-wave1012-nasa.jsonl;derived/quality/v2_0_staged_capacity_2026-08-30-wave1563-nasa-lo2-pdu-microtext.json,machine_exhausted_after_reviewed_pass,derived/quality/v2_0_wave203_promotion_contract.json,False,staged_future_review_capacity,-50,https://ntrs.nasa.gov/citations/20150018419
nasa_20205006355_chp_air_sparging_pid,pid,microtext,government_public_use_permitted_nasa_candidate,microtext/docs/source_intake_2026_08_17_wave202/nasa_20205006355_chp_air_sparging_pid.pdf,1,136,22,339,196,5,191,191,0,0,0,0,172,5,167,0,0,0,0,16,derived/quality/v2_0_canonical_future_capacity_2026-08-29-wave1027-current-safe-plus-wave1012-nasa.jsonl;derived/quality/v2_0_staged_capacity_2026-08-30-wave1563-nasa-lo2-pdu-microtext.json,machine_exhausted_after_reviewed_pass,derived/quality/v2_0_wave202_promotion_contract.json,False,staged_future_review_capacity,-50,https://ntrs.nasa.gov/citations/20205006355
arch_016_1_statement_of_significance_location_plan_floor_plan_roof_pla,civil_architectural,microtext,public_domain_us_federal_candidate,microtext/docs/source_intake_2026_07_31_loc_master_wave2/arch_016_1_statement_of_significance_location_plan_floor_plan_roof_pla.tif,1,0,0,249,193,107,86,86,0,0,0,0,113,59,54,0,3,3,0,54,derived/quality/v2_0_canonical_future_capacity_2026-08-29-wave1027-current-safe-plus-wave1012-nasa.jsonl;derived/quality/v2_0_staged_capacity_2026-08-30-wave1563-nasa-lo2-pdu-microtext.json,machine_exhausted_after_reviewed_pass,derived/quality/v2_0_wave171_ocr_visual_audit.json,False,staged_future_review_capacity,-50,https://www.loc.gov/pictures/item/la0775.sheet.00001a/
adafruit_feather_m0_express_sch,pcb_schematic,visualdiff,cc_by_sa_open_hardware_candidate,,1,385,153,457,191,94,97,97,0,0,0,0,84,52,32,0,4,4,0,176,derived/quality/v2_0_canonical_future_capacity_2026-08-29-wave1027-current-safe-plus-wave1012-nasa.jsonl;derived/quality/v2_0_staged_capacity_2026-08-30-wave1563-nasa-lo2-pdu-microtext.json,,,False,staged_future_review_capacity,-50,https://github.com/adafruit/Adafruit-Feather-M0-Express-PCB
adafruit_feather_m4_express_sch,pcb_schematic,visualdiff,cc_by_sa_open_hardware_candidate,,1,449,181,513,191,116,75,75,0,0,0,0,90,66,24,0,4,4,0,186,derived/quality/v2_0_canonical_future_capacity_2026-08-29-wave1027-current-safe-plus-wave1012-nasa.jsonl;derived/quality/v2_0_staged_capacity_2026-08-30-wave1563-nasa-lo2-pdu-microtext.json,,,False,staged_future_review_capacity,-50,https://github.com/adafruit/Adafruit-Feather-M4-Express-PCB
wikimedia_verfahren_zur_schwefelsaureherstellung,pid,microtext,cc_by_sa_3_0_commons_candidate,microtext/docs/wikimedia_verfahren_zur_schwefelsaureherstellung.svg,1,47,0,344,190,117,73,66,0,7,0,0,40,31,8,0,5,5,0,29,derived/quality/v2_0_canonical_future_capacity_2026-08-29-wave1027-current-safe-plus-wave1012-nasa.jsonl;derived/quality/v2_0_staged_capacity_2026-08-30-wave1563-nasa-lo2-pdu-microtext.json,machine_exhausted_no_candidate,derived/quality/v2_0_microtext_balance_conversion_plan_2026-08-16-wave170.json,False,staged_future_review_capacity,-50,https://commons.wikimedia.org/wiki/File:Verfahren_zur_Schwefels%C3%A4ureherstellung.svg
adafruit_huzzah32_esp32_feather_sch,pcb_schematic,visualdiff,cc_by_sa_open_hardware_candidate,,1,388,139,485,189,112,77,77,0,0,0,0,89,63,26,0,4,4,0,155,derived/quality/v2_0_canonical_future_capacity_2026-08-29-wave1027-current-safe-plus-wave1012-nasa.jsonl;derived/quality/v2_0_staged_capacity_2026-08-30-wave1563-nasa-lo2-pdu-microtext.json,,,False,staged_future_review_capacity,-50,https://github.com/adafruit/Adafruit-HUZZAH32-ESP32-Feather-PCB
pixhawk_fmuv3_rev_d_schematic_prints,pcb_schematic,microtext,cc_by_sa_3_0_open_hardware_candidate,microtext/docs/pixhawk_hardware/pixhawk_fmuv3_rev_d_schematic_prints.pdf,11,3403,0,186,184,179,5,5,0,0,0,0,183,179,4,0,5,5,0,178,derived/quality/v2_0_canonical_future_capacity_2026-08-29-wave1027-current-safe-plus-wave1012-nasa.jsonl;derived/quality/v2_0_staged_capacity_2026-08-30-wave1563-nasa-lo2-pdu-microtext.json,machine_exhausted_after_reviewed_pass,derived/quality/unstaged_review_capacity_2026-08-22-wave739-fallback-novelty.json,False,staged_future_review_capacity,-50,https://github.com/pixhawk/Hardware
olimex_esp32_evb_rev_j,pcb_schematic,visualdiff,apache_2_0_open_hardware_candidate,,1,1394,291,322,181,44,137,128,0,9,0,0,76,32,42,0,18,5,13,43,derived/quality/v2_0_canonical_future_capacity_2026-08-29-wave1027-current-safe-plus-wave1012-nasa.jsonl;derived/quality/v2_0_staged_capacity_2026-08-30-wave1563-nasa-lo2-pdu-microtext.json,,,False,staged_future_review_capacity,-50,https://github.com/OLIMEX/ESP32-EVB
adafruit_itsybitsy_32u4_3v_2025,pcb_schematic,visualdiff,cc_by_sa_3_0_open_hardware_candidate,visualdiff/docs/adafruit_itsybitsy_32u4_3v/revisions/adafruit_itsybitsy_32u4_3v_2025.sch,1,313,114,186,178,6,172,164,0,8,0,0,89,3,82,0,4,4,0,85,derived/quality/v2_0_canonical_future_capacity_2026-08-29-wave1027-current-safe-plus-wave1012-nasa.jsonl;derived/quality/v2_0_staged_capacity_2026-08-30-wave1563-nasa-lo2-pdu-microtext.json,,,False,staged_future_review_capacity,-50,https://github.com/adafruit/Adafruit-ItsyBitsy-32u4-PCB.git
olimex_esp32_evb_rev_k,pcb_schematic,visualdiff,apache_2_0_open_hardware_candidate,,1,1391,289,321,177,42,135,120,0,15,0,0,77,34,39,0,13,5,8,39,derived/quality/v2_0_canonical_future_capacity_2026-08-29-wave1027-current-safe-plus-wave1012-nasa.jsonl;derived/quality/v2_0_staged_capacity_2026-08-30-wave1563-nasa-lo2-pdu-microtext.json,,,False,staged_future_review_capacity,-50,https://github.com/OLIMEX/ESP32-EVB
olimex_esp32_evb_rev_i,pcb_schematic,visualdiff,apache_2_0_open_hardware_candidate,,1,1301,268,318,173,39,134,125,0,9,0,0,72,30,40,0,17,5,12,41,derived/quality/v2_0_canonical_future_capacity_2026-08-29-wave1027-current-safe-plus-wave1012-nasa.jsonl;derived/quality/v2_0_staged_capacity_2026-08-30-wave1563-nasa-lo2-pdu-microtext.json,,,False,staged_future_review_capacity,-50,https://github.com/OLIMEX/ESP32-EVB
floor_plan_4_bedroom_rural_dwelling,civil_architectural,microtext,public_domain_us_federal_candidate,,5,201,33,760,172,120,52,52,0,0,0,0,47,37,10,0,12,12,0,15,derived/quality/v2_0_canonical_future_capacity_2026-08-29-wave1027-current-safe-plus-wave1012-nasa.jsonl;derived/quality/v2_0_staged_capacity_2026-08-30-wave1563-nasa-lo2-pdu-microtext.json,machine_exhausted_no_candidate,derived/quality/v2_0_wave171_textlayer_visual_audit.json,False,staged_future_review_capacity,-50,https://commons.wikimedia.org/wiki/File:Floor_plan_of_a_4-bedroom_rural_dwelling_%28IA_CAT31371076%29.pdf
wikimedia_synthesis_sio2_de,pid,microtext,cc0_commons_candidate,microtext/docs/wikimedia_synthesis_sio2_de.svg,1,41,0,315,159,67,92,92,0,0,0,0,28,18,10,0,5,5,0,18,derived/quality/v2_0_canonical_future_capacity_2026-08-29-wave1027-current-safe-plus-wave1012-nasa.jsonl;derived/quality/v2_0_staged_capacity_2026-08-30-wave1563-nasa-lo2-pdu-microtext.json,machine_exhausted_no_candidate,derived/quality/v2_0_microtext_balance_conversion_plan_2026-08-16-wave170.json,False,staged_future_review_capacity,-50,https://commons.wikimedia.org/wiki/File:Synthesis_SiO2_de.svg
wikimedia_colloidal_silica_preparations,pid,microtext,public_domain_commons_candidate,microtext/docs/wikimedia_colloidal_silica_preparations.svg,1,29,1,303,155,56,99,99,0,0,0,0,25,15,10,0,5,5,0,9,derived/quality/v2_0_canonical_future_capacity_2026-08-29-wave1027-current-safe-plus-wave1012-nasa.jsonl;derived/quality/v2_0_staged_capacity_2026-08-30-wave1563-nasa-lo2-pdu-microtext.json,machine_exhausted_no_candidate,derived/quality/v2_0_microtext_balance_conversion_plan_2026-08-16-wave170.json,False,staged_future_review_capacity,-50,https://commons.wikimedia.org/wiki/File:Colloidal_silica_preparations.svg
adafruit_feather_esp32_s2_original_sch,pcb_schematic,visualdiff,cc_by_sa_open_hardware_candidate,,1,447,201,373,148,75,73,73,0,0,0,0,63,36,27,0,10,5,5,17,derived/quality/v2_0_canonical_future_capacity_2026-08-29-wave1027-current-safe-plus-wave1012-nasa.jsonl;derived/quality/v2_0_staged_capacity_2026-08-30-wave1563-nasa-lo2-pdu-microtext.json,,,False,staged_future_review_capacity,-50,https://github.com/adafruit/Adafruit-Feather-ESP32-S2-PCB
adafruit_feather_m0_basic_proto_sch,pcb_schematic,visualdiff,cc_by_sa_open_hardware_candidate,,1,346,130,297,143,95,48,48,0,0,0,0,57,41,16,0,3,3,0,32,derived/quality/v2_0_canonical_future_capacity_2026-08-29-wave1027-current-safe-plus-wave1012-nasa.jsonl;derived/quality/v2_0_staged_capacity_2026-08-30-wave1563-nasa-lo2-pdu-microtext.json,,,False,staged_future_review_capacity,-50,https://github.com/adafruit/Adafruit-Feather-M0-Basic-Proto-PCB
wikimedia_polyvinyl_chloride_pvc_production_from_suspension_polymerization,pid,microtext,cc_by_sa_4_0_commons_candidate,,1,30,3,275,142,20,122,112,0,10,0,0,29,9,18,0,5,5,0,11,derived/quality/v2_0_canonical_future_capacity_2026-08-29-wave1027-current-safe-plus-wave1012-nasa.jsonl;derived/quality/v2_0_staged_capacity_2026-08-30-wave1563-nasa-lo2-pdu-microtext.json,machine_exhausted_no_candidate,derived/quality/v2_0_wave170_textlayer_dedup_audit.json,False,staged_future_review_capacity,-50,https://commons.wikimedia.org/wiki/File%3APolyvinyl_chloride_%28PVC%29_production_from_suspension_polymerization.svg
adafruit_feather_m0_express_pinout,pcb_schematic,microtext,cc_by_sa_open_hardware_candidate,,1,246,77,351,138,77,61,61,0,0,0,0,52,31,21,0,4,4,0,48,derived/quality/v2_0_canonical_future_capacity_2026-08-29-wave1027-current-safe-plus-wave1012-nasa.jsonl;derived/quality/v2_0_staged_capacity_2026-08-30-wave1563-nasa-lo2-pdu-microtext.json,machine_exhausted_after_reviewed_pass,derived/quality/unstaged_review_capacity_2026-08-22-wave739-fallback-novelty.json,False,staged_future_review_capacity,-50,https://github.com/adafruit/Adafruit-Feather-M0-Express-PCB
wikimedia_geib_spevack,pid,microtext,cc_by_sa_3_0_commons_candidate,microtext/docs/wikimedia_geib_spevack.svg,1,34,0,312,134,36,98,88,0,10,0,0,23,10,11,0,5,5,0,9,derived/quality/v2_0_canonical_future_capacity_2026-08-29-wave1027-current-safe-plus-wave1012-nasa.jsonl;derived/quality/v2_0_staged_capacity_2026-08-30-wave1563-nasa-lo2-pdu-microtext.json,machine_exhausted_no_candidate,derived/quality/v2_0_microtext_balance_conversion_plan_2026-08-16-wave170.json,False,staged_future_review_capacity,-50,https://commons.wikimedia.org/wiki/File:Geib-Spevack.svg
wikimedia_adsorption_chiller_schematic,pid,microtext,cc_by_sa_4_0_commons_candidate,microtext/docs/wikimedia_adsorption_chiller_schematic.svg,1,42,4,298,132,105,27,27,0,0,0,0,37,28,9,0,5,5,0,19,derived/quality/v2_0_canonical_future_capacity_2026-08-29-wave1027-current-safe-plus-wave1012-nasa.jsonl;derived/quality/v2_0_staged_capacity_2026-08-30-wave1563-nasa-lo2-pdu-microtext.json,machine_exhausted_no_candidate,derived/quality/v2_0_wave170_textlayer_dedup_audit.json,False,staged_future_review_capacity,-50,https://commons.wikimedia.org/wiki/File:Adsorption_chiller_schematic.svg
nasa_19740012209_low_scatter_lens_tolerances,datasheet_spec,microtext,government_public_use_permitted_nasa_candidate,microtext/docs/source_intake_2026_08_17_wave203/nasa_19740012209_low_scatter_lens_tolerances.pdf,1,137,43,130,130,26,104,104,0,0,0,0,80,26,54,0,0,0,0,34,derived/quality/v2_0_canonical_future_capacity_2026-08-29-wave1027-current-safe-plus-wave1012-nasa.jsonl;derived/quality/v2_0_staged_capacity_2026-08-30-wave1563-nasa-lo2-pdu-microtext.json,machine_exhausted_after_reviewed_pass,derived/quality/v2_0_wave203_promotion_contract.json,False,staged_future_review_capacity,-50,https://ntrs.nasa.gov/citations/19740012209
wikimedia_kalkherstellung,pid,microtext,cc_by_sa_3_0_commons_candidate,microtext/docs/wikimedia_kalkherstellung.svg,1,38,11,340,129,1,128,109,0,19,0,0,25,1,19,0,5,5,0,19,derived/quality/v2_0_canonical_future_capacity_2026-08-29-wave1027-current-safe-plus-wave1012-nasa.jsonl;derived/quality/v2_0_staged_capacity_2026-08-30-wave1563-nasa-lo2-pdu-microtext.json,machine_exhausted_no_candidate,derived/quality/v2_0_microtext_balance_conversion_plan_2026-08-16-wave170.json,False,staged_future_review_capacity,-50,https://commons.wikimedia.org/wiki/File:Kalkherstellung.svg
wikimedia_herstellung_zement_beton,pid,microtext,public_domain_commons_candidate,microtext/docs/wikimedia_herstellung_zement_beton.svg,1,19,1,281,128,35,93,93,0,0,0,0,21,9,12,0,5,5,0,5,derived/quality/v2_0_canonical_future_capacity_2026-08-29-wave1027-current-safe-plus-wave1012-nasa.jsonl;derived/quality/v2_0_staged_capacity_2026-08-30-wave1563-nasa-lo2-pdu-microtext.json,machine_exhausted_no_candidate,derived/quality/v2_0_microtext_balance_conversion_plan_2026-08-16-wave170.json,False,staged_future_review_capacity,-50,https://commons.wikimedia.org/wiki/File:Herstellung_Zement_Beton.svg
adafruit_feather_rp2040_pinout,pcb_schematic,microtext,cc_by_sa_open_hardware_candidate,,1,155,61,328,127,88,39,39,0,0,0,0,50,37,13,0,6,6,0,27,derived/quality/v2_0_canonical_future_capacity_2026-08-29-wave1027-current-safe-plus-wave1012-nasa.jsonl;derived/quality/v2_0_staged_capacity_2026-08-30-wave1563-nasa-lo2-pdu-microtext.json,machine_exhausted_after_reviewed_pass,derived/quality/unstaged_review_capacity_2026-08-22-wave739-fallback-novelty.json,False,staged_future_review_capacity,-50,https://github.com/adafruit/Adafruit-Feather-RP2040-PCB
adafruit_feather_esp32_s2_rev_c_sch,pcb_schematic,visualdiff,cc_by_sa_open_hardware_candidate,,1,454,204,287,126,47,79,76,0,3,0,0,53,24,28,0,6,1,5,22,derived/quality/v2_0_canonical_future_capacity_2026-08-29-wave1027-current-safe-plus-wave1012-nasa.jsonl;derived/quality/v2_0_staged_capacity_2026-08-30-wave1563-nasa-lo2-pdu-microtext.json,,,False,staged_future_review_capacity,-50,https://github.com/adafruit/Adafruit-Feather-ESP32-S2-PCB
arch_014_cross_sections_no_1_hold_section_at_fr_24_looking_fwd_no_1_ho,civil_architectural,microtext,public_domain_us_federal_candidate,microtext/docs/source_intake_2026_07_31_loc_master_wave2/arch_014_cross_sections_no_1_hold_section_at_fr_24_looking_fwd_no_1_ho.tif,1,0,0,162,125,41,84,84,0,0,0,0,44,21,23,0,3,3,0,15,derived/quality/v2_0_canonical_future_capacity_2026-08-29-wave1027-current-safe-plus-wave1012-nasa.jsonl;derived/quality/v2_0_staged_capacity_2026-08-30-wave1563-nasa-lo2-pdu-microtext.json,machine_exhausted_after_reviewed_pass,derived/quality/v2_0_wave171_ocr_visual_audit.json,False,staged_future_review_capacity,-50,https://www.loc.gov/pictures/item/ca3460.sheet.00006a/
arch_012_3_second_floor_plan_basement_floor_plan_observation_level_flo,civil_architectural,microtext,public_domain_us_federal_candidate,microtext/docs/source_intake_2026_07_31_loc_unused/arch_012_3_second_floor_plan_basement_floor_plan_observation_level_flo.tif,1,0,0,162,123,71,52,52,0,0,0,0,63,37,26,0,4,4,0,33,derived/quality/v2_0_canonical_future_capacity_2026-08-29-wave1027-current-safe-plus-wave1012-nasa.jsonl;derived/quality/v2_0_staged_capacity_2026-08-30-wave1563-nasa-lo2-pdu-microtext.json,machine_exhausted_after_reviewed_pass,derived/quality/v2_0_wave171_ocr_visual_audit.json,False,staged_future_review_capacity,-50,https://www.loc.gov/pictures/item/ms0361.sheet.00003a/
adafruit_feather_rp2040_original_sch,pcb_schematic,visualdiff,cc_by_sa_open_hardware_candidate,,1,485,250,270,121,56,65,65,0,0,0,0,41,18,23,0,11,6,5,28,derived/quality/v2_0_canonical_future_capacity_2026-08-29-wave1027-current-safe-plus-wave1012-nasa.jsonl;derived/quality/v2_0_staged_capacity_2026-08-30-wave1563-nasa-lo2-pdu-microtext.json,,,False,staged_future_review_capacity,-50,https://github.com/adafruit/Adafruit-Feather-RP2040-PCB
wikimedia_dampfreformierung,pid,microtext,cc0_commons_candidate,microtext/docs/wikimedia_dampfreformierung.svg,1,53,1,279,121,29,92,92,0,0,0,0,18,8,10,0,5,5,0,3,derived/quality/v2_0_canonical_future_capacity_2026-08-29-wave1027-current-safe-plus-wave1012-nasa.jsonl;derived/quality/v2_0_staged_capacity_2026-08-30-wave1563-nasa-lo2-pdu-microtext.json,machine_exhausted_no_candidate,derived/quality/v2_0_wave170_textlayer_dedup_audit.json,False,staged_future_review_capacity,-50,https://commons.wikimedia.org/wiki/File:Dampfreformierung.svg
wikimedia_refinery_flow,pid,microtext,cc_by_sa_3_0_or_gfdl_candidate,,1,138,15,329,121,45,76,65,0,11,0,0,44,23,19,0,11,11,0,53,derived/quality/v2_0_canonical_future_capacity_2026-08-29-wave1027-current-safe-plus-wave1012-nasa.jsonl;derived/quality/v2_0_staged_capacity_2026-08-30-wave1563-nasa-lo2-pdu-microtext.json,machine_exhausted_after_reviewed_pass,derived/quality/v2_0_balance_final_visual_audit_2026-08-14-wave168b.json,False,staged_future_review_capacity,-50,https://commons.wikimedia.org/wiki/File:RefineryFlow.svg
wikimedia_amine_treating,pid,microtext,cc_by_sa_4_0_candidate,,1,43,8,292,118,30,88,88,0,0,0,0,36,14,22,0,5,5,0,26,derived/quality/v2_0_canonical_future_capacity_2026-08-29-wave1027-current-safe-plus-wave1012-nasa.jsonl;derived/quality/v2_0_staged_capacity_2026-08-30-wave1563-nasa-lo2-pdu-microtext.json,machine_exhausted_no_candidate,derived/quality/v2_0_wave170_textlayer_dedup_audit.json,False,staged_future_review_capacity,-50,https://commons.wikimedia.org/wiki/File:AmineTreating.svg
nasa_19660024685_rankine_cycle_test_facility,pid,microtext,government_public_use_permitted_nasa_candidate,source/review/nasa_19660024685_wave808/19660024685.pdf,22,1168,25,118,118,118,0,0,0,0,0,0,114,114,0,0,0,0,0,114,derived/quality/v2_0_canonical_future_capacity_2026-08-29-wave1027-current-safe-plus-wave1012-nasa.jsonl;derived/quality/v2_0_staged_capacity_2026-08-30-wave1563-nasa-lo2-pdu-microtext.json,machine_exhausted_after_reviewed_pass,derived/quality/v2_0_wave820_nasa_nonpin_machine_curation_funnel.json,False,staged_future_review_capacity,-50,https://ntrs.nasa.gov/citations/19660024685
adafruit_feather_esp32_s3_pinout,pcb_schematic,microtext,cc_by_sa_open_hardware_candidate,,1,183,113,417,116,66,50,50,0,0,0,0,58,43,15,0,4,4,0,47,derived/quality/v2_0_canonical_future_capacity_2026-08-29-wave1027-current-safe-plus-wave1012-nasa.jsonl;derived/quality/v2_0_staged_capacity_2026-08-30-wave1563-nasa-lo2-pdu-microtext.json,machine_exhausted_after_reviewed_pass,derived/quality/unstaged_review_capacity_2026-08-22-wave739-fallback-novelty.json,False,staged_future_review_capacity,-50,https://github.com/adafruit/Adafruit-Feather-ESP32-S3-PCB
adafruit_esp32_s2_tft_feather_sch,pcb_schematic,visualdiff,cc_by_sa_open_hardware_candidate,,1,524,223,270,115,36,79,79,0,0,0,0,41,12,29,0,2,2,0,17,derived/quality/v2_0_canonical_future_capacity_2026-08-29-wave1027-current-safe-plus-wave1012-nasa.jsonl;derived/quality/v2_0_staged_capacity_2026-08-30-wave1563-nasa-lo2-pdu-microtext.json,,,False,staged_future_review_capacity,-50,https://github.com/adafruit/Adafruit-ESP32-S2-TFT-Feather-PCB
adafruit_esp32_s3_tft_feather_pinout,pcb_schematic,microtext,cc_by_sa_open_hardware_candidate,,1,200,119,416,115,72,43,43,0,0,0,0,57,44,13,0,4,4,0,46,derived/quality/v2_0_canonical_future_capacity_2026-08-29-wave1027-current-safe-plus-wave1012-nasa.jsonl;derived/quality/v2_0_staged_capacity_2026-08-30-wave1563-nasa-lo2-pdu-microtext.json,machine_exhausted_after_reviewed_pass,derived/quality/unstaged_review_capacity_2026-08-22-wave739-fallback-novelty.json,False,staged_future_review_capacity,-50,https://github.com/adafruit/Adafruit-ESP32-S3-TFT-Feather-PCB
adafruit_huzzah32_esp32_feather_pinout,pcb_schematic,microtext,cc_by_sa_open_hardware_candidate,,1,125,85,421,114,60,54,54,0,0,0,0,60,41,19,0,4,4,0,48,derived/quality/v2_0_canonical_future_capacity_2026-08-29-wave1027-current-safe-plus-wave1012-nasa.jsonl;derived/quality/v2_0_staged_capacity_2026-08-30-wave1563-nasa-lo2-pdu-microtext.json,machine_exhausted_after_reviewed_pass,derived/quality/unstaged_review_capacity_2026-08-22-wave739-fallback-novelty.json,False,staged_future_review_capacity,-50,https://github.com/adafruit/Adafruit-HUZZAH32-ESP32-Feather-PCB
arduino_due_schematics,pcb_schematic,microtext,cc_by_sa_4_0_arduino_hardware,,3,2,0,114,114,11,103,97,0,6,0,0,114,11,97,0,6,6,0,108,derived/quality/v2_0_canonical_future_capacity_2026-08-29-wave1027-current-safe-plus-wave1012-nasa.jsonl;derived/quality/v2_0_staged_capacity_2026-08-30-wave1563-nasa-lo2-pdu-microtext.json,machine_exhausted_after_reviewed_pass,derived/quality/unstaged_review_capacity_2026-08-22-wave739-fallback-novelty.json,False,staged_future_review_capacity,-50,https://docs.arduino.cc/hardware/due/
adafruit_feather_rp2040_rev_b_sch,pcb_schematic,visualdiff,cc_by_sa_open_hardware_candidate,,1,482,250,250,113,48,65,65,0,0,0,0,37,14,23,0,8,3,5,29,derived/quality/v2_0_canonical_future_capacity_2026-08-29-wave1027-current-safe-plus-wave1012-nasa.jsonl;derived/quality/v2_0_staged_capacity_2026-08-30-wave1563-nasa-lo2-pdu-microtext.json,,,False,staged_future_review_capacity,-50,https://github.com/adafruit/Adafruit-Feather-RP2040-PCB
wikimedia_ethylene_oxide_production_plant,pid,microtext,cc_by_sa_3_0_commons_candidate,,1,43,0,226,112,29,83,83,0,0,0,0,31,12,19,0,5,5,0,33,derived/quality/v2_0_canonical_future_capacity_2026-08-29-wave1027-current-safe-plus-wave1012-nasa.jsonl;derived/quality/v2_0_staged_capacity_2026-08-30-wave1563-nasa-lo2-pdu-microtext.json,machine_exhausted_no_candidate,derived/quality/v2_0_microtext_balance_conversion_plan_2026-08-16-wave170.json,False,staged_future_review_capacity,-50,https://commons.wikimedia.org/wiki/File%3AEthylene_oxide_production_plant.svg
wikimedia_biodieselblockdiagramm,pid,microtext,cc0_commons_candidate,microtext/docs/wikimedia_biodieselblockdiagramm.svg,1,29,0,175,105,105,0,0,0,0,0,0,21,21,0,0,5,5,0,14,derived/quality/v2_0_canonical_future_capacity_2026-08-29-wave1027-current-safe-plus-wave1012-nasa.jsonl;derived/quality/v2_0_staged_capacity_2026-08-30-wave1563-nasa-lo2-pdu-microtext.json,machine_exhausted_no_candidate,derived/quality/v2_0_microtext_balance_conversion_plan_2026-08-16-wave170.json,False,staged_future_review_capacity,-50,https://commons.wikimedia.org/wiki/File:BiodieselBlockdiagramm.svg
wikimedia_nat_gas_processing,pid,microtext,cc_by_sa_3_0_or_gfdl_candidate,,1,57,9,306,105,40,65,65,0,0,0,0,37,16,21,0,5,5,0,28,derived/quality/v2_0_canonical_future_capacity_2026-08-29-wave1027-current-safe-plus-wave1012-nasa.jsonl;derived/quality/v2_0_staged_capacity_2026-08-30-wave1563-nasa-lo2-pdu-microtext.json,machine_exhausted_no_candidate,derived/quality/v2_0_wave170_textlayer_dedup_audit.json,False,staged_future_review_capacity,-50,https://commons.wikimedia.org/wiki/File:NatGasProcessing.svg
adafruit_feather_m4_express_pinout,pcb_schematic,microtext,cc_by_sa_open_hardware_candidate,,1,220,60,405,104,72,32,32,0,0,0,0,51,39,12,0,4,4,0,40,derived/quality/v2_0_canonical_future_capacity_2026-08-29-wave1027-current-safe-plus-wave1012-nasa.jsonl;derived/quality/v2_0_staged_capacity_2026-08-30-wave1563-nasa-lo2-pdu-microtext.json,machine_exhausted_after_reviewed_pass,derived/quality/unstaged_review_capacity_2026-08-22-wave739-fallback-novelty.json,False,staged_future_review_capacity,-50,https://github.com/adafruit/Adafruit-Feather-M4-Express-PCB
adafruit_feather_nrf52840_sense_pinout,pcb_schematic,microtext,cc_by_sa_open_hardware_candidate,,1,164,85,258,100,20,80,74,0,6,0,0,36,9,26,0,6,6,0,8,derived/quality/v2_0_canonical_future_capacity_2026-08-29-wave1027-current-safe-plus-wave1012-nasa.jsonl;derived/quality/v2_0_staged_capacity_2026-08-30-wave1563-nasa-lo2-pdu-microtext.json,machine_exhausted_after_reviewed_pass,derived/quality/unstaged_review_capacity_2026-08-22-wave739-fallback-novelty.json,False,staged_future_review_capacity,-50,https://github.com/adafruit/Adafruit-Feather-nRF52840-Sense-PCB
wikimedia_dungerherstellung,pid,microtext,cc_by_sa_3_0_commons_candidate,microtext/docs/wikimedia_dungerherstellung.svg,1,53,0,352,98,10,88,78,0,10,0,0,22,10,10,0,5,5,0,11,derived/quality/v2_0_canonical_future_capacity_2026-08-29-wave1027-current-safe-plus-wave1012-nasa.jsonl;derived/quality/v2_0_staged_capacity_2026-08-30-wave1563-nasa-lo2-pdu-microtext.json,machine_exhausted_no_candidate,derived/quality/v2_0_microtext_balance_conversion_plan_2026-08-16-wave170.json,False,staged_future_review_capacity,-50,https://commons.wikimedia.org/wiki/File:D%C3%BCngerherstellung.svg
adafruit_feather_32u4_basic_proto_sch,pcb_schematic,visualdiff,cc_by_sa_open_hardware_candidate,,1,331,103,275,97,37,60,60,0,0,0,0,37,17,20,0,3,3,0,17,derived/quality/v2_0_canonical_future_capacity_2026-08-29-wave1027-current-safe-plus-wave1012-nasa.jsonl;derived/quality/v2_0_staged_capacity_2026-08-30-wave1563-nasa-lo2-pdu-microtext.json,,,False,staged_future_review_capacity,-50,https://github.com/adafruit/Adafruit-Feather-32u4-Basic-Proto-PCB
nasa_20200004325_saws_rfc_pid,pid,microtext,government_public_use_permitted_nasa_candidate,microtext/docs/source_intake_2026_08_17_wave212/nasa_20200004325_saws_rfc_pid.pdf,1,5,0,150,97,0,97,97,0,0,0,0,69,0,69,0,0,0,0,6,derived/quality/v2_0_canonical_future_capacity_2026-08-29-wave1027-current-safe-plus-wave1012-nasa.jsonl;derived/quality/v2_0_staged_capacity_2026-08-30-wave1563-nasa-lo2-pdu-microtext.json,machine_exhausted_after_reviewed_pass,derived/quality/v2_0_wave212_nasa_saws_promotion_contract.json,False,staged_future_review_capacity,-50,https://ntrs.nasa.gov/citations/20200004325
nasa_19670019840_liquid_metal_test_facility,pid,microtext,government_public_use_permitted_nasa_candidate,source/review/nasa_19670019840_wave788/19670019840.pdf,7,298,27,97,97,97,0,0,0,0,0,0,90,90,0,0,0,0,0,90,derived/quality/v2_0_canonical_future_capacity_2026-08-29-wave1027-current-safe-plus-wave1012-nasa.jsonl;derived/quality/v2_0_staged_capacity_2026-08-30-wave1563-nasa-lo2-pdu-microtext.json,machine_exhausted_after_reviewed_pass,derived/quality/v2_0_wave803_nasa_nonpin_machine_curation_funnel.json,False,staged_future_review_capacity,-50,https://ntrs.nasa.gov/citations/19670019840
arduino_uno_r4_wifi_schematics,pcb_schematic,microtext,cc_by_sa_4_0_arduino_hardware,,3,3144,529,514,95,8,87,56,0,31,0,0,24,8,11,0,6,6,0,413,derived/quality/v2_0_canonical_future_capacity_2026-08-29-wave1027-current-safe-plus-wave1012-nasa.jsonl;derived/quality/v2_0_staged_capacity_2026-08-30-wave1563-nasa-lo2-pdu-microtext.json,machine_exhausted_after_reviewed_pass,derived/quality/unstaged_review_capacity_2026-08-22-wave739-fallback-novelty.json,False,staged_future_review_capacity,-50,https://docs.arduino.cc/hardware/uno-r4-wifi/
civil_011_680_signal_sheet_01,civil_architectural,microtext,public_agency_source_url_terms_sha256,microtext/docs/source_intake_2026_07_02ak_nysdot/civil_011_680_signal_sheet_01.pdf,1,835,81,286,95,53,42,42,0,0,0,0,32,18,14,0,1,1,0,43,derived/quality/v2_0_canonical_future_capacity_2026-08-29-wave1027-current-safe-plus-wave1012-nasa.jsonl;derived/quality/v2_0_staged_capacity_2026-08-30-wave1563-nasa-lo2-pdu-microtext.json,machine_exhausted_after_reviewed_pass,derived/quality/v2_0_wave170_textlayer_visual_audit.json,False,staged_future_review_capacity,-50,https://www.dot.ny.gov/main/business-center/engineering/cadd-info/drawings/standard-sheets-us
loc22_turbine_machine_location_turbine_area_sections_haddam_neck_nucle_2,mechanical,microtext,public_domain_us_federal_candidate,microtext/docs/source_intake_2026_08_04_wave22_loc/loc22_turbine_machine_location_turbine_area_sections_haddam_neck_nucle_2.tif,1,0,0,121,95,48,47,41,0,6,0,0,52,24,26,0,3,3,0,20,derived/quality/v2_0_canonical_future_capacity_2026-08-29-wave1027-current-safe-plus-wave1012-nasa.jsonl;derived/quality/v2_0_staged_capacity_2026-08-30-wave1563-nasa-lo2-pdu-microtext.json,machine_exhausted_after_reviewed_pass,derived/quality/v2_0_wave169_loc_ocr_visual_audit.json,False,staged_future_review_capacity,-50,https://www.loc.gov/pictures/item/ct0710.sheet.00011a/
arduino_mkr_1000_wifi_schematics,pcb_schematic,microtext,cc_by_sa_4_0_arduino_hardware,,3,2,0,88,88,2,86,81,0,5,0,0,88,2,81,0,5,5,0,38,derived/quality/v2_0_canonical_future_capacity_2026-08-29-wave1027-current-safe-plus-wave1012-nasa.jsonl;derived/quality/v2_0_staged_capacity_2026-08-30-wave1563-nasa-lo2-pdu-microtext.json,machine_exhausted_after_reviewed_pass,derived/quality/unstaged_review_capacity_2026-08-22-wave739-fallback-novelty.json,False,staged_future_review_capacity,-50,https://docs.arduino.cc/hardware/mkr-1000-wifi/
wikimedia_naturalgascondensate_en,pid,microtext,cc_by_sa_3_0_commons_candidate,,1,24,0,180,87,15,72,62,0,10,0,0,27,15,10,0,5,5,0,14,derived/quality/v2_0_canonical_future_capacity_2026-08-29-wave1027-current-safe-plus-wave1012-nasa.jsonl;derived/quality/v2_0_staged_capacity_2026-08-30-wave1563-nasa-lo2-pdu-microtext.json,machine_exhausted_no_candidate,derived/quality/v2_0_microtext_balance_conversion_plan_2026-08-16-wave170.json,False,staged_future_review_capacity,-50,https://commons.wikimedia.org/wiki/File%3ANaturalGasCondensate_en.svg
loc22_turbine_7_cotton_flour_mill_section_a_a_section_b_b_plan_view_le,mechanical,microtext,public_domain_us_federal_candidate,microtext/docs/source_intake_2026_08_04_wave22_loc/loc22_turbine_7_cotton_flour_mill_section_a_a_section_b_b_plan_view_le.tif,1,0,0,104,87,64,23,23,0,0,0,0,55,36,19,0,3,3,0,31,derived/quality/v2_0_canonical_future_capacity_2026-08-29-wave1027-current-safe-plus-wave1012-nasa.jsonl;derived/quality/v2_0_staged_capacity_2026-08-30-wave1563-nasa-lo2-pdu-microtext.json,machine_exhausted_no_candidate,derived/quality/v2_0_wave169_loc_ocr_visual_audit.json,False,staged_future_review_capacity,-50,https://www.loc.gov/pictures/item/wv0536.sheet.00007a/
wikimedia_btl_verfahrensschema,pid,microtext,cc_by_sa_3_0_commons_candidate,microtext/docs/wikimedia_btl_verfahrensschema.svg,1,20,0,202,86,57,29,29,0,0,0,0,18,15,3,0,5,5,0,9,derived/quality/v2_0_canonical_future_capacity_2026-08-29-wave1027-current-safe-plus-wave1012-nasa.jsonl;derived/quality/v2_0_staged_capacity_2026-08-30-wave1563-nasa-lo2-pdu-microtext.json,machine_exhausted_no_candidate,derived/quality/v2_0_microtext_balance_conversion_plan_2026-08-16-wave170.json,False,staged_future_review_capacity,-50,https://commons.wikimedia.org/wiki/File:BtL-Verfahrensschema.svg
arch_016_1_statement_of_significance_site_plan_floor_plan_elevations_s,civil_architectural,microtext,public_domain_us_federal_candidate,microtext/docs/source_intake_2026_07_31_loc_master_wave2/arch_016_1_statement_of_significance_site_plan_floor_plan_elevations_s.tif,1,0,0,100,85,59,26,26,0,0,0,0,43,27,16,0,3,3,0,24,derived/quality/v2_0_canonical_future_capacity_2026-08-29-wave1027-current-safe-plus-wave1012-nasa.jsonl;derived/quality/v2_0_staged_capacity_2026-08-30-wave1563-nasa-lo2-pdu-microtext.json,machine_exhausted_after_reviewed_pass,derived/quality/v2_0_wave171_ocr_visual_audit.json,False,staged_future_review_capacity,-50,https://www.loc.gov/pictures/item/al1385.sheet.00001a/
adafruit_feather_32u4_adalogger_sch,pcb_schematic,visualdiff,cc_by_sa_open_hardware_candidate,,1,371,119,284,83,38,45,45,0,0,0,0,34,19,15,0,3,3,0,11,derived/quality/v2_0_canonical_future_capacity_2026-08-29-wave1027-current-safe-plus-wave1012-nasa.jsonl;derived/quality/v2_0_staged_capacity_2026-08-30-wave1563-nasa-lo2-pdu-microtext.json,,,False,staged_future_review_capacity,-50,https://github.com/adafruit/Adafruit-Feather-32u4-Adalogger-PCB
loc22_turbine_machine_location_turbine_area_sections_haddam_neck_nucle,mechanical,microtext,public_domain_us_federal_candidate,microtext/docs/source_intake_2026_08_04_wave22_loc/loc22_turbine_machine_location_turbine_area_sections_haddam_neck_nucle.tif,1,0,0,93,79,48,31,25,0,6,0,0,34,18,14,0,3,3,0,14,derived/quality/v2_0_canonical_future_capacity_2026-08-29-wave1027-current-safe-plus-wave1012-nasa.jsonl;derived/quality/v2_0_staged_capacity_2026-08-30-wave1563-nasa-lo2-pdu-microtext.json,machine_exhausted_no_candidate,derived/quality/v2_0_wave169_loc_ocr_visual_audit.json,False,staged_future_review_capacity,-50,https://www.loc.gov/pictures/item/ct0710.sheet.00010a/
nasa_19940024873_si_metric_handbook_tolerance_tables,datasheet_spec,microtext,government_public_use_permitted_nasa_candidate,microtext/docs/source_intake_2026_08_17_wave201/nasa_19940024873_si_metric_handbook_tolerance_tables.pdf,3,641,16,81,78,27,51,51,0,0,0,0,46,18,28,0,0,0,0,30,derived/quality/v2_0_canonical_future_capacity_2026-08-29-wave1027-current-safe-plus-wave1012-nasa.jsonl;derived/quality/v2_0_staged_capacity_2026-08-30-wave1563-nasa-lo2-pdu-microtext.json,machine_exhausted_after_reviewed_pass,derived/quality/v2_0_wave201_promotion_contract.json,False,staged_future_review_capacity,-50,https://ntrs.nasa.gov/citations/19940024873
arduino_mkr_wan_1310_schematics,pcb_schematic,microtext,cc_by_sa_4_0_arduino_hardware,,3,2,0,69,69,3,66,60,0,6,0,0,69,3,60,0,6,6,0,63,derived/quality/v2_0_canonical_future_capacity_2026-08-29-wave1027-current-safe-plus-wave1012-nasa.jsonl;derived/quality/v2_0_staged_capacity_2026-08-30-wave1563-nasa-lo2-pdu-microtext.json,machine_exhausted_after_reviewed_pass,derived/quality/unstaged_review_capacity_2026-08-22-wave745-final-local-nonpin.json,False,staged_future_review_capacity,-50,https://docs.arduino.cc/hardware/mkr-wan-1310/
adafruit_feather_m0_adalogger_sch,pcb_schematic,visualdiff,cc_by_sa_open_hardware_candidate,,1,386,150,235,68,17,51,51,0,0,0,0,26,9,17,0,4,4,0,8,derived/quality/v2_0_canonical_future_capacity_2026-08-29-wave1027-current-safe-plus-wave1012-nasa.jsonl;derived/quality/v2_0_staged_capacity_2026-08-30-wave1563-nasa-lo2-pdu-microtext.json,,,False,staged_future_review_capacity,-50,https://github.com/adafruit/Adafruit-Feather-M0-Adalogger-PCB
arduino_mkr_fox_1200_schematics,pcb_schematic,microtext,cc_by_sa_4_0_arduino_hardware,,3,2,0,68,68,2,66,60,0,6,0,0,68,2,60,0,6,6,0,62,derived/quality/v2_0_canonical_future_capacity_2026-08-29-wave1027-current-safe-plus-wave1012-nasa.jsonl;derived/quality/v2_0_staged_capacity_2026-08-30-wave1563-nasa-lo2-pdu-microtext.json,machine_exhausted_after_reviewed_pass,derived/quality/unstaged_review_capacity_2026-08-22-wave745-final-local-nonpin.json,False,staged_future_review_capacity,-50,https://docs.arduino.cc/hardware/mkr-fox-1200/
caltrans_xs1_120_1_pc_pretensioned_i_girder,civil_architectural,microtext,public_domain_caltrans_conditions_of_use_candidate,,1,365,19,232,67,41,26,26,0,0,0,0,30,18,12,0,12,12,0,2,derived/quality/v2_0_canonical_future_capacity_2026-08-29-wave1027-current-safe-plus-wave1012-nasa.jsonl;derived/quality/v2_0_staged_capacity_2026-08-30-wave1563-nasa-lo2-pdu-microtext.json,machine_exhausted_after_reviewed_pass,derived/quality/v2_0_wave170_textlayer_visual_audit.json,False,staged_future_review_capacity,-50,https://dot.ca.gov/programs/engineering-services/manuals/bridge-standard-details
wikimedia_phosphor_production_en,pid,microtext,cc_by_sa_3_0_commons_candidate,,1,30,2,177,65,12,53,53,0,0,0,0,19,9,10,0,5,5,0,17,derived/quality/v2_0_canonical_future_capacity_2026-08-29-wave1027-current-safe-plus-wave1012-nasa.jsonl;derived/quality/v2_0_staged_capacity_2026-08-30-wave1563-nasa-lo2-pdu-microtext.json,machine_exhausted_no_candidate,derived/quality/v2_0_microtext_balance_conversion_plan_2026-08-16-wave170.json,False,staged_future_review_capacity,-50,https://commons.wikimedia.org/wiki/File%3APhosphor_production_%28en%29.svg
wikimedia_well_test_separator,pid,microtext,cc_by_3_0_commons_candidate,,1,22,0,167,65,15,50,50,0,0,0,0,21,10,11,0,5,5,0,15,derived/quality/v2_0_canonical_future_capacity_2026-08-29-wave1027-current-safe-plus-wave1012-nasa.jsonl;derived/quality/v2_0_staged_capacity_2026-08-30-wave1563-nasa-lo2-pdu-microtext.json,machine_exhausted_no_candidate,derived/quality/v2_0_microtext_balance_conversion_plan_2026-08-16-wave170.json,False,staged_future_review_capacity,-50,https://commons.wikimedia.org/wiki/File%3AWell_test_separator.svg
usace_em_1110_1_4010_multi_phase_extraction,pid,microtext,public_domain_us_federal_candidate,microtext/docs/source_intake_2026_08_17_wave194/usace_em_1110_1_4010_multi_phase_extraction.pdf,3,69,0,82,63,0,63,63,0,0,0,0,41,0,41,0,0,0,0,21,derived/quality/v2_0_canonical_future_capacity_2026-08-29-wave1027-current-safe-plus-wave1012-nasa.jsonl;derived/quality/v2_0_staged_capacity_2026-08-30-wave1563-nasa-lo2-pdu-microtext.json,machine_exhausted_after_reviewed_pass,derived/quality/v2_0_wave194_promotion_contract.json,False,staged_future_review_capacity,-50,https://www.publications.usace.army.mil/USACE-Publications/Engineer-Manuals/
nasa_20170005169_gox_thruster_pid,pid,microtext,government_public_use_permitted_nasa_candidate,microtext/docs/source_intake_2026_08_22_wave556_nasa_gox/20170005169.pdf,1,4,0,61,61,37,24,24,0,0,0,0,61,37,24,0,0,0,0,37,derived/quality/v2_0_canonical_future_capacity_2026-08-29-wave1027-current-safe-plus-wave1012-nasa.jsonl;derived/quality/v2_0_staged_capacity_2026-08-30-wave1563-nasa-lo2-pdu-microtext.json,machine_exhausted_after_reviewed_pass,derived/quality/v2_0_wave577_nasa_gox_review_pack_verification.json,False,staged_future_review_capacity,-50,https://ntrs.nasa.gov/citations/20170005169
arch_012_3_evolution_1950_preliminary_first_floor_plan_1950_constructe,civil_architectural,microtext,public_domain_us_federal_candidate,microtext/docs/source_intake_2026_07_31_loc_unused/arch_012_3_evolution_1950_preliminary_first_floor_plan_1950_constructe.tif,1,0,0,91,60,26,34,34,0,0,0,0,25,14,11,0,4,4,0,1,derived/quality/v2_0_canonical_future_capacity_2026-08-29-wave1027-current-safe-plus-wave1012-nasa.jsonl;derived/quality/v2_0_staged_capacity_2026-08-30-wave1563-nasa-lo2-pdu-microtext.json,machine_exhausted_no_candidate,derived/quality/v2_0_wave171_ocr_dedup_audit.json,False,staged_future_review_capacity,-50,https://www.loc.gov/pictures/item/ms0362.sheet.00003a/
loc22_bridge_truss_2_east_elevation_bridge_plan_truss_details_chickama,civil_structural,microtext,public_domain_us_federal_candidate,microtext/docs/source_intake_2026_08_04_wave22_loc/loc22_bridge_truss_2_east_elevation_bridge_plan_truss_details_chickama.tif,1,0,0,82,60,26,34,34,0,0,0,0,46,24,22,0,3,3,0,13,derived/quality/v2_0_canonical_future_capacity_2026-08-29-wave1027-current-safe-plus-wave1012-nasa.jsonl;derived/quality/v2_0_staged_capacity_2026-08-30-wave1563-nasa-lo2-pdu-microtext.json,machine_exhausted_after_reviewed_pass,derived/quality/v2_0_wave171_ocr_visual_audit.json,False,staged_future_review_capacity,-50,https://www.loc.gov/pictures/item/ga1060.sheet.00002a/
wikimedia_continuous_fractional_distillation_en,pid,microtext,cc_by_sa_3_0_commons_candidate,,2,22,5,186,59,9,50,35,0,15,0,0,22,9,10,0,10,10,0,2,derived/quality/v2_0_canonical_future_capacity_2026-08-29-wave1027-current-safe-plus-wave1012-nasa.jsonl;derived/quality/v2_0_staged_capacity_2026-08-30-wave1563-nasa-lo2-pdu-microtext.json,machine_exhausted_no_candidate,derived/quality/v2_0_wave170_textlayer_dedup_audit.json,False,staged_future_review_capacity,-50,https://commons.wikimedia.org/wiki/File%3AContinuous_Fractional_Distillation_EN.svg
pid_021_sch_ma_p_id1,pid,microtext,cc_by_sa_3_0_commons_candidate,microtext/docs/source_intake_2026_07_03d/pid_021_sch_ma_p_id1.jpg,1,0,0,61,58,8,50,50,0,0,0,0,30,8,22,0,0,0,0,26,derived/quality/v2_0_canonical_future_capacity_2026-08-29-wave1027-current-safe-plus-wave1012-nasa.jsonl;derived/quality/v2_0_staged_capacity_2026-08-30-wave1563-nasa-lo2-pdu-microtext.json,machine_exhausted_after_reviewed_pass,derived/quality/v2_0_wave184_schema_pid1_visual_report.json,False,staged_future_review_capacity,-50,https://commons.wikimedia.org/wiki/File:Sch%C3%A9ma_P%26ID1.jpg
wikimedia_hydrolysis_of_cellulose_hagglund_bergius,pid,microtext,cc_by_sa_3_0_commons_candidate,microtext/docs/wikimedia_hydrolysis_of_cellulose_hagglund_bergius.svg,1,30,1,338,56,20,36,31,0,5,0,0,25,20,4,0,5,5,0,16,derived/quality/v2_0_canonical_future_capacity_2026-08-29-wave1027-current-safe-plus-wave1012-nasa.jsonl;derived/quality/v2_0_staged_capacity_2026-08-30-wave1563-nasa-lo2-pdu-microtext.json,machine_exhausted_no_candidate,derived/quality/v2_0_wave170_textlayer_dedup_audit.json,False,staged_future_review_capacity,-50,https://commons.wikimedia.org/wiki/File:Hydrolysis_of_cellulose_(H%C3%A4gglund-Bergius).svg
wikimedia_syngas_products,pid,microtext,cc_by_sa_3_0_commons_candidate,,1,43,0,171,56,16,40,25,0,15,0,0,23,16,4,0,5,5,0,13,derived/quality/v2_0_canonical_future_capacity_2026-08-29-wave1027-current-safe-plus-wave1012-nasa.jsonl;derived/quality/v2_0_staged_capacity_2026-08-30-wave1563-nasa-lo2-pdu-microtext.json,machine_exhausted_no_candidate,derived/quality/v2_0_microtext_balance_conversion_plan_2026-08-16-wave170.json,False,staged_future_review_capacity,-50,https://commons.wikimedia.org/wiki/File%3ASyngas_Products.svg
voron_0_mid_panel_v0_0r1,mechanical_cad,visualdiff,gpl_3_0_open_source_candidate,,1,14,0,55,55,55,0,0,0,0,0,0,14,14,0,0,1,0,1,7,derived/quality/v2_0_canonical_future_capacity_2026-08-29-wave1027-current-safe-plus-wave1012-nasa.jsonl;derived/quality/v2_0_staged_capacity_2026-08-30-wave1563-nasa-lo2-pdu-microtext.json,,,False,staged_future_review_capacity,-50,https://github.com/VoronDesign/Voron-0
voron_0_mid_panel_v0_1,mechanical_cad,visualdiff,gpl_3_0_open_source_candidate,,1,16,0,120,54,54,0,0,0,0,0,0,13,13,0,0,9,8,1,6,derived/quality/v2_0_canonical_future_capacity_2026-08-29-wave1027-current-safe-plus-wave1012-nasa.jsonl;derived/quality/v2_0_staged_capacity_2026-08-30-wave1563-nasa-lo2-pdu-microtext.json,,,False,staged_future_review_capacity,-50,https://github.com/VoronDesign/Voron-0
arduino_uno_r4_minima_schematics,pcb_schematic,microtext,cc_by_sa_4_0_arduino_hardware,,2,1375,300,297,54,2,52,7,0,45,0,0,10,2,2,0,6,6,0,191,derived/quality/v2_0_canonical_future_capacity_2026-08-29-wave1027-current-safe-plus-wave1012-nasa.jsonl;derived/quality/v2_0_staged_capacity_2026-08-30-wave1563-nasa-lo2-pdu-microtext.json,machine_exhausted_after_reviewed_pass,derived/quality/unstaged_review_capacity_2026-08-22-wave739-fallback-novelty.json,False,staged_future_review_capacity,-50,https://docs.arduino.cc/hardware/uno-r4-minima/
loc22_steam_engine_1_16_engine_room_piping_diagram_steam_schooner_wapa,mechanical,microtext,public_domain_us_federal_candidate,microtext/docs/source_intake_2026_08_04_wave22_loc/loc22_steam_engine_1_16_engine_room_piping_diagram_steam_schooner_wapa.tif,1,0,0,62,49,35,14,14,0,0,0,0,38,25,13,0,3,3,0,21,derived/quality/v2_0_canonical_future_capacity_2026-08-29-wave1027-current-safe-plus-wave1012-nasa.jsonl;derived/quality/v2_0_staged_capacity_2026-08-30-wave1563-nasa-lo2-pdu-microtext.json,machine_exhausted_no_candidate,derived/quality/v2_0_wave169_loc_ocr_visual_audit.json,False,staged_future_review_capacity,-50,https://www.loc.gov/pictures/item/ca1521.sheet.00016a/
wikimedia_continuous_binary_fractional_distillation_en,pid,microtext,cc_by_sa_3_0_commons_candidate,,1,14,2,152,47,20,27,17,0,10,0,0,17,10,5,0,5,5,0,6,derived/quality/v2_0_canonical_future_capacity_2026-08-29-wave1027-current-safe-plus-wave1012-nasa.jsonl;derived/quality/v2_0_staged_capacity_2026-08-30-wave1563-nasa-lo2-pdu-microtext.json,machine_exhausted_no_candidate,derived/quality/v2_0_wave170_textlayer_dedup_audit.json,False,staged_future_review_capacity,-50,https://commons.wikimedia.org/wiki/File%3AContinuous_Binary_Fractional_Distillation_EN.svg
wikimedia_steam_cracking,pid,microtext,cc_by_sa_3_0_commons_candidate,,1,14,0,152,47,6,41,26,0,15,0,0,12,5,4,0,5,5,0,2,derived/quality/v2_0_canonical_future_capacity_2026-08-29-wave1027-current-safe-plus-wave1012-nasa.jsonl;derived/quality/v2_0_staged_capacity_2026-08-30-wave1563-nasa-lo2-pdu-microtext.json,machine_exhausted_no_candidate,derived/quality/v2_0_microtext_balance_conversion_plan_2026-08-16-wave170.json,False,staged_future_review_capacity,-50,https://commons.wikimedia.org/wiki/File%3ASteam_cracking.svg
loc22_turbine_machine_location_plan_and_section_turbine_area_reheater_,mechanical,microtext,public_domain_us_federal_candidate,microtext/docs/source_intake_2026_08_04_wave22_loc/loc22_turbine_machine_location_plan_and_section_turbine_area_reheater_.tif,1,0,0,54,42,23,19,19,0,0,0,0,23,11,12,0,3,3,0,6,derived/quality/v2_0_canonical_future_capacity_2026-08-29-wave1027-current-safe-plus-wave1012-nasa.jsonl;derived/quality/v2_0_staged_capacity_2026-08-30-wave1563-nasa-lo2-pdu-microtext.json,machine_exhausted_after_reviewed_pass,derived/quality/v2_0_wave169_loc_ocr_visual_audit.json,False,staged_future_review_capacity,-50,https://www.loc.gov/pictures/item/ct0710.sheet.00008a/
arch_014_roof_plans_section_c_c_roof_plan_roof_framing_plans_section_c,civil_architectural,microtext,public_domain_us_federal_candidate,microtext/docs/source_intake_2026_07_31_loc_unused/arch_014_roof_plans_section_c_c_roof_plan_roof_framing_plans_section_c.tif,1,0,0,54,40,22,18,18,0,0,0,0,24,14,10,0,3,3,0,11,derived/quality/v2_0_canonical_future_capacity_2026-08-29-wave1027-current-safe-plus-wave1012-nasa.jsonl;derived/quality/v2_0_staged_capacity_2026-08-30-wave1563-nasa-lo2-pdu-microtext.json,machine_exhausted_after_reviewed_pass,derived/quality/v2_0_wave171_ocr_visual_audit.json,False,staged_future_review_capacity,-50,https://www.loc.gov/pictures/item/md1862.sheet.00006a/
nasa_19840003250_lox_hydrocarbon_facility_instrumentation,pid,microtext,government_public_use_permitted_nasa_candidate,source/review/nasa_19840003250_wave888/19840003250.pdf,5,621,11,37,37,37,0,0,0,0,0,0,26,26,0,0,0,0,0,26,derived/quality/v2_0_canonical_future_capacity_2026-08-29-wave1027-current-safe-plus-wave1012-nasa.jsonl;derived/quality/v2_0_staged_capacity_2026-08-30-wave1563-nasa-lo2-pdu-microtext.json,machine_exhausted_after_reviewed_pass,derived/quality/v2_0_wave904_nasa_nonpin_postcanonical_novelty.json,False,staged_future_review_capacity,-50,https://ntrs.nasa.gov/citations/19840003250
nasa_19900001661_airlock_pid,pid,microtext,government_public_use_permitted_nasa_candidate,microtext/docs/source_intake_2026_08_21_wave335_nasa_airlock/19900001661.pdf,24,810,1,912,35,4,31,31,0,0,0,0,35,4,31,0,0,0,0,35,derived/quality/v2_0_canonical_future_capacity_2026-08-29-wave1027-current-safe-plus-wave1012-nasa.jsonl;derived/quality/v2_0_staged_capacity_2026-08-30-wave1563-nasa-lo2-pdu-microtext.json,machine_exhausted_after_reviewed_pass,derived/quality/v2_0_wave335_nasa_airlock_promotion_contract.json,False,staged_future_review_capacity,-50,https://ntrs.nasa.gov/citations/19900001661
wikimedia_oil_field_flow_metering,pid,microtext,cc_by_3_0_commons_candidate,,1,37,0,125,31,11,20,15,0,5,0,0,15,11,3,0,5,5,0,8,derived/quality/v2_0_canonical_future_capacity_2026-08-29-wave1027-current-safe-plus-wave1012-nasa.jsonl;derived/quality/v2_0_staged_capacity_2026-08-30-wave1563-nasa-lo2-pdu-microtext.json,machine_exhausted_no_candidate,derived/quality/v2_0_microtext_balance_conversion_plan_2026-08-16-wave170.json,False,staged_future_review_capacity,-50,https://commons.wikimedia.org/wiki/File%3AOil_field_flow_metering.svg
loc22_turbine_3_plan_turbines_3_4_side_view_turbines_3_4_section_a_a_a,mechanical,microtext,public_domain_us_federal_candidate,microtext/docs/source_intake_2026_08_04_wave22_loc/loc22_turbine_3_plan_turbines_3_4_side_view_turbines_3_4_section_a_a_a.tif,1,0,0,41,30,13,17,17,0,0,0,0,25,13,12,0,3,3,0,8,derived/quality/v2_0_canonical_future_capacity_2026-08-29-wave1027-current-safe-plus-wave1012-nasa.jsonl;derived/quality/v2_0_staged_capacity_2026-08-30-wave1563-nasa-lo2-pdu-microtext.json,machine_exhausted_no_candidate,derived/quality/v2_0_wave169_loc_ocr_visual_audit.json,False,staged_future_review_capacity,-50,https://www.loc.gov/pictures/item/id0011.sheet.00003a/
loc22_bridge_truss_truss_details_covered_bridge_carlisle_warren_county,civil_structural,microtext,public_domain_us_federal_candidate,microtext/docs/source_intake_2026_08_04_wave22_loc/loc22_bridge_truss_truss_details_covered_bridge_carlisle_warren_county.tif,1,0,0,42,29,8,21,21,0,0,0,0,21,8,13,0,3,3,0,3,derived/quality/v2_0_canonical_future_capacity_2026-08-29-wave1027-current-safe-plus-wave1012-nasa.jsonl;derived/quality/v2_0_staged_capacity_2026-08-30-wave1563-nasa-lo2-pdu-microtext.json,machine_exhausted_no_candidate,derived/quality/v2_0_wave171_ocr_dedup_audit.json,False,staged_future_review_capacity,-50,https://www.loc.gov/pictures/item/ia0028.sheet.00003a/
arch_013_2_lock_tender_s_shelter_south_elevation_north_elevation_east_,civil_architectural,microtext,public_domain_us_federal_candidate,microtext/docs/source_intake_2026_07_31_loc_master_wave2/arch_013_2_lock_tender_s_shelter_south_elevation_north_elevation_east_.tif,1,0,0,29,29,29,0,0,0,0,0,0,21,21,0,0,4,4,0,5,derived/quality/v2_0_canonical_future_capacity_2026-08-29-wave1027-current-safe-plus-wave1012-nasa.jsonl;derived/quality/v2_0_staged_capacity_2026-08-30-wave1563-nasa-lo2-pdu-microtext.json,machine_exhausted_after_reviewed_pass,derived/quality/v2_0_wave171_ocr_visual_audit.json,False,staged_future_review_capacity,-50,https://www.loc.gov/pictures/item/md0622.sheet.00002a/
loc22_steam_engine_1_steam_engine_maquina_de_vapor_hacienda_azucarera_,mechanical,microtext,public_domain_us_federal_candidate,microtext/docs/source_intake_2026_08_04_wave22_loc/loc22_steam_engine_1_steam_engine_maquina_de_vapor_hacienda_azucarera_.tif,1,0,0,39,28,11,17,17,0,0,0,0,18,7,11,0,3,3,0,3,derived/quality/v2_0_canonical_future_capacity_2026-08-29-wave1027-current-safe-plus-wave1012-nasa.jsonl;derived/quality/v2_0_staged_capacity_2026-08-30-wave1563-nasa-lo2-pdu-microtext.json,machine_exhausted_no_candidate,derived/quality/v2_0_wave169_loc_ocr_visual_audit.json,False,staged_future_review_capacity,-50,https://www.loc.gov/pictures/item/pr0016.sheet.00001a/
usace_em_200_1_19_air_sparging,pid,microtext,public_domain_us_federal_candidate,microtext/docs/source_intake_2026_08_17_wave193/usace_em_200_1_19_air_sparging.pdf,1,26,1,26,26,0,26,26,0,0,0,0,13,0,13,0,0,0,0,12,derived/quality/v2_0_canonical_future_capacity_2026-08-29-wave1027-current-safe-plus-wave1012-nasa.jsonl;derived/quality/v2_0_staged_capacity_2026-08-30-wave1563-nasa-lo2-pdu-microtext.json,machine_exhausted_after_reviewed_pass,derived/quality/v2_0_wave193_promotion_contract.json,False,staged_future_review_capacity,-50,https://www.publications.usace.army.mil/USACE-Publications/Engineer-Manuals/
arch_014_section_at_frame_195_section_at_frame_154_section_at_midship_,civil_architectural,microtext,public_domain_us_federal_candidate,microtext/docs/source_intake_2026_07_31_loc_master_wave2/arch_014_section_at_frame_195_section_at_frame_154_section_at_midship_.tif,1,0,0,37,26,22,4,1,0,3,0,0,13,11,1,0,3,3,0,1,derived/quality/v2_0_canonical_future_capacity_2026-08-29-wave1027-current-safe-plus-wave1012-nasa.jsonl;derived/quality/v2_0_staged_capacity_2026-08-30-wave1563-nasa-lo2-pdu-microtext.json,machine_exhausted_no_candidate,derived/quality/v2_0_wave171_ocr_dedup_audit.json,False,staged_future_review_capacity,-50,https://www.loc.gov/pictures/item/ca3458.sheet.00005a/
nasa_19720004533_wind_tunnel_facility_schematics,mechanical_cad,microtext,government_public_use_permitted_nasa_candidate,source/review/nasa_19720004533_wave788/19720004533.pdf,5,309,5,25,25,25,0,0,0,0,0,0,25,25,0,0,0,0,0,25,derived/quality/v2_0_canonical_future_capacity_2026-08-29-wave1027-current-safe-plus-wave1012-nasa.jsonl;derived/quality/v2_0_staged_capacity_2026-08-30-wave1563-nasa-lo2-pdu-microtext.json,machine_exhausted_after_reviewed_pass,derived/quality/v2_0_wave803_nasa_nonpin_machine_curation_funnel.json,False,staged_future_review_capacity,-50,https://ntrs.nasa.gov/citations/19720004533
arch_014_1_plan_section_a_a_section_b_b_section_c_c_gate_details_timbe,civil_architectural,microtext,public_domain_us_federal_candidate,microtext/docs/source_intake_2026_07_31_loc_unused/arch_014_1_plan_section_a_a_section_b_b_section_c_c_gate_details_timbe.tif,1,0,0,28,24,22,2,2,0,0,0,0,15,14,1,0,4,4,0,9,derived/quality/v2_0_canonical_future_capacity_2026-08-29-wave1027-current-safe-plus-wave1012-nasa.jsonl;derived/quality/v2_0_staged_capacity_2026-08-30-wave1563-nasa-lo2-pdu-microtext.json,machine_exhausted_no_candidate,derived/quality/v2_0_wave171_ocr_dedup_audit.json,False,staged_future_review_capacity,-50,https://www.loc.gov/pictures/item/md0624.sheet.00001a/
pid_021_ri_sample_iso,pid,microtext,public_domain_commons_candidate,microtext/docs/source_intake_2026_07_03d/pid_021_ri_sample_iso.png,1,0,0,24,24,24,0,0,0,0,0,0,24,24,0,0,0,0,0,15,derived/quality/v2_0_canonical_future_capacity_2026-08-29-wave1027-current-safe-plus-wave1012-nasa.jsonl;derived/quality/v2_0_staged_capacity_2026-08-30-wave1563-nasa-lo2-pdu-microtext.json,machine_exhausted_after_reviewed_pass,derived/quality/v2_0_wave188_ri_sample_iso_promotion_contract.json,False,staged_future_review_capacity,-50,https://commons.wikimedia.org/wiki/File:RI_Sample_ISO.png
nasa_19810021641_otv_expander_engine_flow,pid,microtext,government_public_use_permitted_nasa_candidate,source/review/nasa_19810021641_wave771/19810021641.pdf,2,197,0,24,24,24,0,0,0,0,0,0,13,13,0,0,0,0,0,13,derived/quality/v2_0_canonical_future_capacity_2026-08-29-wave1027-current-safe-plus-wave1012-nasa.jsonl;derived/quality/v2_0_staged_capacity_2026-08-30-wave1563-nasa-lo2-pdu-microtext.json,machine_exhausted_after_reviewed_pass,derived/quality/v2_0_wave783_nasa_nonpin_machine_curation_funnel.json,False,staged_future_review_capacity,-50,https://ntrs.nasa.gov/citations/19810021641
arduino_nano_33_ble_sense_rev2_schematics,pcb_schematic,microtext,cc_by_sa_4_0_arduino_hardware,,2,1382,262,207,22,2,20,1,0,19,0,0,5,2,1,0,2,2,0,200,derived/quality/v2_0_canonical_future_capacity_2026-08-29-wave1027-current-safe-plus-wave1012-nasa.jsonl;derived/quality/v2_0_staged_capacity_2026-08-30-wave1563-nasa-lo2-pdu-microtext.json,machine_exhausted_after_reviewed_pass,derived/quality/unstaged_review_capacity_2026-08-22-wave739-fallback-novelty.json,False,staged_future_review_capacity,-50,https://docs.arduino.cc/hardware/nano-33-ble-sense-rev2/
loc22_turbine_1_site_plan_mill_room_turbine_room_plans_north_elevation,mechanical,microtext,public_domain_us_federal_candidate,microtext/docs/source_intake_2026_08_04_wave22_loc/loc22_turbine_1_site_plan_mill_room_turbine_room_plans_north_elevation.tif,1,0,0,29,22,8,14,14,0,0,0,0,14,6,8,0,3,3,0,2,derived/quality/v2_0_canonical_future_capacity_2026-08-29-wave1027-current-safe-plus-wave1012-nasa.jsonl;derived/quality/v2_0_staged_capacity_2026-08-30-wave1563-nasa-lo2-pdu-microtext.json,machine_exhausted_after_reviewed_pass,derived/quality/v2_0_wave169_loc_ocr_visual_audit.json,False,staged_future_review_capacity,-50,https://www.loc.gov/pictures/item/tx0216.sheet.00001a/
nasa_19810012684_cryo_fluid_flow_schematics,pid,microtext,government_public_use_permitted_nasa_candidate,source/review/nasa_19810012684_wave754/19810012684.pdf,2,256,0,22,22,22,0,0,0,0,0,0,22,22,0,0,0,0,0,135,derived/quality/v2_0_canonical_future_capacity_2026-08-29-wave1027-current-safe-plus-wave1012-nasa.jsonl;derived/quality/v2_0_staged_capacity_2026-08-30-wave1563-nasa-lo2-pdu-microtext.json,,,False,staged_future_review_capacity,-50,https://ntrs.nasa.gov/citations/19810012684
wikimedia_aminwaesche,pid,microtext,cc0_1_0_commons_verified,microtext/docs/source_intake_2026_05_24/wikimedia_aminwaesche.jpg,1,0,0,20,20,20,0,0,0,0,0,0,20,20,0,0,1,1,0,2,derived/quality/v2_0_canonical_future_capacity_2026-08-29-wave1027-current-safe-plus-wave1012-nasa.jsonl;derived/quality/v2_0_staged_capacity_2026-08-30-wave1563-nasa-lo2-pdu-microtext.json,machine_exhausted_after_reviewed_pass,derived/quality/v2_0_balance_wikimedia_aminwaesche_2026-08-13-wave168.json,False,staged_future_review_capacity,-50,https://commons.wikimedia.org/wiki/File:Aminw%C3%A4sche.jpg
voron_2_4r2_bottom_panel,mechanical_cad,visualdiff,gpl_3_0_open_source_candidate,,1,0,0,19,19,19,0,0,0,0,0,0,5,5,0,0,2,2,0,15,derived/quality/v2_0_canonical_future_capacity_2026-08-29-wave1027-current-safe-plus-wave1012-nasa.jsonl;derived/quality/v2_0_staged_capacity_2026-08-30-wave1563-nasa-lo2-pdu-microtext.json,,,False,staged_future_review_capacity,-50,https://github.com/VoronDesign/Voron-2
loc22_steam_engine_estate_rust_op_twist_seam_engine_and_cane_mill_titl,mechanical,microtext,public_domain_us_federal_candidate,microtext/docs/source_intake_2026_08_04_wave22_loc/loc22_steam_engine_estate_rust_op_twist_seam_engine_and_cane_mill_titl.tif,1,0,0,22,19,13,6,6,0,0,0,0,10,7,3,0,0,0,0,2,derived/quality/v2_0_canonical_future_capacity_2026-08-29-wave1027-current-safe-plus-wave1012-nasa.jsonl;derived/quality/v2_0_staged_capacity_2026-08-30-wave1563-nasa-lo2-pdu-microtext.json,machine_exhausted_no_candidate,derived/quality/v2_0_wave169_loc_ocr_visual_audit.json,False,staged_future_review_capacity,-50,https://www.loc.gov/pictures/item/vi0081.sheet.00001a/
olimex_stm32_e407_rev_e,pcb_schematic,visualdiff,cc_by_sa_open_hardware_candidate,visualdiff/docs/olimex_stm32_e407/revisions/olimex_stm32_e407_rev_e.pdf,1,1548,499,24,18,18,0,0,0,0,0,0,18,18,0,0,0,0,0,293,derived/quality/v2_0_canonical_future_capacity_2026-08-29-wave1027-current-safe-plus-wave1012-nasa.jsonl;derived/quality/v2_0_staged_capacity_2026-08-30-wave1563-nasa-lo2-pdu-microtext.json,,,False,staged_future_review_capacity,-50,https://github.com/OLIMEX/STM32F4.git
loc22_canal_lock_1_lock_gate_typical_elevation_section_a_a_section_b_b,civil_hydraulic,microtext,public_domain_us_federal_candidate,microtext/docs/source_intake_2026_08_04_wave22_loc/loc22_canal_lock_1_lock_gate_typical_elevation_section_a_a_section_b_b.tif,1,0,0,27,18,6,12,12,0,0,0,0,15,6,9,0,3,3,0,2,derived/quality/v2_0_canonical_future_capacity_2026-08-29-wave1027-current-safe-plus-wave1012-nasa.jsonl;derived/quality/v2_0_staged_capacity_2026-08-30-wave1563-nasa-lo2-pdu-microtext.json,machine_exhausted_no_candidate,derived/quality/v2_0_wave171_ocr_dedup_audit.json,False,staged_future_review_capacity,-50,https://www.loc.gov/pictures/item/md0969.sheet.00001a/
voron_2_4r2_back_panel,mechanical_cad,visualdiff,gpl_3_0_open_source_candidate,,1,0,0,17,17,17,0,0,0,0,0,0,4,4,0,0,1,1,0,13,derived/quality/v2_0_canonical_future_capacity_2026-08-29-wave1027-current-safe-plus-wave1012-nasa.jsonl;derived/quality/v2_0_staged_capacity_2026-08-30-wave1563-nasa-lo2-pdu-microtext.json,,,False,staged_future_review_capacity,-50,https://github.com/VoronDesign/Voron-2
loc22_steam_engine_engine_north_elevation_north_east_elevation_estate_,mechanical,microtext,public_domain_us_federal_candidate,microtext/docs/source_intake_2026_08_04_wave22_loc/loc22_steam_engine_engine_north_elevation_north_east_elevation_estate_.tif,1,0,0,23,17,7,10,10,0,0,0,0,11,5,6,0,3,3,0,1,derived/quality/v2_0_canonical_future_capacity_2026-08-29-wave1027-current-safe-plus-wave1012-nasa.jsonl;derived/quality/v2_0_staged_capacity_2026-08-30-wave1563-nasa-lo2-pdu-microtext.json,machine_exhausted_no_candidate,derived/quality/v2_0_wave170_loc_ocr_visual_audit.json,False,staged_future_review_capacity,-50,https://www.loc.gov/pictures/item/vi0081.sheet.00003a/
wikimedia_carbon_black_production,pid,microtext,cc_by_sa_3_0_commons_candidate,microtext/docs/wikimedia_carbon_black_production.svg,1,0,0,17,17,9,8,8,0,0,0,0,17,9,8,0,0,0,0,13,derived/quality/v2_0_canonical_future_capacity_2026-08-29-wave1027-current-safe-plus-wave1012-nasa.jsonl;derived/quality/v2_0_staged_capacity_2026-08-30-wave1563-nasa-lo2-pdu-microtext.json,machine_exhausted_after_reviewed_pass,derived/quality/v2_0_wave187_carbon_black_promotion_contract.json,False,staged_future_review_capacity,-50,https://commons.wikimedia.org/wiki/File%3ACarbon_black_production.svg
nasa_19750002095_oms_engine_facility_instrumentation,pid,microtext,government_public_use_permitted_nasa_candidate,source/review/nasa_19750002095_wave888/19750002095.pdf,4,267,46,17,17,17,0,0,0,0,0,0,15,15,0,0,0,0,0,15,derived/quality/v2_0_canonical_future_capacity_2026-08-29-wave1027-current-safe-plus-wave1012-nasa.jsonl;derived/quality/v2_0_staged_capacity_2026-08-30-wave1563-nasa-lo2-pdu-microtext.json,machine_exhausted_after_reviewed_pass,derived/quality/v2_0_wave904_nasa_nonpin_postcanonical_novelty.json,False,staged_future_review_capacity,-50,https://ntrs.nasa.gov/citations/19750002095
usace_ufgs_41_22_13_33_crane_track,mechanical_cad,microtext,public_domain_us_federal_candidate,microtext/docs/source_intake_2026_08_16_wave181_wbdg_mechanical_civil/ufgs_41_22_13_33_crane_track_installation.pdf,2,91,2,20,16,0,16,16,0,0,0,0,10,0,10,0,0,0,0,6,derived/quality/v2_0_canonical_future_capacity_2026-08-29-wave1027-current-safe-plus-wave1012-nasa.jsonl;derived/quality/v2_0_staged_capacity_2026-08-30-wave1563-nasa-lo2-pdu-microtext.json,machine_exhausted_after_reviewed_pass,derived/quality/v2_0_wave181_visual_report.json,False,staged_future_review_capacity,-50,https://legacy.wbdg.org/dod/ufgs/ufgs-forms-graphics-tables
nasa_19770008146_fluorine_ignition_facility,pid,microtext,government_public_use_permitted_nasa_candidate,source/review/nasa_19770008146_wave771/19770008146.pdf,1,107,0,16,16,16,0,0,0,0,0,0,16,16,0,0,0,0,0,16,derived/quality/v2_0_canonical_future_capacity_2026-08-29-wave1027-current-safe-plus-wave1012-nasa.jsonl;derived/quality/v2_0_staged_capacity_2026-08-30-wave1563-nasa-lo2-pdu-microtext.json,machine_exhausted_after_reviewed_pass,derived/quality/v2_0_wave783_nasa_nonpin_machine_curation_funnel.json,False,staged_future_review_capacity,-50,https://ntrs.nasa.gov/citations/19770008146
voron_2_4r1_back_panel,mechanical_cad,visualdiff,gpl_3_0_open_source_candidate,,1,0,0,15,15,15,0,0,0,0,0,0,3,3,0,0,4,4,0,13,derived/quality/v2_0_canonical_future_capacity_2026-08-29-wave1027-current-safe-plus-wave1012-nasa.jsonl;derived/quality/v2_0_staged_capacity_2026-08-30-wave1563-nasa-lo2-pdu-microtext.json,,,False,staged_future_review_capacity,-50,https://github.com/VoronDesign/Voron-2
voron_2_4r1_bottom_panel,mechanical_cad,visualdiff,gpl_3_0_open_source_candidate,,1,0,0,15,15,15,0,0,0,0,0,0,3,3,0,0,6,6,0,15,derived/quality/v2_0_canonical_future_capacity_2026-08-29-wave1027-current-safe-plus-wave1012-nasa.jsonl;derived/quality/v2_0_staged_capacity_2026-08-30-wave1563-nasa-lo2-pdu-microtext.json,,,False,staged_future_review_capacity,-50,https://github.com/VoronDesign/Voron-2
wikimedia_akm,pid,microtext,cc_by_sa_3_0_commons_candidate,,1,0,0,15,15,15,0,0,0,0,0,0,15,15,0,0,0,0,0,12,derived/quality/v2_0_canonical_future_capacity_2026-08-29-wave1027-current-safe-plus-wave1012-nasa.jsonl;derived/quality/v2_0_staged_capacity_2026-08-30-wave1563-nasa-lo2-pdu-microtext.json,machine_exhausted_after_reviewed_pass,derived/quality/v2_0_balance_wikimedia_akm_2026-08-13-wave168.json,False,staged_future_review_capacity,-50,https://commons.wikimedia.org/wiki/File:AKM.png
voron_2_4r2_deck_panel,mechanical_cad,visualdiff,gpl_3_0_open_source_candidate,,1,0,0,16,14,14,0,0,0,0,0,0,7,7,0,0,3,3,0,32,derived/quality/v2_0_canonical_future_capacity_2026-08-29-wave1027-current-safe-plus-wave1012-nasa.jsonl;derived/quality/v2_0_staged_capacity_2026-08-30-wave1563-nasa-lo2-pdu-microtext.json,,,False,staged_future_review_capacity,-50,https://github.com/VoronDesign/Voron-2
usace_ufgs_35_45_01_pump_flow_figures,mechanical_cad,microtext,public_domain_us_federal_candidate,microtext/docs/source_intake_2026_08_16_wave181_wbdg_mechanical_civil/ufgs_35_45_01_pump_and_flow_figures.pdf,2,0,0,18,14,0,14,14,0,0,0,0,9,0,9,0,0,0,0,4,derived/quality/v2_0_canonical_future_capacity_2026-08-29-wave1027-current-safe-plus-wave1012-nasa.jsonl;derived/quality/v2_0_staged_capacity_2026-08-30-wave1563-nasa-lo2-pdu-microtext.json,machine_exhausted_after_reviewed_pass,derived/quality/v2_0_wave181_visual_report.json,False,staged_future_review_capacity,-50,https://legacy.wbdg.org/dod/ufgs/ufgs-forms-graphics-tables
usace_em_200_1_22_landfill_gas,pid,microtext,public_domain_us_federal_candidate,microtext/docs/source_intake_2026_08_17_wave193/usace_em_200_1_22_landfill_gas.pdf,1,139,28,14,14,10,4,4,0,0,0,0,12,10,2,0,0,0,0,17,derived/quality/v2_0_canonical_future_capacity_2026-08-29-wave1027-current-safe-plus-wave1012-nasa.jsonl;derived/quality/v2_0_staged_capacity_2026-08-30-wave1563-nasa-lo2-pdu-microtext.json,machine_exhausted_after_reviewed_pass,derived/quality/v2_0_wave193_promotion_contract.json,False,staged_future_review_capacity,-50,https://www.publications.usace.army.mil/USACE-Publications/Engineer-Manuals/
espressif_esp32_c5_devkitc_1_pin_layout_v1_2,pcb_schematic,visualdiff,cc_by_sa_4_0_documentation_candidate,,1,0,0,13,13,13,0,0,0,0,0,0,13,13,0,0,6,0,6,7,derived/quality/v2_0_canonical_future_capacity_2026-08-29-wave1027-current-safe-plus-wave1012-nasa.jsonl;derived/quality/v2_0_staged_capacity_2026-08-30-wave1563-nasa-lo2-pdu-microtext.json,,,False,staged_future_review_capacity,-50,https://github.com/espressif/esp-dev-kits
olimex_esp32_gateway_c,pcb_schematic,visualdiff,apache_2_0_open_hardware_candidate,visualdiff/docs/olimex_esp32_gateway/revisions/olimex_esp32_gateway_c.pdf,1,907,184,100,13,13,0,0,0,0,0,0,12,12,0,0,7,0,7,8,derived/quality/v2_0_canonical_future_capacity_2026-08-29-wave1027-current-safe-plus-wave1012-nasa.jsonl;derived/quality/v2_0_staged_capacity_2026-08-30-wave1563-nasa-lo2-pdu-microtext.json,,,False,staged_future_review_capacity,-50,https://github.com/OLIMEX/ESP32-GATEWAY.git
olimex_stm32_e407_rev_f,pcb_schematic,visualdiff,cc_by_sa_open_hardware_candidate,visualdiff/docs/olimex_stm32_e407/revisions/olimex_stm32_e407_rev_f.pdf,1,1578,454,16,13,13,0,0,0,0,0,0,13,13,0,0,0,0,0,85,derived/quality/v2_0_canonical_future_capacity_2026-08-29-wave1027-current-safe-plus-wave1012-nasa.jsonl;derived/quality/v2_0_staged_capacity_2026-08-30-wave1563-nasa-lo2-pdu-microtext.json,,,False,staged_future_review_capacity,-50,https://github.com/OLIMEX/STM32F4.git
arduino_mkr_485_shield_schematics,pcb_schematic,microtext,cc_by_sa_4_0_arduino_hardware,,2,224,63,162,13,5,8,0,0,8,0,0,6,5,0,0,5,5,0,57,derived/quality/v2_0_canonical_future_capacity_2026-08-29-wave1027-current-safe-plus-wave1012-nasa.jsonl;derived/quality/v2_0_staged_capacity_2026-08-30-wave1563-nasa-lo2-pdu-microtext.json,machine_exhausted_after_reviewed_pass,derived/quality/unstaged_review_capacity_2026-08-22-wave739-fallback-novelty.json,False,staged_future_review_capacity,-50,https://docs.arduino.cc/hardware/mkr-485-shield/
nasa_19890004389_ground_flow_test_facility,pid,microtext,government_public_use_permitted_nasa_candidate,source/review/nasa_19890004389_wave788/19890004389.pdf,1,65,1,13,13,13,0,0,0,0,0,0,11,11,0,0,0,0,0,11,derived/quality/v2_0_canonical_future_capacity_2026-08-29-wave1027-current-safe-plus-wave1012-nasa.jsonl;derived/quality/v2_0_staged_capacity_2026-08-30-wave1563-nasa-lo2-pdu-microtext.json,machine_exhausted_after_reviewed_pass,derived/quality/v2_0_wave803_nasa_nonpin_machine_curation_funnel.json,False,staged_future_review_capacity,-50,https://ntrs.nasa.gov/citations/19890004389
espressif_esp32_c5_devkitc_1_pin_layout_v1_1,pcb_schematic,visualdiff,cc_by_sa_4_0_documentation_candidate,,1,0,0,12,12,12,0,0,0,0,0,0,12,12,0,0,6,0,6,6,derived/quality/v2_0_canonical_future_capacity_2026-08-29-wave1027-current-safe-plus-wave1012-nasa.jsonl;derived/quality/v2_0_staged_capacity_2026-08-30-wave1563-nasa-lo2-pdu-microtext.json,,,False,staged_future_review_capacity,-50,https://github.com/espressif/esp-dev-kits
wikimedia_process_diagramm_crude_gas,pid,microtext,cc_by_sa_3_0_de_commons_candidate,microtext/docs/wikimedia_process_diagramm_crude_gas.svg,1,12,0,162,12,12,0,0,0,0,0,0,12,12,0,0,5,5,0,5,derived/quality/v2_0_canonical_future_capacity_2026-08-29-wave1027-current-safe-plus-wave1012-nasa.jsonl;derived/quality/v2_0_staged_capacity_2026-08-30-wave1563-nasa-lo2-pdu-microtext.json,machine_exhausted_no_candidate,derived/quality/v2_0_microtext_balance_conversion_plan_2026-08-16-wave170.json,False,staged_future_review_capacity,-50,https://commons.wikimedia.org/wiki/File:Process_diagramm_crude_gas.svg
nasa_19890006608_rocket_calorimeter_instrumentation,pid,microtext,government_public_use_permitted_nasa_candidate,source/review/nasa_19890006608_wave888/19890006608.pdf,1,199,14,12,12,12,0,0,0,0,0,0,7,7,0,0,0,0,0,7,derived/quality/v2_0_canonical_future_capacity_2026-08-29-wave1027-current-safe-plus-wave1012-nasa.jsonl;derived/quality/v2_0_staged_capacity_2026-08-30-wave1563-nasa-lo2-pdu-microtext.json,machine_exhausted_after_reviewed_pass,derived/quality/v2_0_wave904_nasa_nonpin_postcanonical_novelty.json,False,staged_future_review_capacity,-50,https://ntrs.nasa.gov/citations/19890006608
fhwa_cfl_fp24_c257_50,civil_architectural,microtext,public_domain_us_federal_candidate,microtext/docs/fhwa_cfl_fp24_standard_drawings/fhwa_cfl_fp24_c257_50.pdf,2,327,43,11,11,11,0,0,0,0,0,0,11,11,0,0,0,0,0,11,derived/quality/v2_0_canonical_future_capacity_2026-08-29-wave1027-current-safe-plus-wave1012-nasa.jsonl;derived/quality/v2_0_staged_capacity_2026-08-30-wave1563-nasa-lo2-pdu-microtext.json,,,False,staged_future_review_capacity,-50,https://highways.dot.gov/federal-lands/std-drawings/cfl
olimex_esp32_gateway_h,pcb_schematic,visualdiff,apache_2_0_open_hardware_candidate,visualdiff/docs/olimex_esp32_gateway/revisions/olimex_esp32_gateway_h.pdf,1,988,237,143,11,11,0,0,0,0,0,0,11,11,0,0,8,0,8,161,derived/quality/v2_0_canonical_future_capacity_2026-08-29-wave1027-current-safe-plus-wave1012-nasa.jsonl;derived/quality/v2_0_staged_capacity_2026-08-30-wave1563-nasa-lo2-pdu-microtext.json,,,False,staged_future_review_capacity,-50,https://github.com/OLIMEX/ESP32-GATEWAY.git
nasa_19800004908_hydrocarbon_injector_test_facility,pid,microtext,government_public_use_permitted_nasa_candidate,source/review/nasa_19800004908_wave888/19800004908.pdf,1,101,21,11,11,11,0,0,0,0,0,0,6,6,0,0,0,0,0,6,derived/quality/v2_0_canonical_future_capacity_2026-08-29-wave1027-current-safe-plus-wave1012-nasa.jsonl;derived/quality/v2_0_staged_capacity_2026-08-30-wave1563-nasa-lo2-pdu-microtext.json,machine_exhausted_after_reviewed_pass,derived/quality/v2_0_wave904_nasa_nonpin_postcanonical_novelty.json,False,staged_future_review_capacity,-50,https://ntrs.nasa.gov/citations/19800004908
sparkfun_micromod_artemis_spi_update,pcb_schematic,visualdiff,cc_by_sa_4_0_open_hardware_candidate,visualdiff/docs/sparkfun_micromod_artemis/revisions/sparkfun_micromod_artemis_spi_update.sch,1,424,155,27,11,11,0,0,0,0,0,0,11,11,0,0,13,0,13,89,derived/quality/v2_0_canonical_future_capacity_2026-08-29-wave1027-current-safe-plus-wave1012-nasa.jsonl;derived/quality/v2_0_staged_capacity_2026-08-30-wave1563-nasa-lo2-pdu-microtext.json,,,False,staged_future_review_capacity,-50,https://github.com/sparkfun/MicroMod_Artemis_Processor.git
sparkfun_micromod_teensy_enable_3v3,pcb_schematic,visualdiff,cc_by_sa_4_0_open_hardware_candidate,visualdiff/docs/sparkfun_micromod_teensy/revisions/sparkfun_micromod_teensy_enable_3v3.sch,1,674,322,11,11,11,0,0,0,0,0,0,11,11,0,0,0,0,0,84,derived/quality/v2_0_canonical_future_capacity_2026-08-29-wave1027-current-safe-plus-wave1012-nasa.jsonl;derived/quality/v2_0_staged_capacity_2026-08-30-wave1563-nasa-lo2-pdu-microtext.json,,,False,staged_future_review_capacity,-50,https://github.com/sparkfun/MicroMod_Teensy_Processor.git
sparkfun_micromod_teensy_pinout_fix,pcb_schematic,visualdiff,cc_by_sa_4_0_open_hardware_candidate,visualdiff/docs/sparkfun_micromod_teensy/revisions/sparkfun_micromod_teensy_pinout_fix.sch,1,706,350,57,11,11,0,0,0,0,0,0,11,11,0,0,2,0,2,111,derived/quality/v2_0_canonical_future_capacity_2026-08-29-wave1027-current-safe-plus-wave1012-nasa.jsonl;derived/quality/v2_0_staged_capacity_2026-08-30-wave1563-nasa-lo2-pdu-microtext.json,,,False,staged_future_review_capacity,-50,https://github.com/sparkfun/MicroMod_Teensy_Processor.git
sparkfun_micromod_teensy_power_control,pcb_schematic,visualdiff,cc_by_sa_4_0_open_hardware_candidate,visualdiff/docs/sparkfun_micromod_teensy/revisions/sparkfun_micromod_teensy_power_control.sch,1,643,312,266,11,11,0,0,0,0,0,0,11,11,0,0,7,0,7,501,derived/quality/v2_0_canonical_future_capacity_2026-08-29-wave1027-current-safe-plus-wave1012-nasa.jsonl;derived/quality/v2_0_staged_capacity_2026-08-30-wave1563-nasa-lo2-pdu-microtext.json,,,False,staged_future_review_capacity,-50,https://github.com/sparkfun/MicroMod_Teensy_Processor.git
sparkfun_micromod_teensy_spi0_names,pcb_schematic,visualdiff,cc_by_sa_4_0_open_hardware_candidate,visualdiff/docs/sparkfun_micromod_teensy/revisions/sparkfun_micromod_teensy_spi0_names.sch,1,708,345,57,11,11,0,0,0,0,0,0,11,11,0,0,2,0,2,308,derived/quality/v2_0_canonical_future_capacity_2026-08-29-wave1027-current-safe-plus-wave1012-nasa.jsonl;derived/quality/v2_0_staged_capacity_2026-08-30-wave1563-nasa-lo2-pdu-microtext.json,,,False,staged_future_review_capacity,-50,https://github.com/sparkfun/MicroMod_Teensy_Processor.git
fhwa_cfl_fp24_c619_50,civil_architectural,microtext,public_domain_us_federal_candidate,microtext/docs/fhwa_cfl_fp24_standard_drawings/fhwa_cfl_fp24_c619_50.pdf,1,296,81,10,10,10,0,0,0,0,0,0,10,10,0,0,0,0,0,10,derived/quality/v2_0_canonical_future_capacity_2026-08-29-wave1027-current-safe-plus-wave1012-nasa.jsonl;derived/quality/v2_0_staged_capacity_2026-08-30-wave1563-nasa-lo2-pdu-microtext.json,,,False,staged_future_review_capacity,-50,https://highways.dot.gov/federal-lands/std-drawings/cfl
fhwa_cfl_fp24_c619_51,civil_architectural,microtext,public_domain_us_federal_candidate,microtext/docs/fhwa_cfl_fp24_standard_drawings/fhwa_cfl_fp24_c619_51.pdf,1,186,77,10,10,10,0,0,0,0,0,0,10,10,0,0,0,0,0,10,derived/quality/v2_0_canonical_future_capacity_2026-08-29-wave1027-current-safe-plus-wave1012-nasa.jsonl;derived/quality/v2_0_staged_capacity_2026-08-30-wave1563-nasa-lo2-pdu-microtext.json,,,False,staged_future_review_capacity,-50,https://highways.dot.gov/federal-lands/std-drawings/cfl
fhwa_cfl_fp24_c619_52,civil_architectural,microtext,public_domain_us_federal_candidate,microtext/docs/fhwa_cfl_fp24_standard_drawings/fhwa_cfl_fp24_c619_52.pdf,1,132,32,10,10,10,0,0,0,0,0,0,10,10,0,0,0,0,0,10,derived/quality/v2_0_canonical_future_capacity_2026-08-29-wave1027-current-safe-plus-wave1012-nasa.jsonl;derived/quality/v2_0_staged_capacity_2026-08-30-wave1563-nasa-lo2-pdu-microtext.json,,,False,staged_future_review_capacity,-50,https://highways.dot.gov/federal-lands/std-drawings/cfl
olimex_esp32_gateway_g,pcb_schematic,visualdiff,apache_2_0_open_hardware_candidate,visualdiff/docs/olimex_esp32_gateway/revisions/olimex_esp32_gateway_g.pdf,1,911,213,142,10,10,0,0,0,0,0,0,10,10,0,0,8,0,8,76,derived/quality/v2_0_canonical_future_capacity_2026-08-29-wave1027-current-safe-plus-wave1012-nasa.jsonl;derived/quality/v2_0_staged_capacity_2026-08-30-wave1563-nasa-lo2-pdu-microtext.json,,,False,staged_future_review_capacity,-50,https://github.com/OLIMEX/ESP32-GATEWAY.git
olimex_esp32_poe_b2,pcb_schematic,visualdiff,apache_2_0_open_hardware_candidate,visualdiff/docs/olimex_esp32_poe/revisions/olimex_esp32_poe_b2.pdf,1,1093,197,56,10,10,0,0,0,0,0,0,9,9,0,0,5,0,5,5,derived/quality/v2_0_canonical_future_capacity_2026-08-29-wave1027-current-safe-plus-wave1012-nasa.jsonl;derived/quality/v2_0_staged_capacity_2026-08-30-wave1563-nasa-lo2-pdu-microtext.json,,,False,staged_future_review_capacity,-50,https://github.com/OLIMEX/ESP32-POE.git
loc_habs_crystal_palace_saloon,civil_architectural,microtext,public_domain_us_federal_candidate,,2,0,0,10,10,10,0,0,0,0,0,0,10,10,0,0,7,7,0,3,derived/quality/v2_0_canonical_future_capacity_2026-08-29-wave1027-current-safe-plus-wave1012-nasa.jsonl;derived/quality/v2_0_staged_capacity_2026-08-30-wave1563-nasa-lo2-pdu-microtext.json,machine_exhausted_after_reviewed_pass,derived/quality/v2_0_wave171_ocr_visual_audit.json,False,staged_future_review_capacity,-50,https://www.loc.gov/pictures/item/az0020.sheet.00001a/
nasa_20100021953_a3_altitude_test_facility,pid,microtext,government_public_use_permitted_nasa_candidate,source/review/nasa_20100021953_wave808/20100021953.pdf,4,36,4,10,10,10,0,0,0,0,0,0,9,9,0,0,0,0,0,9,derived/quality/v2_0_canonical_future_capacity_2026-08-29-wave1027-current-safe-plus-wave1012-nasa.jsonl;derived/quality/v2_0_staged_capacity_2026-08-30-wave1563-nasa-lo2-pdu-microtext.json,machine_exhausted_after_reviewed_pass,derived/quality/v2_0_wave820_nasa_nonpin_machine_curation_funnel.json,False,staged_future_review_capacity,-50,https://ntrs.nasa.gov/citations/20100021953
usace_ufgs_26_12_21_single_phase_transformer_details,mechanical_cad,microtext,public_domain_us_federal_candidate,microtext/docs/source_intake_2026_08_16_wave182_wbdg_electrical/ufgs_26_12_21_single_phase_transformer_details_english.pdf,2,0,0,10,9,0,9,9,0,0,0,0,5,0,5,0,0,0,0,3,derived/quality/v2_0_canonical_future_capacity_2026-08-29-wave1027-current-safe-plus-wave1012-nasa.jsonl;derived/quality/v2_0_staged_capacity_2026-08-30-wave1563-nasa-lo2-pdu-microtext.json,machine_exhausted_after_reviewed_pass,derived/quality/v2_0_wave182_visual_report.json,False,staged_future_review_capacity,-50,https://legacy.wbdg.org/dod/ufgs/ufgs-forms-graphics-tables
olimex_esp32_gateway_d,pcb_schematic,visualdiff,apache_2_0_open_hardware_candidate,visualdiff/docs/olimex_esp32_gateway/revisions/olimex_esp32_gateway_d.pdf,1,881,159,74,8,8,0,0,0,0,0,0,8,8,0,0,6,0,6,3,derived/quality/v2_0_canonical_future_capacity_2026-08-29-wave1027-current-safe-plus-wave1012-nasa.jsonl;derived/quality/v2_0_staged_capacity_2026-08-30-wave1563-nasa-lo2-pdu-microtext.json,,,False,staged_future_review_capacity,-50,https://github.com/OLIMEX/ESP32-GATEWAY.git
adafruit_metro_m0_express_2017,pcb_schematic,visualdiff,cc_by_sa_3_0_open_hardware_candidate,visualdiff/docs/adafruit_metro_m0_express/revisions/adafruit_metro_m0_express_2017.sch,1,494,210,16,8,8,0,0,0,0,0,0,8,8,0,0,1,0,1,84,derived/quality/v2_0_canonical_future_capacity_2026-08-29-wave1027-current-safe-plus-wave1012-nasa.jsonl;derived/quality/v2_0_staged_capacity_2026-08-30-wave1563-nasa-lo2-pdu-microtext.json,,,False,staged_future_review_capacity,-50,https://github.com/adafruit/Adafruit-Metro-M0-Express-PCB.git
sparkfun_micromod_samd51_can_names,pcb_schematic,visualdiff,cc_by_sa_4_0_open_hardware_candidate,visualdiff/docs/sparkfun_micromod_samd51/revisions/sparkfun_micromod_samd51_can_names.sch,1,369,170,11,8,8,0,0,0,0,0,0,8,8,0,0,2,0,2,111,derived/quality/v2_0_canonical_future_capacity_2026-08-29-wave1027-current-safe-plus-wave1012-nasa.jsonl;derived/quality/v2_0_staged_capacity_2026-08-30-wave1563-nasa-lo2-pdu-microtext.json,,,False,staged_future_review_capacity,-50,https://github.com/sparkfun/MicroMod_Processor_Board-SAMD51.git
sparkfun_micromod_samd51_v12_route_fix,pcb_schematic,visualdiff,cc_by_sa_4_0_open_hardware_candidate,visualdiff/docs/sparkfun_micromod_samd51/revisions/sparkfun_micromod_samd51_v12_route_fix.sch,1,369,168,9,8,8,0,0,0,0,0,0,8,8,0,0,0,0,0,84,derived/quality/v2_0_canonical_future_capacity_2026-08-29-wave1027-current-safe-plus-wave1012-nasa.jsonl;derived/quality/v2_0_staged_capacity_2026-08-30-wave1563-nasa-lo2-pdu-microtext.json,,,False,staged_future_review_capacity,-50,https://github.com/sparkfun/MicroMod_Processor_Board-SAMD51.git
nasa_20110004377_zero_boiloff_fluid_system,pid,microtext,government_public_use_permitted_nasa_candidate,microtext/docs/source_intake_2026_08_29_wave1012_nasa_engineering_diagrams/20110004377.pdf,3,118,0,8,8,8,0,0,0,0,0,0,8,8,0,0,0,0,0,29,derived/quality/v2_0_canonical_future_capacity_2026-08-29-wave1027-current-safe-plus-wave1012-nasa.jsonl;derived/quality/v2_0_staged_capacity_2026-08-30-wave1563-nasa-lo2-pdu-microtext.json,machine_exhausted_after_reviewed_pass,derived/quality/v2_0_wave1028_nasa_nonpin_postcanonical_novelty.json,False,staged_future_review_capacity,-50,https://ntrs.nasa.gov/citations/20110004377
voron_2_4r1_deck_panel,mechanical_cad,visualdiff,gpl_3_0_open_source_candidate,,1,0,0,7,7,7,0,0,0,0,0,0,4,4,0,0,8,8,0,32,derived/quality/v2_0_canonical_future_capacity_2026-08-29-wave1027-current-safe-plus-wave1012-nasa.jsonl;derived/quality/v2_0_staged_capacity_2026-08-30-wave1563-nasa-lo2-pdu-microtext.json,,,False,staged_future_review_capacity,-50,https://github.com/VoronDesign/Voron-2
fhwa_cfl_fp24_c602_50,civil_architectural,microtext,public_domain_us_federal_candidate,microtext/docs/fhwa_cfl_fp24_standard_drawings/fhwa_cfl_fp24_c602_50.pdf,2,238,24,7,7,7,0,0,0,0,0,0,7,7,0,0,0,0,0,7,derived/quality/v2_0_canonical_future_capacity_2026-08-29-wave1027-current-safe-plus-wave1012-nasa.jsonl;derived/quality/v2_0_staged_capacity_2026-08-30-wave1563-nasa-lo2-pdu-microtext.json,,,False,staged_future_review_capacity,-50,https://highways.dot.gov/federal-lands/std-drawings/cfl
fhwa_cfl_fp24_c602_51,civil_architectural,microtext,public_domain_us_federal_candidate,microtext/docs/fhwa_cfl_fp24_standard_drawings/fhwa_cfl_fp24_c602_51.pdf,2,245,24,7,7,7,0,0,0,0,0,0,7,7,0,0,0,0,0,7,derived/quality/v2_0_canonical_future_capacity_2026-08-29-wave1027-current-safe-plus-wave1012-nasa.jsonl;derived/quality/v2_0_staged_capacity_2026-08-30-wave1563-nasa-lo2-pdu-microtext.json,,,False,staged_future_review_capacity,-50,https://highways.dot.gov/federal-lands/std-drawings/cfl
fhwa_cfl_fp24_c633_50,civil_architectural,microtext,public_domain_us_federal_candidate,microtext/docs/fhwa_cfl_fp24_standard_drawings/fhwa_cfl_fp24_c633_50.pdf,3,176,37,7,7,7,0,0,0,0,0,0,7,7,0,0,0,0,0,7,derived/quality/v2_0_canonical_future_capacity_2026-08-29-wave1027-current-safe-plus-wave1012-nasa.jsonl;derived/quality/v2_0_staged_capacity_2026-08-30-wave1563-nasa-lo2-pdu-microtext.json,,,False,staged_future_review_capacity,-50,https://highways.dot.gov/federal-lands/std-drawings/cfl
wikimedia_absorption_chiller_scheme,pid,microtext,cc_by_sa_3_0_commons_candidate,microtext/docs/wikimedia_absorption_chiller_scheme.svg,1,13,0,13,7,0,7,7,0,0,0,0,7,0,7,0,0,0,0,3,derived/quality/v2_0_canonical_future_capacity_2026-08-29-wave1027-current-safe-plus-wave1012-nasa.jsonl;derived/quality/v2_0_staged_capacity_2026-08-30-wave1563-nasa-lo2-pdu-microtext.json,machine_exhausted_after_reviewed_pass,derived/quality/v2_0_wave183_svg_compat_evidence_audit.json,False,staged_future_review_capacity,-50,https://commons.wikimedia.org/wiki/File:Absorption_chiller_scheme.svg
nasa_19970001675_compressor_facility_and_laser_anemometer,mechanical_cad,microtext,government_public_use_permitted_nasa_candidate,source/review/nasa_19970001675_wave888/19970001675.pdf,2,170,0,7,7,7,0,0,0,0,0,0,7,7,0,0,0,0,0,7,derived/quality/v2_0_canonical_future_capacity_2026-08-29-wave1027-current-safe-plus-wave1012-nasa.jsonl;derived/quality/v2_0_staged_capacity_2026-08-30-wave1563-nasa-lo2-pdu-microtext.json,machine_exhausted_after_reviewed_pass,derived/quality/v2_0_wave904_nasa_nonpin_postcanonical_novelty.json,False,staged_future_review_capacity,-50,https://ntrs.nasa.gov/citations/19970001675
olimex_esp32_poe_c,pcb_schematic,visualdiff,apache_2_0_open_hardware_candidate,visualdiff/docs/olimex_esp32_poe/revisions/olimex_esp32_poe_c.pdf,1,1078,199,45,7,7,0,0,0,0,0,0,6,6,0,0,4,0,4,137,derived/quality/v2_0_canonical_future_capacity_2026-08-29-wave1027-current-safe-plus-wave1012-nasa.jsonl;derived/quality/v2_0_staged_capacity_2026-08-30-wave1563-nasa-lo2-pdu-microtext.json,,,False,staged_future_review_capacity,-50,https://github.com/OLIMEX/ESP32-POE.git
nasa_19800006117_turbine_test_instrumentation,mechanical_cad,microtext,government_public_use_permitted_nasa_candidate,source/review/nasa_19800006117_wave808/19800006117.pdf,2,79,0,7,7,7,0,0,0,0,0,0,4,4,0,0,0,0,0,4,derived/quality/v2_0_canonical_future_capacity_2026-08-29-wave1027-current-safe-plus-wave1012-nasa.jsonl;derived/quality/v2_0_staged_capacity_2026-08-30-wave1563-nasa-lo2-pdu-microtext.json,machine_exhausted_after_reviewed_pass,derived/quality/v2_0_wave820_nasa_nonpin_machine_curation_funnel.json,False,staged_future_review_capacity,-50,https://ntrs.nasa.gov/citations/19800006117
sparkfun_micromod_samd51_latest_parts,pcb_schematic,visualdiff,cc_by_sa_4_0_open_hardware_candidate,visualdiff/docs/sparkfun_micromod_samd51/revisions/sparkfun_micromod_samd51_latest_parts.sch,1,369,170,7,7,7,0,0,0,0,0,0,7,7,0,0,0,0,0,112,derived/quality/v2_0_canonical_future_capacity_2026-08-29-wave1027-current-safe-plus-wave1012-nasa.jsonl;derived/quality/v2_0_staged_capacity_2026-08-30-wave1563-nasa-lo2-pdu-microtext.json,machine_exhausted_no_candidate,derived/quality/v2_0_wave133_probe_samd51_flash_to_latest.json,False,staged_future_review_capacity,-50,https://github.com/sparkfun/MicroMod_Processor_Board-SAMD51.git
fhwa_cfl_fp24_c634_50,civil_architectural,microtext,public_domain_us_federal_candidate,microtext/docs/fhwa_cfl_fp24_standard_drawings/fhwa_cfl_fp24_c634_50.pdf,1,180,9,6,6,6,0,0,0,0,0,0,6,6,0,0,0,0,0,6,derived/quality/v2_0_canonical_future_capacity_2026-08-29-wave1027-current-safe-plus-wave1012-nasa.jsonl;derived/quality/v2_0_staged_capacity_2026-08-30-wave1563-nasa-lo2-pdu-microtext.json,,,False,staged_future_review_capacity,-50,https://highways.dot.gov/federal-lands/std-drawings/cfl
olimex_esp32_gateway_b,pcb_schematic,visualdiff,apache_2_0_open_hardware_candidate,visualdiff/docs/olimex_esp32_gateway/revisions/olimex_esp32_gateway_b.pdf,1,899,182,30,6,6,0,0,0,0,0,0,5,5,0,0,2,0,2,5,derived/quality/v2_0_canonical_future_capacity_2026-08-29-wave1027-current-safe-plus-wave1012-nasa.jsonl;derived/quality/v2_0_staged_capacity_2026-08-30-wave1563-nasa-lo2-pdu-microtext.json,,,False,staged_future_review_capacity,-50,https://github.com/OLIMEX/ESP32-GATEWAY.git
pipettin_platform_dimensions_draft,mechanical_cad,microtext,cern_ohl_s_2_0_hardware_with_cc_by_sa_4_0_documentation_candidate,microtext/docs/pipettin_bot_mechanical_drawings/platform_dimensions_draft_drawings.svg,1,15,0,6,6,0,6,6,0,0,0,0,6,0,6,0,0,0,0,6,derived/quality/v2_0_canonical_future_capacity_2026-08-29-wave1027-current-safe-plus-wave1012-nasa.jsonl;derived/quality/v2_0_staged_capacity_2026-08-30-wave1563-nasa-lo2-pdu-microtext.json,machine_exhausted_after_reviewed_pass,derived/quality/unstaged_review_capacity_2026-08-22-wave745-final-local-nonpin.json,False,staged_future_review_capacity,-50,https://gitlab.com/open-la/pipettin-bot/-/blob/b3f0c20615c7595e6b2b22d72bb7132a9f409158/models/labware/plasticware/platform_dimensions_draft_drawings.svg
nasa_19810012596_low_thrust_engine_cycles,pid,microtext,government_public_use_permitted_nasa_candidate,source/review/nasa_19810012596_wave788/19810012596.pdf,6,195,1,6,6,6,0,0,0,0,0,0,6,6,0,0,0,0,0,6,derived/quality/v2_0_canonical_future_capacity_2026-08-29-wave1027-current-safe-plus-wave1012-nasa.jsonl;derived/quality/v2_0_staged_capacity_2026-08-30-wave1563-nasa-lo2-pdu-microtext.json,machine_exhausted_after_reviewed_pass,derived/quality/v2_0_wave803_nasa_nonpin_machine_curation_funnel.json,False,staged_future_review_capacity,-50,https://ntrs.nasa.gov/citations/19810012596
olimex_esp32_gateway_f,pcb_schematic,visualdiff,apache_2_0_open_hardware_candidate,visualdiff/docs/olimex_esp32_gateway/revisions/olimex_esp32_gateway_f.pdf,1,911,213,25,6,6,0,0,0,0,0,0,5,5,0,0,1,0,1,102,derived/quality/v2_0_canonical_future_capacity_2026-08-29-wave1027-current-safe-plus-wave1012-nasa.jsonl;derived/quality/v2_0_staged_capacity_2026-08-30-wave1563-nasa-lo2-pdu-microtext.json,,,False,staged_future_review_capacity,-50,https://github.com/OLIMEX/ESP32-GATEWAY.git
nasa_19980201177_thruster_injector_facility,pid,microtext,government_public_use_permitted_nasa_candidate,source/review/nasa_19980201177_wave788/19980201177.pdf,1,75,5,6,6,6,0,0,0,0,0,0,5,5,0,0,0,0,0,5,derived/quality/v2_0_canonical_future_capacity_2026-08-29-wave1027-current-safe-plus-wave1012-nasa.jsonl;derived/quality/v2_0_staged_capacity_2026-08-30-wave1563-nasa-lo2-pdu-microtext.json,machine_exhausted_after_reviewed_pass,derived/quality/v2_0_wave803_nasa_nonpin_machine_curation_funnel.json,False,staged_future_review_capacity,-50,https://ntrs.nasa.gov/citations/19980201177
sparkfun_micromod_rp2040_usb_mux_id,pcb_schematic,visualdiff,cc_by_sa_4_0_open_hardware_candidate,visualdiff/docs/sparkfun_micromod_rp2040/revisions/sparkfun_micromod_rp2040_usb_mux_id.sch,1,471,190,23,6,6,0,0,0,0,0,0,6,6,0,0,20,0,20,94,derived/quality/v2_0_canonical_future_capacity_2026-08-29-wave1027-current-safe-plus-wave1012-nasa.jsonl;derived/quality/v2_0_staged_capacity_2026-08-30-wave1563-nasa-lo2-pdu-microtext.json,,,False,staged_future_review_capacity,-50,https://github.com/sparkfun/MicroMod_Processor-RP2040.git
nasa_20205004337_cryogenic_chilldown_instrumentation,pid,microtext,government_public_use_permitted_nasa_candidate,microtext/docs/source_intake_2026_08_29_wave1012_nasa_engineering_diagrams/20205004337.pdf,1,10,0,6,6,6,0,0,0,0,0,0,6,6,0,0,0,0,0,10,derived/quality/v2_0_canonical_future_capacity_2026-08-29-wave1027-current-safe-plus-wave1012-nasa.jsonl;derived/quality/v2_0_staged_capacity_2026-08-30-wave1563-nasa-lo2-pdu-microtext.json,machine_exhausted_after_reviewed_pass,derived/quality/v2_0_wave1028_nasa_nonpin_postcanonical_novelty.json,False,staged_future_review_capacity,-50,https://ntrs.nasa.gov/citations/20205004337
fhwa_cfl_fp24_c606_50,civil_architectural,microtext,public_domain_us_federal_candidate,microtext/docs/fhwa_cfl_fp24_standard_drawings/fhwa_cfl_fp24_c606_50.pdf,1,301,19,5,5,5,0,0,0,0,0,0,5,5,0,0,0,0,0,5,derived/quality/v2_0_canonical_future_capacity_2026-08-29-wave1027-current-safe-plus-wave1012-nasa.jsonl;derived/quality/v2_0_staged_capacity_2026-08-30-wave1563-nasa-lo2-pdu-microtext.json,,,False,staged_future_review_capacity,-50,https://highways.dot.gov/federal-lands/std-drawings/cfl
olimex_esp32_poe_i,pcb_schematic,visualdiff,apache_2_0_open_hardware_candidate,visualdiff/docs/olimex_esp32_poe/revisions/olimex_esp32_poe_i.pdf,1,1172,282,74,5,5,0,0,0,0,0,0,5,5,0,0,2,0,2,2,derived/quality/v2_0_canonical_future_capacity_2026-08-29-wave1027-current-safe-plus-wave1012-nasa.jsonl;derived/quality/v2_0_staged_capacity_2026-08-30-wave1563-nasa-lo2-pdu-microtext.json,,,False,staged_future_review_capacity,-50,https://github.com/OLIMEX/ESP32-POE.git
olimex_stm32_e407_rev_b1,pcb_schematic,visualdiff,cc_by_sa_open_hardware_candidate,visualdiff/docs/olimex_stm32_e407/revisions/olimex_stm32_e407_rev_b1.pdf,1,1586,537,9,5,5,0,0,0,0,0,0,5,5,0,0,0,0,0,257,derived/quality/v2_0_canonical_future_capacity_2026-08-29-wave1027-current-safe-plus-wave1012-nasa.jsonl;derived/quality/v2_0_staged_capacity_2026-08-30-wave1563-nasa-lo2-pdu-microtext.json,,,False,staged_future_review_capacity,-50,https://github.com/OLIMEX/STM32F4.git
pipettin_96_well_plate_dimensions,mechanical_cad,microtext,cern_ohl_s_2_0_hardware_with_cc_by_sa_4_0_documentation_candidate,microtext/docs/pipettin_bot_mechanical_drawings/96-Well_plate.svg,1,25,5,5,5,0,5,5,0,0,0,0,5,0,5,0,0,0,0,5,derived/quality/v2_0_canonical_future_capacity_2026-08-29-wave1027-current-safe-plus-wave1012-nasa.jsonl;derived/quality/v2_0_staged_capacity_2026-08-30-wave1563-nasa-lo2-pdu-microtext.json,machine_exhausted_after_reviewed_pass,derived/quality/unstaged_review_capacity_2026-08-22-wave739-fallback-novelty.json,False,staged_future_review_capacity,-50,https://gitlab.com/open-la/pipettin-bot/-/blob/b3f0c20615c7595e6b2b22d72bb7132a9f409158/models/labware/well_plates/images/96-Well_plate.svg
usace_ufgs_32_01_29_61_spall_repair,civil_architectural,microtext,public_domain_us_federal_candidate,microtext/docs/source_intake_2026_08_16_wave181_wbdg_mechanical_civil/ufgs_32_01_29_61_spall_repair_english.pdf,3,0,0,6,5,0,5,5,0,0,0,0,3,0,3,0,0,0,0,1,derived/quality/v2_0_canonical_future_capacity_2026-08-29-wave1027-current-safe-plus-wave1012-nasa.jsonl;derived/quality/v2_0_staged_capacity_2026-08-30-wave1563-nasa-lo2-pdu-microtext.json,machine_exhausted_after_reviewed_pass,derived/quality/v2_0_wave181_visual_report.json,False,staged_future_review_capacity,-50,https://legacy.wbdg.org/dod/ufgs/ufgs-forms-graphics-tables
olimex_esp32_poe_j,pcb_schematic,visualdiff,apache_2_0_open_hardware_candidate,visualdiff/docs/olimex_esp32_poe/revisions/olimex_esp32_poe_j.pdf,1,1218,300,66,5,5,0,0,0,0,0,0,5,5,0,0,2,0,2,155,derived/quality/v2_0_canonical_future_capacity_2026-08-29-wave1027-current-safe-plus-wave1012-nasa.jsonl;derived/quality/v2_0_staged_capacity_2026-08-30-wave1563-nasa-lo2-pdu-microtext.json,,,False,staged_future_review_capacity,-50,https://github.com/OLIMEX/ESP32-POE.git
adafruit_itsybitsy_32u4_3v_2018,pcb_schematic,visualdiff,cc_by_sa_3_0_open_hardware_candidate,visualdiff/docs/adafruit_itsybitsy_32u4_3v/revisions/adafruit_itsybitsy_32u4_3v_2018.sch,1,316,114,13,5,5,0,0,0,0,0,0,5,5,0,0,0,0,0,92,derived/quality/v2_0_canonical_future_capacity_2026-08-29-wave1027-current-safe-plus-wave1012-nasa.jsonl;derived/quality/v2_0_staged_capacity_2026-08-30-wave1563-nasa-lo2-pdu-microtext.json,,,False,staged_future_review_capacity,-50,https://github.com/adafruit/Adafruit-ItsyBitsy-32u4-PCB.git
sparkfun_micromod_rp2040_micromod_names,pcb_schematic,visualdiff,cc_by_sa_4_0_open_hardware_candidate,visualdiff/docs/sparkfun_micromod_rp2040/revisions/sparkfun_micromod_rp2040_micromod_names.sch,1,471,184,13,5,5,0,0,0,0,0,0,5,5,0,0,3,0,3,145,derived/quality/v2_0_canonical_future_capacity_2026-08-29-wave1027-current-safe-plus-wave1012-nasa.jsonl;derived/quality/v2_0_staged_capacity_2026-08-30-wave1563-nasa-lo2-pdu-microtext.json,,,False,staged_future_review_capacity,-50,https://github.com/sparkfun/MicroMod_Processor-RP2040.git
fhwa_cfl_fp24_c157_51,civil_architectural,microtext,public_domain_us_federal_candidate,microtext/docs/fhwa_cfl_fp24_standard_drawings/fhwa_cfl_fp24_c157_51.pdf,3,236,31,4,4,4,0,0,0,0,0,0,4,4,0,0,0,0,0,4,derived/quality/v2_0_canonical_future_capacity_2026-08-29-wave1027-current-safe-plus-wave1012-nasa.jsonl;derived/quality/v2_0_staged_capacity_2026-08-30-wave1563-nasa-lo2-pdu-microtext.json,,,False,staged_future_review_capacity,-50,https://highways.dot.gov/federal-lands/std-drawings/cfl
fhwa_cfl_fp24_c204_51,civil_architectural,microtext,public_domain_us_federal_candidate,microtext/docs/fhwa_cfl_fp24_standard_drawings/fhwa_cfl_fp24_c204_51.pdf,2,99,10,4,4,4,0,0,0,0,0,0,4,4,0,0,0,0,0,4,derived/quality/v2_0_canonical_future_capacity_2026-08-29-wave1027-current-safe-plus-wave1012-nasa.jsonl;derived/quality/v2_0_staged_capacity_2026-08-30-wave1563-nasa-lo2-pdu-microtext.json,,,False,staged_future_review_capacity,-50,https://highways.dot.gov/federal-lands/std-drawings/cfl
fhwa_cfl_fp24_c501_50,civil_architectural,microtext,public_domain_us_federal_candidate,microtext/docs/fhwa_cfl_fp24_standard_drawings/fhwa_cfl_fp24_c501_50.pdf,2,246,27,4,4,4,0,0,0,0,0,0,4,4,0,0,0,0,0,4,derived/quality/v2_0_canonical_future_capacity_2026-08-29-wave1027-current-safe-plus-wave1012-nasa.jsonl;derived/quality/v2_0_staged_capacity_2026-08-30-wave1563-nasa-lo2-pdu-microtext.json,,,False,staged_future_review_capacity,-50,https://highways.dot.gov/federal-lands/std-drawings/cfl
nasa_19800022976_carbon_fiber_exposure_facility,mechanical_cad,microtext,government_public_use_permitted_nasa_candidate,source/review/nasa_19800022976_wave808/19800022976.pdf,3,101,3,4,4,4,0,0,0,0,0,0,4,4,0,0,0,0,0,4,derived/quality/v2_0_canonical_future_capacity_2026-08-29-wave1027-current-safe-plus-wave1012-nasa.jsonl;derived/quality/v2_0_staged_capacity_2026-08-30-wave1563-nasa-lo2-pdu-microtext.json,machine_exhausted_after_reviewed_pass,derived/quality/v2_0_wave820_nasa_nonpin_machine_curation_funnel.json,False,staged_future_review_capacity,-50,https://ntrs.nasa.gov/citations/19800022976
fhwa_cfl_fp24_c157_57,civil_architectural,microtext,public_domain_us_federal_candidate,microtext/docs/fhwa_cfl_fp24_standard_drawings/fhwa_cfl_fp24_c157_57.pdf,2,111,15,3,3,3,0,0,0,0,0,0,3,3,0,0,0,0,0,3,derived/quality/v2_0_canonical_future_capacity_2026-08-29-wave1027-current-safe-plus-wave1012-nasa.jsonl;derived/quality/v2_0_staged_capacity_2026-08-30-wave1563-nasa-lo2-pdu-microtext.json,,,False,staged_future_review_capacity,-50,https://highways.dot.gov/federal-lands/std-drawings/cfl
fhwa_cfl_fp24_c633_51,civil_architectural,microtext,public_domain_us_federal_candidate,microtext/docs/fhwa_cfl_fp24_standard_drawings/fhwa_cfl_fp24_c633_51.pdf,2,233,16,3,3,3,0,0,0,0,0,0,3,3,0,0,0,0,0,3,derived/quality/v2_0_canonical_future_capacity_2026-08-29-wave1027-current-safe-plus-wave1012-nasa.jsonl;derived/quality/v2_0_staged_capacity_2026-08-30-wave1563-nasa-lo2-pdu-microtext.json,,,False,staged_future_review_capacity,-50,https://highways.dot.gov/federal-lands/std-drawings/cfl
olimex_esp32_poe_e,pcb_schematic,visualdiff,apache_2_0_open_hardware_candidate,visualdiff/docs/olimex_esp32_poe/revisions/olimex_esp32_poe_e.pdf,1,1110,264,130,3,3,0,0,0,0,0,0,3,3,0,0,1,0,1,11,derived/quality/v2_0_canonical_future_capacity_2026-08-29-wave1027-current-safe-plus-wave1012-nasa.jsonl;derived/quality/v2_0_staged_capacity_2026-08-30-wave1563-nasa-lo2-pdu-microtext.json,,,False,staged_future_review_capacity,-50,https://github.com/OLIMEX/ESP32-POE.git
nasa_20050182966_low_pressure_plant_pid,pid,microtext,government_public_use_permitted_nasa_candidate,source/review/nasa_20050182966_wave754/20050182966.pdf,2,0,0,3,3,3,0,0,0,0,0,0,3,3,0,0,0,0,0,3,derived/quality/v2_0_canonical_future_capacity_2026-08-29-wave1027-current-safe-plus-wave1012-nasa.jsonl;derived/quality/v2_0_staged_capacity_2026-08-30-wave1563-nasa-lo2-pdu-microtext.json,,,False,staged_future_review_capacity,-50,https://ntrs.nasa.gov/citations/20050182966
nasa_20170010206_bos_process_instrumentation,pid,microtext,government_public_use_permitted_nasa_candidate,source/review/nasa_20170010206_wave754/20170010206.pdf,1,80,0,3,3,3,0,0,0,0,0,0,3,3,0,0,0,0,0,8,derived/quality/v2_0_canonical_future_capacity_2026-08-29-wave1027-current-safe-plus-wave1012-nasa.jsonl;derived/quality/v2_0_staged_capacity_2026-08-30-wave1563-nasa-lo2-pdu-microtext.json,,,False,staged_future_review_capacity,-50,https://ntrs.nasa.gov/citations/20170010206
fhwa_cfl_fp24_c157_53,civil_architectural,microtext,public_domain_us_federal_candidate,microtext/docs/fhwa_cfl_fp24_standard_drawings/fhwa_cfl_fp24_c157_53.pdf,2,196,20,2,2,2,0,0,0,0,0,0,2,2,0,0,0,0,0,2,derived/quality/v2_0_canonical_future_capacity_2026-08-29-wave1027-current-safe-plus-wave1012-nasa.jsonl;derived/quality/v2_0_staged_capacity_2026-08-30-wave1563-nasa-lo2-pdu-microtext.json,,,False,staged_future_review_capacity,-50,https://highways.dot.gov/federal-lands/std-drawings/cfl
fhwa_cfl_fp24_c157_54,civil_architectural,microtext,public_domain_us_federal_candidate,microtext/docs/fhwa_cfl_fp24_standard_drawings/fhwa_cfl_fp24_c157_54.pdf,2,138,13,2,2,2,0,0,0,0,0,0,2,2,0,0,0,0,0,2,derived/quality/v2_0_canonical_future_capacity_2026-08-29-wave1027-current-safe-plus-wave1012-nasa.jsonl;derived/quality/v2_0_staged_capacity_2026-08-30-wave1563-nasa-lo2-pdu-microtext.json,,,False,staged_future_review_capacity,-50,https://highways.dot.gov/federal-lands/std-drawings/cfl
fhwa_cfl_fp24_c157_55,civil_architectural,microtext,public_domain_us_federal_candidate,microtext/docs/fhwa_cfl_fp24_standard_drawings/fhwa_cfl_fp24_c157_55.pdf,3,256,17,2,2,2,0,0,0,0,0,0,2,2,0,0,0,0,0,2,derived/quality/v2_0_canonical_future_capacity_2026-08-29-wave1027-current-safe-plus-wave1012-nasa.jsonl;derived/quality/v2_0_staged_capacity_2026-08-30-wave1563-nasa-lo2-pdu-microtext.json,,,False,staged_future_review_capacity,-50,https://highways.dot.gov/federal-lands/std-drawings/cfl
fhwa_cfl_fp24_c251_50,civil_architectural,microtext,public_domain_us_federal_candidate,microtext/docs/fhwa_cfl_fp24_standard_drawings/fhwa_cfl_fp24_c251_50.pdf,2,190,6,2,2,2,0,0,0,0,0,0,2,2,0,0,0,0,0,2,derived/quality/v2_0_canonical_future_capacity_2026-08-29-wave1027-current-safe-plus-wave1012-nasa.jsonl;derived/quality/v2_0_staged_capacity_2026-08-30-wave1563-nasa-lo2-pdu-microtext.json,,,False,staged_future_review_capacity,-50,https://highways.dot.gov/federal-lands/std-drawings/cfl
fhwa_cfl_fp24_c251_51,civil_architectural,microtext,public_domain_us_federal_candidate,microtext/docs/fhwa_cfl_fp24_standard_drawings/fhwa_cfl_fp24_c251_51.pdf,2,224,19,2,2,2,0,0,0,0,0,0,2,2,0,0,0,0,0,2,derived/quality/v2_0_canonical_future_capacity_2026-08-29-wave1027-current-safe-plus-wave1012-nasa.jsonl;derived/quality/v2_0_staged_capacity_2026-08-30-wave1563-nasa-lo2-pdu-microtext.json,,,False,staged_future_review_capacity,-50,https://highways.dot.gov/federal-lands/std-drawings/cfl
fhwa_cfl_fp24_c629_50,civil_architectural,microtext,public_domain_us_federal_candidate,microtext/docs/fhwa_cfl_fp24_standard_drawings/fhwa_cfl_fp24_c629_50.pdf,2,149,18,2,2,2,0,0,0,0,0,0,2,2,0,0,0,0,0,2,derived/quality/v2_0_canonical_future_capacity_2026-08-29-wave1027-current-safe-plus-wave1012-nasa.jsonl;derived/quality/v2_0_staged_capacity_2026-08-30-wave1563-nasa-lo2-pdu-microtext.json,,,False,staged_future_review_capacity,-50,https://highways.dot.gov/federal-lands/std-drawings/cfl
olimex_esp32_poe_d,pcb_schematic,visualdiff,apache_2_0_open_hardware_candidate,visualdiff/docs/olimex_esp32_poe/revisions/olimex_esp32_poe_d.pdf,1,1107,262,55,2,2,0,0,0,0,0,0,2,2,0,0,0,0,0,2,derived/quality/v2_0_canonical_future_capacity_2026-08-29-wave1027-current-safe-plus-wave1012-nasa.jsonl;derived/quality/v2_0_staged_capacity_2026-08-30-wave1563-nasa-lo2-pdu-microtext.json,,,False,staged_future_review_capacity,-50,https://github.com/OLIMEX/ESP32-POE.git
olimex_esp32_poe_g1,pcb_schematic,visualdiff,apache_2_0_open_hardware_candidate,visualdiff/docs/olimex_esp32_poe/revisions/olimex_esp32_poe_g1.pdf,1,1170,280,84,2,2,0,0,0,0,0,0,2,2,0,0,1,0,1,9,derived/quality/v2_0_canonical_future_capacity_2026-08-29-wave1027-current-safe-plus-wave1012-nasa.jsonl;derived/quality/v2_0_staged_capacity_2026-08-30-wave1563-nasa-lo2-pdu-microtext.json,,,False,staged_future_review_capacity,-50,https://github.com/OLIMEX/ESP32-POE.git
openflexure_microscope_magnification,mechanical_cad,microtext,gpl_3_0_documentation_with_cern_ohl_s_2_0_repo_candidate,microtext/docs/openflexure_microscope_optics/magnification.svg,1,17,2,2,2,0,2,2,0,0,0,0,2,0,2,0,0,0,0,2,derived/quality/v2_0_canonical_future_capacity_2026-08-29-wave1027-current-safe-plus-wave1012-nasa.jsonl;derived/quality/v2_0_staged_capacity_2026-08-30-wave1563-nasa-lo2-pdu-microtext.json,machine_exhausted_after_reviewed_pass,derived/quality/unstaged_review_capacity_2026-08-22-wave739-fallback-novelty.json,False,staged_future_review_capacity,-50,https://gitlab.com/openflexure/openflexure-microscope/-/blob/f2298b6803675c166bc753bfbb442bbacb034dd9/docs/diagrams/magnification.svg
openflexure_microscope_tube_length,mechanical_cad,microtext,gpl_3_0_documentation_with_cern_ohl_s_2_0_repo_candidate,microtext/docs/openflexure_microscope_optics/tube_length.svg,1,11,2,2,2,0,2,2,0,0,0,0,2,0,2,0,0,0,0,2,derived/quality/v2_0_canonical_future_capacity_2026-08-29-wave1027-current-safe-plus-wave1012-nasa.jsonl;derived/quality/v2_0_staged_capacity_2026-08-30-wave1563-nasa-lo2-pdu-microtext.json,machine_exhausted_after_reviewed_pass,derived/quality/unstaged_review_capacity_2026-08-22-wave739-fallback-novelty.json,False,staged_future_review_capacity,-50,https://gitlab.com/openflexure/openflexure-microscope/-/blob/f2298b6803675c166bc753bfbb442bbacb034dd9/docs/diagrams/tube_length.svg
nasa_19740024100_flow_controller_test_facility,pid,microtext,government_public_use_permitted_nasa_candidate,source/review/nasa_19740024100_wave771/19740024100.pdf,1,47,0,2,2,2,0,0,0,0,0,0,2,2,0,0,0,0,0,2,derived/quality/v2_0_canonical_future_capacity_2026-08-29-wave1027-current-safe-plus-wave1012-nasa.jsonl;derived/quality/v2_0_staged_capacity_2026-08-30-wave1563-nasa-lo2-pdu-microtext.json,machine_exhausted_after_reviewed_pass,derived/quality/v2_0_wave783_nasa_nonpin_machine_curation_funnel.json,False,staged_future_review_capacity,-50,https://ntrs.nasa.gov/citations/19740024100
nasa_19830004834_vab_combustor_test_facility,pid,microtext,government_public_use_permitted_nasa_candidate,source/review/nasa_19830004834_wave771/19830004834.pdf,1,58,0,2,2,2,0,0,0,0,0,0,2,2,0,0,0,0,0,2,derived/quality/v2_0_canonical_future_capacity_2026-08-29-wave1027-current-safe-plus-wave1012-nasa.jsonl;derived/quality/v2_0_staged_capacity_2026-08-30-wave1563-nasa-lo2-pdu-microtext.json,machine_exhausted_after_reviewed_pass,derived/quality/v2_0_wave783_nasa_nonpin_machine_curation_funnel.json,False,staged_future_review_capacity,-50,https://ntrs.nasa.gov/citations/19830004834
olimex_esp32_poe_l,pcb_schematic,visualdiff,apache_2_0_open_hardware_candidate,visualdiff/docs/olimex_esp32_poe/revisions/olimex_esp32_poe_l.pdf,1,1224,302,5,2,2,0,0,0,0,0,0,2,2,0,0,0,0,0,156,derived/quality/v2_0_canonical_future_capacity_2026-08-29-wave1027-current-safe-plus-wave1012-nasa.jsonl;derived/quality/v2_0_staged_capacity_2026-08-30-wave1563-nasa-lo2-pdu-microtext.json,,,False,staged_future_review_capacity,-50,https://github.com/OLIMEX/ESP32-POE.git
olimex_esp32_poe_m2,pcb_schematic,visualdiff,apache_2_0_open_hardware_candidate,visualdiff/docs/olimex_esp32_poe/revisions/olimex_esp32_poe_m2.pdf,1,1802,315,15,2,2,0,0,0,0,0,0,2,2,0,0,0,0,0,212,derived/quality/v2_0_canonical_future_capacity_2026-08-29-wave1027-current-safe-plus-wave1012-nasa.jsonl;derived/quality/v2_0_staged_capacity_2026-08-30-wave1563-nasa-lo2-pdu-microtext.json,,,False,staged_future_review_capacity,-50,https://github.com/OLIMEX/ESP32-POE.git
olimex_esp32_gateway_i,pcb_schematic,visualdiff,apache_2_0_open_hardware_candidate,visualdiff/docs/olimex_esp32_gateway/revisions/olimex_esp32_gateway_i.pdf,1,992,238,2,2,2,0,0,0,0,0,0,2,2,0,0,0,0,0,86,derived/quality/v2_0_canonical_future_capacity_2026-08-29-wave1027-current-safe-plus-wave1012-nasa.jsonl;derived/quality/v2_0_staged_capacity_2026-08-30-wave1563-nasa-lo2-pdu-microtext.json,,,False,staged_future_review_capacity,-50,https://github.com/OLIMEX/ESP32-GATEWAY.git
nasa_19990088077_eclss_process_pid,pid,microtext,government_public_use_permitted_nasa_candidate,source/review/nasa_19990088077_wave754/19990088077.pdf,2,572,0,2,2,2,0,0,0,0,0,0,2,2,0,0,0,0,0,15,derived/quality/v2_0_canonical_future_capacity_2026-08-29-wave1027-current-safe-plus-wave1012-nasa.jsonl;derived/quality/v2_0_staged_capacity_2026-08-30-wave1563-nasa-lo2-pdu-microtext.json,,,False,staged_future_review_capacity,-50,https://ntrs.nasa.gov/citations/19990088077
nasa_19740020825_oxygen_flow_instrumentation,pid,microtext,government_public_use_permitted_nasa_candidate,microtext/docs/source_intake_2026_08_29_wave1012_nasa_engineering_diagrams/19740020825.pdf,5,1533,0,2,2,2,0,0,0,0,0,0,2,2,0,0,0,0,0,10,derived/quality/v2_0_canonical_future_capacity_2026-08-29-wave1027-current-safe-plus-wave1012-nasa.jsonl;derived/quality/v2_0_staged_capacity_2026-08-30-wave1563-nasa-lo2-pdu-microtext.json,machine_exhausted_after_reviewed_pass,derived/quality/v2_0_wave1028_nasa_nonpin_postcanonical_novelty.json,False,staged_future_review_capacity,-50,https://ntrs.nasa.gov/citations/19740020825
fhwa_cfl_fp24_c204_50,civil_architectural,microtext,public_domain_us_federal_candidate,microtext/docs/fhwa_cfl_fp24_standard_drawings/fhwa_cfl_fp24_c204_50.pdf,1,74,6,1,1,1,0,0,0,0,0,0,1,1,0,0,0,0,0,1,derived/quality/v2_0_canonical_future_capacity_2026-08-29-wave1027-current-safe-plus-wave1012-nasa.jsonl;derived/quality/v2_0_staged_capacity_2026-08-30-wave1563-nasa-lo2-pdu-microtext.json,,,False,staged_future_review_capacity,-50,https://highways.dot.gov/federal-lands/std-drawings/cfl
fhwa_cfl_fp24_c629_51,civil_architectural,microtext,public_domain_us_federal_candidate,microtext/docs/fhwa_cfl_fp24_standard_drawings/fhwa_cfl_fp24_c629_51.pdf,2,162,14,1,1,1,0,0,0,0,0,0,1,1,0,0,0,0,0,1,derived/quality/v2_0_canonical_future_capacity_2026-08-29-wave1027-current-safe-plus-wave1012-nasa.jsonl;derived/quality/v2_0_staged_capacity_2026-08-30-wave1563-nasa-lo2-pdu-microtext.json,,,False,staged_future_review_capacity,-50,https://highways.dot.gov/federal-lands/std-drawings/cfl
sparkfun_micromod_rp2040_flash_pullup,pcb_schematic,visualdiff,cc_by_sa_4_0_open_hardware_candidate,visualdiff/docs/sparkfun_micromod_rp2040/revisions/sparkfun_micromod_rp2040_flash_pullup.sch,1,436,173,18,1,1,0,0,0,0,0,0,1,1,0,0,22,0,22,6,derived/quality/v2_0_canonical_future_capacity_2026-08-29-wave1027-current-safe-plus-wave1012-nasa.jsonl;derived/quality/v2_0_staged_capacity_2026-08-30-wave1563-nasa-lo2-pdu-microtext.json,,,False,staged_future_review_capacity,-50,https://github.com/sparkfun/MicroMod_Processor-RP2040.git
openflexure_microscope_digital_microscope,mechanical_cad,microtext,gpl_3_0_documentation_with_cern_ohl_s_2_0_repo_candidate,microtext/docs/openflexure_microscope_optics/DigitalMicroscope.svg,1,7,1,1,1,0,1,1,0,0,0,0,1,0,1,0,0,0,0,1,derived/quality/v2_0_canonical_future_capacity_2026-08-29-wave1027-current-safe-plus-wave1012-nasa.jsonl;derived/quality/v2_0_staged_capacity_2026-08-30-wave1563-nasa-lo2-pdu-microtext.json,machine_exhausted_after_reviewed_pass,derived/quality/unstaged_review_capacity_2026-08-22-wave745-final-local-nonpin.json,False,staged_future_review_capacity,-50,https://gitlab.com/openflexure/openflexure-microscope/-/blob/f2298b6803675c166bc753bfbb442bbacb034dd9/docs/diagrams/DigitalMicroscope.svg
adafruit_clue_schematic,pcb_schematic,microtext,cc_by_sa_3_0_open_hardware_candidate,microtext/docs/adafruit_clue/revisions/adafruit_clue_schematic.sch,1,762,343,1,1,1,0,0,0,0,0,0,1,1,0,0,0,0,0,235,derived/quality/v2_0_canonical_future_capacity_2026-08-29-wave1027-current-safe-plus-wave1012-nasa.jsonl;derived/quality/v2_0_staged_capacity_2026-08-30-wave1563-nasa-lo2-pdu-microtext.json,,,False,staged_future_review_capacity,-50,https://github.com/adafruit/Adafruit-CLUE-PCB.git
olimex_esp32_poe_l1,pcb_schematic,visualdiff,apache_2_0_open_hardware_candidate,visualdiff/docs/olimex_esp32_poe/revisions/olimex_esp32_poe_l1.pdf,1,1225,304,1,1,1,0,0,0,0,0,0,1,1,0,0,0,0,0,85,derived/quality/v2_0_canonical_future_capacity_2026-08-29-wave1027-current-safe-plus-wave1012-nasa.jsonl;derived/quality/v2_0_staged_capacity_2026-08-30-wave1563-nasa-lo2-pdu-microtext.json,,,False,staged_future_review_capacity,-50,https://github.com/OLIMEX/ESP32-POE.git
nasa_19700023555_long_life_thermal_cell,mechanical,microtext,government_public_use_permitted_nasa_candidate,microtext/docs/source_intake_2026_08_16_wave192/nasa_19700023555_long_life_thermal_cell.pdf,31,386,3,1,1,1,0,0,0,0,0,0,1,1,0,0,0,0,0,92,derived/quality/v2_0_canonical_future_capacity_2026-08-29-wave1027-current-safe-plus-wave1012-nasa.jsonl;derived/quality/v2_0_staged_capacity_2026-08-30-wave1563-nasa-lo2-pdu-microtext.json,machine_exhausted_after_reviewed_pass,derived/quality/v2_0_wave192_promotion_contract.json,False,staged_future_review_capacity,-50,https://ntrs.nasa.gov/citations/19700023555
adafruit_circuit_playground_express_schematic,pcb_schematic,microtext,cc_by_sa_3_0_open_hardware_candidate,microtext/docs/adafruit_circuit_playground_express/revisions/adafruit_circuit_playground_express_schematic.sch,1,547,265,0,0,0,0,0,0,0,0,0,0,0,0,0,0,0,0,88,derived/quality/v2_0_canonical_future_capacity_2026-08-29-wave1027-current-safe-plus-wave1012-nasa.jsonl;derived/quality/v2_0_staged_capacity_2026-08-30-wave1563-nasa-lo2-pdu-microtext.json,,,False,staged_future_review_capacity,-50,https://github.com/adafruit/Adafruit-Circuit-Playground-Express-PCB.git
adafruit_feather_32u4_bluefruit_le_schematic,pcb_schematic,microtext,cc_by_sa_3_0_open_hardware_candidate,microtext/docs/adafruit_feather_32u4_bluefruit_le/revisions/adafruit_feather_32u4_bluefruit_le_schematic.sch,1,464,168,0,0,0,0,0,0,0,0,0,0,0,0,0,0,0,0,71,derived/quality/v2_0_canonical_future_capacity_2026-08-29-wave1027-current-safe-plus-wave1012-nasa.jsonl;derived/quality/v2_0_staged_capacity_2026-08-30-wave1563-nasa-lo2-pdu-microtext.json,,,False,staged_future_review_capacity,-50,https://github.com/adafruit/Adafruit-Feather-32u4-Bluefruit-LE-PCB.git
adafruit_itsybitsy_m4_express_schematic,pcb_schematic,microtext,cc_by_sa_3_0_open_hardware_candidate,microtext/docs/adafruit_itsybitsy_m4_express/revisions/adafruit_itsybitsy_m4_express_schematic.sch,1,389,141,0,0,0,0,0,0,0,0,0,0,0,0,0,0,0,0,89,derived/quality/v2_0_canonical_future_capacity_2026-08-29-wave1027-current-safe-plus-wave1012-nasa.jsonl;derived/quality/v2_0_staged_capacity_2026-08-30-wave1563-nasa-lo2-pdu-microtext.json,,,False,staged_future_review_capacity,-50,https://github.com/adafruit/Adafruit-ItsyBitsy-M4-Express-PCB.git
adafruit_itsybitsy_rp2040_schematic,pcb_schematic,microtext,cc_by_sa_3_0_open_hardware_candidate,microtext/docs/adafruit_itsybitsy_rp2040/revisions/adafruit_itsybitsy_rp2040_schematic.sch,1,413,199,0,0,0,0,0,0,0,0,0,0,0,0,0,0,0,0,87,derived/quality/v2_0_canonical_future_capacity_2026-08-29-wave1027-current-safe-plus-wave1012-nasa.jsonl;derived/quality/v2_0_staged_capacity_2026-08-30-wave1563-nasa-lo2-pdu-microtext.json,,,False,staged_future_review_capacity,-50,https://github.com/adafruit/Adafruit-ItsyBitsy-RP2040-PCB.git
adafruit_kb2040_schematic,pcb_schematic,microtext,cc_by_sa_3_0_open_hardware_candidate,microtext/docs/adafruit_kb2040/revisions/adafruit_kb2040_schematic.sch,1,423,211,1,0,0,0,0,0,0,0,0,0,0,0,0,0,0,0,81,derived/quality/v2_0_canonical_future_capacity_2026-08-29-wave1027-current-safe-plus-wave1012-nasa.jsonl;derived/quality/v2_0_staged_capacity_2026-08-30-wave1563-nasa-lo2-pdu-microtext.json,,,False,staged_future_review_capacity,-50,https://github.com/adafruit/Adafruit-KB2040-PCB.git
adafruit_metro_m4_express_schematic,pcb_schematic,microtext,cc_by_sa_3_0_open_hardware_candidate,microtext/docs/adafruit_metro_m4_express/revisions/adafruit_metro_m4_express_schematic.sch,1,540,227,0,0,0,0,0,0,0,0,0,0,0,0,0,0,0,0,105,derived/quality/v2_0_canonical_future_capacity_2026-08-29-wave1027-current-safe-plus-wave1012-nasa.jsonl;derived/quality/v2_0_staged_capacity_2026-08-30-wave1563-nasa-lo2-pdu-microtext.json,,,False,staged_future_review_capacity,-50,https://github.com/adafruit/Adafruit-Metro-M4-Express-PCB.git
adafruit_metro_rp2040_schematic,pcb_schematic,microtext,cc_by_sa_3_0_open_hardware_candidate,microtext/docs/adafruit_metro_rp2040/revisions/adafruit_metro_rp2040_schematic.sch,1,621,324,0,0,0,0,0,0,0,0,0,0,0,0,0,0,0,0,102,derived/quality/v2_0_canonical_future_capacity_2026-08-29-wave1027-current-safe-plus-wave1012-nasa.jsonl;derived/quality/v2_0_staged_capacity_2026-08-30-wave1563-nasa-lo2-pdu-microtext.json,,,False,staged_future_review_capacity,-50,https://github.com/adafruit/Adafruit-Metro-RP2040-PCB.git
adafruit_nrf52840_feather_express_rev_d,pcb_schematic,visualdiff,cc_by_sa_open_hardware_candidate,visualdiff/docs/adafruit_nrf52840_feather_express/revisions/adafruit_nrf52840_feather_express_rev_d.sch,1,554,256,0,0,0,0,0,0,0,0,0,0,0,0,0,0,0,0,84,derived/quality/v2_0_canonical_future_capacity_2026-08-29-wave1027-current-safe-plus-wave1012-nasa.jsonl;derived/quality/v2_0_staged_capacity_2026-08-30-wave1563-nasa-lo2-pdu-microtext.json,,,False,staged_future_review_capacity,-50,https://github.com/adafruit/Adafruit-nRF52-Bluefruit-Feather-PCB.git
adafruit_nrf52840_feather_express_rev_e,pcb_schematic,visualdiff,cc_by_sa_open_hardware_candidate,visualdiff/docs/adafruit_nrf52840_feather_express/revisions/adafruit_nrf52840_feather_express_rev_e.sch,1,556,254,0,0,0,0,0,0,0,0,0,0,0,0,0,0,0,0,84,derived/quality/v2_0_canonical_future_capacity_2026-08-29-wave1027-current-safe-plus-wave1012-nasa.jsonl;derived/quality/v2_0_staged_capacity_2026-08-30-wave1563-nasa-lo2-pdu-microtext.json,,,False,staged_future_review_capacity,-50,https://github.com/adafruit/Adafruit-nRF52-Bluefruit-Feather-PCB.git
adafruit_qt_py_esp32_s3_schematic,pcb_schematic,microtext,cc_by_sa_3_0_open_hardware_candidate,microtext/docs/adafruit_qt_py_esp32_s3/revisions/adafruit_qt_py_esp32_s3_schematic.sch,1,369,162,0,0,0,0,0,0,0,0,0,0,0,0,0,0,0,0,82,derived/quality/v2_0_canonical_future_capacity_2026-08-29-wave1027-current-safe-plus-wave1012-nasa.jsonl;derived/quality/v2_0_staged_capacity_2026-08-30-wave1563-nasa-lo2-pdu-microtext.json,,,False,staged_future_review_capacity,-50,https://github.com/adafruit/Adafruit-QT-Py-ESP32-S3-PCB.git
adafruit_qt_py_rp2040_schematic,pcb_schematic,microtext,cc_by_sa_3_0_open_hardware_candidate,microtext/docs/adafruit_qt_py_rp2040/revisions/adafruit_qt_py_rp2040_schematic.sch,1,372,185,0,0,0,0,0,0,0,0,0,0,0,0,0,0,0,0,84,derived/quality/v2_0_canonical_future_capacity_2026-08-29-wave1027-current-safe-plus-wave1012-nasa.jsonl;derived/quality/v2_0_staged_capacity_2026-08-30-wave1563-nasa-lo2-pdu-microtext.json,,,False,staged_future_review_capacity,-50,https://github.com/adafruit/Adafruit-QT-Py-RP2040-PCB.git
adafruit_trinket_m0_schematic,pcb_schematic,microtext,cc_by_sa_3_0_open_hardware_candidate,microtext/docs/adafruit_trinket_m0/revisions/adafruit_trinket_m0_schematic.sch,1,213,62,0,0,0,0,0,0,0,0,0,0,0,0,0,0,0,0,36,derived/quality/v2_0_canonical_future_capacity_2026-08-29-wave1027-current-safe-plus-wave1012-nasa.jsonl;derived/quality/v2_0_staged_capacity_2026-08-30-wave1563-nasa-lo2-pdu-microtext.json,,,False,staged_future_review_capacity,-50,https://github.com/adafruit/Adafruit-Trinket-M0-PCB.git
arduino_giga_display_shield_schematics,pcb_schematic,microtext,cc_by_sa_4_0_arduino_hardware,microtext/docs/source_intake_2026_08_22/arduino_giga_display_shield_schematics.pdf,9,3117,546,0,0,0,0,0,0,0,0,0,0,0,0,0,0,0,0,222,derived/quality/v2_0_canonical_future_capacity_2026-08-29-wave1027-current-safe-plus-wave1012-nasa.jsonl;derived/quality/v2_0_staged_capacity_2026-08-30-wave1563-nasa-lo2-pdu-microtext.json,,,False,staged_future_review_capacity,-50,https://docs.arduino.cc/hardware/giga-display-shield
arduino_leonardo_full_pinout_2025,datasheet_spec,microtext,cc_by_sa_4_0_arduino_hardware,microtext/docs/arduino_leonardo_docs/arduino_leonardo_full_pinout_2025.pdf,3,328,151,0,0,0,0,0,0,0,0,0,0,0,0,0,0,0,0,58,derived/quality/v2_0_canonical_future_capacity_2026-08-29-wave1027-current-safe-plus-wave1012-nasa.jsonl;derived/quality/v2_0_staged_capacity_2026-08-30-wave1563-nasa-lo2-pdu-microtext.json,,,False,staged_future_review_capacity,-50,https://docs.arduino.cc/hardware/leonardo/
arduino_nano_esp32_schematics,pcb_schematic,microtext,cc_by_sa_4_0_arduino_hardware,microtext/docs/source_intake_2026_08_22/arduino_nano_esp32_schematics.pdf,2,1265,331,0,0,0,0,0,0,0,0,0,0,0,0,0,0,0,0,277,derived/quality/v2_0_canonical_future_capacity_2026-08-29-wave1027-current-safe-plus-wave1012-nasa.jsonl;derived/quality/v2_0_staged_capacity_2026-08-30-wave1563-nasa-lo2-pdu-microtext.json,,,False,staged_future_review_capacity,-50,https://docs.arduino.cc/hardware/nano-esp32
arduino_portenta_x8_schematics,pcb_schematic,microtext,cc_by_sa_4_0_arduino_hardware,microtext/docs/source_intake_2026_08_22/arduino_portenta_x8_schematics.pdf,17,14197,4026,0,0,0,0,0,0,0,0,0,0,0,0,0,0,0,0,500,derived/quality/v2_0_canonical_future_capacity_2026-08-29-wave1027-current-safe-plus-wave1012-nasa.jsonl;derived/quality/v2_0_staged_capacity_2026-08-30-wave1563-nasa-lo2-pdu-microtext.json,,,False,staged_future_review_capacity,-50,https://docs.arduino.cc/hardware/portenta-x8
pixhawk_airspeed_v1_1_schematic,pcb_schematic,microtext,cc_by_sa_3_0_open_hardware_candidate,microtext/docs/pixhawk_unused_schematic_snapshots/revisions/pixhawk_airspeed_v1_1_schematic.sch,1,59,14,0,0,0,0,0,0,0,0,0,0,0,0,0,0,0,0,10,derived/quality/v2_0_canonical_future_capacity_2026-08-29-wave1027-current-safe-plus-wave1012-nasa.jsonl;derived/quality/v2_0_staged_capacity_2026-08-30-wave1563-nasa-lo2-pdu-microtext.json,,,False,staged_future_review_capacity,-50,https://github.com/pixhawk/Hardware.git
pixhawk_flow_v1_3_1_schematic,pcb_schematic,microtext,cc_by_sa_3_0_open_hardware_candidate,microtext/docs/pixhawk_unused_schematic_snapshots/revisions/pixhawk_flow_v1_3_1_schematic.sch,3,885,469,0,0,0,0,0,0,0,0,0,0,0,0,0,0,0,0,111,derived/quality/v2_0_canonical_future_capacity_2026-08-29-wave1027-current-safe-plus-wave1012-nasa.jsonl;derived/quality/v2_0_staged_capacity_2026-08-30-wave1563-nasa-lo2-pdu-microtext.json,,,False,staged_future_review_capacity,-50,https://github.com/pixhawk/Hardware.git
pixhawk_io_v1_3_schematic,pcb_schematic,microtext,cc_by_sa_3_0_open_hardware_candidate,microtext/docs/pixhawk_unused_schematic_snapshots/revisions/pixhawk_io_v1_3_schematic.sch,1,832,419,0,0,0,0,0,0,0,0,0,0,0,0,0,0,0,0,114,derived/quality/v2_0_canonical_future_capacity_2026-08-29-wave1027-current-safe-plus-wave1012-nasa.jsonl;derived/quality/v2_0_staged_capacity_2026-08-30-wave1563-nasa-lo2-pdu-microtext.json,,,False,staged_future_review_capacity,-50,https://github.com/pixhawk/Hardware.git
pixhawk_ioar_v1_2_schematic,pcb_schematic,microtext,cc_by_sa_3_0_open_hardware_candidate,microtext/docs/pixhawk_unused_schematic_snapshots/revisions/pixhawk_ioar_v1_2_schematic.sch,1,653,344,0,0,0,0,0,0,0,0,0,0,0,0,0,0,0,0,109,derived/quality/v2_0_canonical_future_capacity_2026-08-29-wave1027-current-safe-plus-wave1012-nasa.jsonl;derived/quality/v2_0_staged_capacity_2026-08-30-wave1563-nasa-lo2-pdu-microtext.json,,,False,staged_future_review_capacity,-50,https://github.com/pixhawk/Hardware.git
pixhawk_sapog_reference_schematic,pcb_schematic,microtext,cc_by_sa_3_0_open_hardware_candidate,microtext/docs/pixhawk_unused_schematic_snapshots/revisions/pixhawk_sapog_reference_schematic.sch,2,769,348,0,0,0,0,0,0,0,0,0,0,0,0,0,0,0,0,119,derived/quality/v2_0_canonical_future_capacity_2026-08-29-wave1027-current-safe-plus-wave1012-nasa.jsonl;derived/quality/v2_0_staged_capacity_2026-08-30-wave1563-nasa-lo2-pdu-microtext.json,,,False,staged_future_review_capacity,-50,https://github.com/pixhawk/Hardware.git
sparkfun_micromod_artemis_v14,pcb_schematic,visualdiff,cc_by_sa_4_0_open_hardware_candidate,visualdiff/docs/sparkfun_micromod_artemis/revisions/sparkfun_micromod_artemis_v14.sch,1,411,151,22,0,0,0,0,0,0,0,0,0,0,0,0,9,0,9,11,derived/quality/v2_0_canonical_future_capacity_2026-08-29-wave1027-current-safe-plus-wave1012-nasa.jsonl;derived/quality/v2_0_staged_capacity_2026-08-30-wave1563-nasa-lo2-pdu-microtext.json,,,False,staged_future_review_capacity,-50,https://github.com/sparkfun/MicroMod_Artemis_Processor.git
sparkfun_micromod_artemis_v16,pcb_schematic,visualdiff,cc_by_sa_4_0_open_hardware_candidate,visualdiff/docs/sparkfun_micromod_artemis/revisions/sparkfun_micromod_artemis_v16.sch,1,424,155,28,0,0,0,0,0,0,0,0,0,0,0,0,10,0,10,11,derived/quality/v2_0_canonical_future_capacity_2026-08-29-wave1027-current-safe-plus-wave1012-nasa.jsonl;derived/quality/v2_0_staged_capacity_2026-08-30-wave1563-nasa-lo2-pdu-microtext.json,,,False,staged_future_review_capacity,-50,https://github.com/sparkfun/MicroMod_Artemis_Processor.git
sparkfun_micromod_esp32_v02,pcb_schematic,visualdiff,cc_by_sa_4_0_open_hardware_candidate,visualdiff/docs/sparkfun_micromod_esp32/revisions/sparkfun_micromod_esp32_v02.sch,1,497,171,14,0,0,0,0,0,0,0,0,0,0,0,0,5,0,5,1,derived/quality/v2_0_canonical_future_capacity_2026-08-29-wave1027-current-safe-plus-wave1012-nasa.jsonl;derived/quality/v2_0_staged_capacity_2026-08-30-wave1563-nasa-lo2-pdu-microtext.json,,,False,staged_future_review_capacity,-50,https://github.com/sparkfun/MicroMod_ESP32_Processor.git
sparkfun_micromod_esp32_v10,pcb_schematic,visualdiff,cc_by_sa_4_0_open_hardware_candidate,visualdiff/docs/sparkfun_micromod_esp32/revisions/sparkfun_micromod_esp32_v10.sch,1,493,169,16,0,0,0,0,0,0,0,0,0,0,0,0,6,0,6,9,derived/quality/v2_0_canonical_future_capacity_2026-08-29-wave1027-current-safe-plus-wave1012-nasa.jsonl;derived/quality/v2_0_staged_capacity_2026-08-30-wave1563-nasa-lo2-pdu-microtext.json,,,False,staged_future_review_capacity,-50,https://github.com/sparkfun/MicroMod_ESP32_Processor.git
sparkfun_micromod_esp32_v10fix,pcb_schematic,visualdiff,cc_by_sa_4_0_open_hardware_candidate,visualdiff/docs/sparkfun_micromod_esp32/revisions/sparkfun_micromod_esp32_v10fix.sch,1,492,169,24,0,0,0,0,0,0,0,0,0,0,0,0,10,0,10,19,derived/quality/v2_0_canonical_future_capacity_2026-08-29-wave1027-current-safe-plus-wave1012-nasa.jsonl;derived/quality/v2_0_staged_capacity_2026-08-30-wave1563-nasa-lo2-pdu-microtext.json,,,False,staged_future_review_capacity,-50,https://github.com/sparkfun/MicroMod_ESP32_Processor.git
sparkfun_micromod_esp32_v11,pcb_schematic,visualdiff,cc_by_sa_4_0_open_hardware_candidate,visualdiff/docs/sparkfun_micromod_esp32/revisions/sparkfun_micromod_esp32_v11.sch,1,490,171,24,0,0,0,0,0,0,0,0,0,0,0,0,9,0,9,11,derived/quality/v2_0_canonical_future_capacity_2026-08-29-wave1027-current-safe-plus-wave1012-nasa.jsonl;derived/quality/v2_0_staged_capacity_2026-08-30-wave1563-nasa-lo2-pdu-microtext.json,,,False,staged_future_review_capacity,-50,https://github.com/sparkfun/MicroMod_ESP32_Processor.git
sparkfun_micromod_teensy_v11_base,pcb_schematic,visualdiff,cc_by_sa_4_0_open_hardware_candidate,visualdiff/docs/sparkfun_micromod_teensy/revisions/sparkfun_micromod_teensy_v11_base.sch,1,631,308,255,0,0,0,0,0,0,0,0,0,0,0,0,7,0,7,234,derived/quality/v2_0_canonical_future_capacity_2026-08-29-wave1027-current-safe-plus-wave1012-nasa.jsonl;derived/quality/v2_0_staged_capacity_2026-08-30-wave1563-nasa-lo2-pdu-microtext.json,,,False,staged_future_review_capacity,-50,https://github.com/sparkfun/MicroMod_Teensy_Processor.git
nasa_19950020756_combustor_flow_schematics,pid,microtext,government_public_use_permitted_nasa_candidate,source/review/nasa_19950020756_wave754/19950020756.pdf,4,528,0,0,0,0,0,0,0,0,0,0,0,0,0,0,0,0,0,68,derived/quality/v2_0_canonical_future_capacity_2026-08-29-wave1027-current-safe-plus-wave1012-nasa.jsonl;derived/quality/v2_0_staged_capacity_2026-08-30-wave1563-nasa-lo2-pdu-microtext.json,,,False,staged_future_review_capacity,-50,https://ntrs.nasa.gov/citations/19950020756
arduino_leonardo_schematics,datasheet_spec,microtext,cc_by_sa_4_0_arduino_hardware,microtext/docs/arduino_leonardo_docs/arduino_leonardo_schematics.pdf,2,2,0,0,0,0,0,0,0,0,0,0,0,0,0,0,0,0,0,33,derived/quality/v2_0_canonical_future_capacity_2026-08-29-wave1027-current-safe-plus-wave1012-nasa.jsonl;derived/quality/v2_0_staged_capacity_2026-08-30-wave1563-nasa-lo2-pdu-microtext.json,machine_exhausted_no_candidate,derived/quality/v2_0_wave878_arduino_leonardo_novelty.json,False,staged_future_review_capacity,-50,https://docs.arduino.cc/hardware/leonardo/
doe_hdbk_1013_92_vol1_instrumentation_control,pid,microtext,public_domain_us_federal_candidate,microtext/docs/source_intake_2026_08_16_wave175_federal/doe_hdbk_1013_92_vol1_instrumentation_control.pdf,41,1369,46,0,0,0,0,0,0,0,0,0,0,0,0,0,0,0,0,1,derived/quality/v2_0_canonical_future_capacity_2026-08-29-wave1027-current-safe-plus-wave1012-nasa.jsonl;derived/quality/v2_0_staged_capacity_2026-08-30-wave1563-nasa-lo2-pdu-microtext.json,machine_exhausted_after_reviewed_pass,derived/quality/v2_0_wave177_doe_vol1_pid_ocr_visual_audit.json,False,staged_future_review_capacity,-50,https://www.energy.gov/ehss/articles/doe-hdbk-10131-92
doe_hdbk_1013_92_vol2_instrumentation_control,pid,microtext,public_domain_us_federal_candidate,microtext/docs/source_intake_2026_08_16_wave175_federal/doe_hdbk_1013_92_vol2_instrumentation_control.pdf,26,832,41,0,0,0,0,0,0,0,0,0,0,0,0,0,0,0,0,7,derived/quality/v2_0_canonical_future_capacity_2026-08-29-wave1027-current-safe-plus-wave1012-nasa.jsonl;derived/quality/v2_0_staged_capacity_2026-08-30-wave1563-nasa-lo2-pdu-microtext.json,machine_exhausted_after_reviewed_pass,derived/quality/v2_0_wave177_doe_vol2_pid_ocr_visual_audit.json,False,staged_future_review_capacity,-50,https://www.energy.gov/ehss/articles/doe-hdbk-10132-92
fhwa_cfl_fp24_c157_50,civil_architectural,microtext,public_domain_us_federal_candidate,microtext/docs/fhwa_cfl_fp24_standard_drawings/fhwa_cfl_fp24_c157_50.pdf,2,171,11,0,0,0,0,0,0,0,0,0,0,0,0,0,0,0,0,6,derived/quality/v2_0_canonical_future_capacity_2026-08-29-wave1027-current-safe-plus-wave1012-nasa.jsonl;derived/quality/v2_0_staged_capacity_2026-08-30-wave1563-nasa-lo2-pdu-microtext.json,machine_exhausted_after_reviewed_pass,derived/quality/v2_0_staged_capacity_2026-08-21-wave318-cfl-c157-50-final.json,False,staged_future_review_capacity,-50,https://highways.dot.gov/federal-lands/std-drawings/cfl
fhwa_wfl_fp24_w157_15,civil_architectural,microtext,public_domain_us_federal_candidate,microtext/docs/fhwa_wfl_fp24_standard_drawings/fhwa_wfl_fp24_w157_15.pdf,2,319,18,0,0,0,0,0,0,0,0,0,0,0,0,0,0,0,0,4,derived/quality/v2_0_canonical_future_capacity_2026-08-29-wave1027-current-safe-plus-wave1012-nasa.jsonl;derived/quality/v2_0_staged_capacity_2026-08-30-wave1563-nasa-lo2-pdu-microtext.json,machine_exhausted_after_reviewed_pass,derived/quality/wave122_fhwa_wfl_visual_audit.csv,False,staged_future_review_capacity,-50,https://highways.fhwa.dot.gov/federal-lands/std-drawings/wfl
fhwa_wfl_fp24_w157_16,civil_architectural,microtext,public_domain_us_federal_candidate,microtext/docs/fhwa_wfl_fp24_standard_drawings/fhwa_wfl_fp24_w157_16.pdf,2,187,8,0,0,0,0,0,0,0,0,0,0,0,0,0,0,0,0,4,derived/quality/v2_0_canonical_future_capacity_2026-08-29-wave1027-current-safe-plus-wave1012-nasa.jsonl;derived/quality/v2_0_staged_capacity_2026-08-30-wave1563-nasa-lo2-pdu-microtext.json,machine_exhausted_after_reviewed_pass,derived/quality/wave122_fhwa_wfl_visual_audit.csv,False,staged_future_review_capacity,-50,https://highways.fhwa.dot.gov/federal-lands/std-drawings/wfl
fhwa_wfl_fp24_w157_2,civil_architectural,microtext,public_domain_us_federal_candidate,microtext/docs/fhwa_wfl_fp24_standard_drawings/fhwa_wfl_fp24_w157_2.pdf,4,404,27,0,0,0,0,0,0,0,0,0,0,0,0,0,0,0,0,3,derived/quality/v2_0_canonical_future_capacity_2026-08-29-wave1027-current-safe-plus-wave1012-nasa.jsonl;derived/quality/v2_0_staged_capacity_2026-08-30-wave1563-nasa-lo2-pdu-microtext.json,machine_exhausted_after_reviewed_pass,derived/quality/wave122_fhwa_wfl_visual_audit.csv,False,staged_future_review_capacity,-50,https://highways.fhwa.dot.gov/federal-lands/std-drawings/wfl
fhwa_wfl_fp24_w253_1,civil_architectural,microtext,public_domain_us_federal_candidate,microtext/docs/fhwa_wfl_fp24_standard_drawings/fhwa_wfl_fp24_w253_1.pdf,2,590,36,0,0,0,0,0,0,0,0,0,0,0,0,0,0,0,0,14,derived/quality/v2_0_canonical_future_capacity_2026-08-29-wave1027-current-safe-plus-wave1012-nasa.jsonl;derived/quality/v2_0_staged_capacity_2026-08-30-wave1563-nasa-lo2-pdu-microtext.json,machine_exhausted_after_reviewed_pass,derived/quality/wave122_fhwa_wfl_visual_audit.csv,False,staged_future_review_capacity,-50,https://highways.fhwa.dot.gov/federal-lands/std-drawings/wfl
fhwa_wfl_fp24_w253_2,civil_architectural,microtext,public_domain_us_federal_candidate,microtext/docs/fhwa_wfl_fp24_standard_drawings/fhwa_wfl_fp24_w253_2.pdf,2,457,36,0,0,0,0,0,0,0,0,0,0,0,0,0,0,0,0,14,derived/quality/v2_0_canonical_future_capacity_2026-08-29-wave1027-current-safe-plus-wave1012-nasa.jsonl;derived/quality/v2_0_staged_capacity_2026-08-30-wave1563-nasa-lo2-pdu-microtext.json,machine_exhausted_after_reviewed_pass,derived/quality/wave122_fhwa_wfl_visual_audit.csv,False,staged_future_review_capacity,-50,https://highways.fhwa.dot.gov/federal-lands/std-drawings/wfl
fhwa_wfl_fp24_w253_3,civil_architectural,microtext,public_domain_us_federal_candidate,microtext/docs/fhwa_wfl_fp24_standard_drawings/fhwa_wfl_fp24_w253_3.pdf,2,373,46,0,0,0,0,0,0,0,0,0,0,0,0,0,0,0,0,7,derived/quality/v2_0_canonical_future_capacity_2026-08-29-wave1027-current-safe-plus-wave1012-nasa.jsonl;derived/quality/v2_0_staged_capacity_2026-08-30-wave1563-nasa-lo2-pdu-microtext.json,machine_exhausted_after_reviewed_pass,derived/quality/wave122_fhwa_wfl_visual_audit.csv,False,staged_future_review_capacity,-50,https://highways.fhwa.dot.gov/federal-lands/std-drawings/wfl
fhwa_wfl_fp24_w601_10,civil_architectural,microtext,public_domain_us_federal_candidate,microtext/docs/fhwa_wfl_fp24_standard_drawings/fhwa_wfl_fp24_w601_10.pdf,2,1107,94,0,0,0,0,0,0,0,0,0,0,0,0,0,0,0,0,47,derived/quality/v2_0_canonical_future_capacity_2026-08-29-wave1027-current-safe-plus-wave1012-nasa.jsonl;derived/quality/v2_0_staged_capacity_2026-08-30-wave1563-nasa-lo2-pdu-microtext.json,machine_exhausted_after_reviewed_pass,derived/quality/wave122_fhwa_wfl_visual_audit.csv,False,staged_future_review_capacity,-50,https://highways.fhwa.dot.gov/federal-lands/std-drawings/wfl
fhwa_wfl_fp24_w606_10,civil_architectural,microtext,public_domain_us_federal_candidate,microtext/docs/fhwa_wfl_fp24_standard_drawings/fhwa_wfl_fp24_w606_10.pdf,2,435,22,0,0,0,0,0,0,0,0,0,0,0,0,0,0,0,0,5,derived/quality/v2_0_canonical_future_capacity_2026-08-29-wave1027-current-safe-plus-wave1012-nasa.jsonl;derived/quality/v2_0_staged_capacity_2026-08-30-wave1563-nasa-lo2-pdu-microtext.json,machine_exhausted_after_reviewed_pass,derived/quality/wave122_fhwa_wfl_visual_audit.csv,False,staged_future_review_capacity,-50,https://highways.fhwa.dot.gov/federal-lands/std-drawings/wfl
fhwa_wfl_fp24_w606_11,civil_architectural,microtext,public_domain_us_federal_candidate,microtext/docs/fhwa_wfl_fp24_standard_drawings/fhwa_wfl_fp24_w606_11.pdf,2,430,37,0,0,0,0,0,0,0,0,0,0,0,0,0,0,0,0,6,derived/quality/v2_0_canonical_future_capacity_2026-08-29-wave1027-current-safe-plus-wave1012-nasa.jsonl;derived/quality/v2_0_staged_capacity_2026-08-30-wave1563-nasa-lo2-pdu-microtext.json,machine_exhausted_after_reviewed_pass,derived/quality/wave122_fhwa_wfl_visual_audit.csv,False,staged_future_review_capacity,-50,https://highways.fhwa.dot.gov/federal-lands/std-drawings/wfl
fhwa_wfl_fp24_w606_12,civil_architectural,microtext,public_domain_us_federal_candidate,microtext/docs/fhwa_wfl_fp24_standard_drawings/fhwa_wfl_fp24_w606_12.pdf,2,355,43,0,0,0,0,0,0,0,0,0,0,0,0,0,0,0,0,16,derived/quality/v2_0_canonical_future_capacity_2026-08-29-wave1027-current-safe-plus-wave1012-nasa.jsonl;derived/quality/v2_0_staged_capacity_2026-08-30-wave1563-nasa-lo2-pdu-microtext.json,machine_exhausted_after_reviewed_pass,derived/quality/wave122_fhwa_wfl_visual_audit.csv,False,staged_future_review_capacity,-50,https://highways.fhwa.dot.gov/federal-lands/std-drawings/wfl
fhwa_wfl_fp24_w606_13,civil_architectural,microtext,public_domain_us_federal_candidate,microtext/docs/fhwa_wfl_fp24_standard_drawings/fhwa_wfl_fp24_w606_13.pdf,2,512,35,0,0,0,0,0,0,0,0,0,0,0,0,0,0,0,0,9,derived/quality/v2_0_canonical_future_capacity_2026-08-29-wave1027-current-safe-plus-wave1012-nasa.jsonl;derived/quality/v2_0_staged_capacity_2026-08-30-wave1563-nasa-lo2-pdu-microtext.json,machine_exhausted_after_reviewed_pass,derived/quality/wave122_fhwa_wfl_visual_audit.csv,False,staged_future_review_capacity,-50,https://highways.fhwa.dot.gov/federal-lands/std-drawings/wfl
fhwa_wfl_fp24_w606_14,civil_architectural,microtext,public_domain_us_federal_candidate,microtext/docs/fhwa_wfl_fp24_standard_drawings/fhwa_wfl_fp24_w606_14.pdf,2,226,24,0,0,0,0,0,0,0,0,0,0,0,0,0,0,0,0,3,derived/quality/v2_0_canonical_future_capacity_2026-08-29-wave1027-current-safe-plus-wave1012-nasa.jsonl;derived/quality/v2_0_staged_capacity_2026-08-30-wave1563-nasa-lo2-pdu-microtext.json,machine_exhausted_after_reviewed_pass,derived/quality/wave122_fhwa_wfl_visual_audit.csv,False,staged_future_review_capacity,-50,https://highways.fhwa.dot.gov/federal-lands/std-drawings/wfl
fhwa_wfl_fp24_w617_83,civil_architectural,microtext,public_domain_us_federal_candidate,microtext/docs/fhwa_wfl_fp24_standard_drawings/fhwa_wfl_fp24_w617_83.pdf,6,952,142,0,0,0,0,0,0,0,0,0,0,0,0,0,0,0,0,52,derived/quality/v2_0_canonical_future_capacity_2026-08-29-wave1027-current-safe-plus-wave1012-nasa.jsonl;derived/quality/v2_0_staged_capacity_2026-08-30-wave1563-nasa-lo2-pdu-microtext.json,machine_exhausted_after_reviewed_pass,derived/quality/wave122_fhwa_wfl_visual_audit.csv,False,staged_future_review_capacity,-50,https://highways.fhwa.dot.gov/federal-lands/std-drawings/wfl
fhwa_wfl_fp24_w621_1,civil_architectural,microtext,public_domain_us_federal_candidate,microtext/docs/fhwa_wfl_fp24_standard_drawings/fhwa_wfl_fp24_w621_1.pdf,2,292,28,0,0,0,0,0,0,0,0,0,0,0,0,0,0,0,0,7,derived/quality/v2_0_canonical_future_capacity_2026-08-29-wave1027-current-safe-plus-wave1012-nasa.jsonl;derived/quality/v2_0_staged_capacity_2026-08-30-wave1563-nasa-lo2-pdu-microtext.json,machine_exhausted_after_reviewed_pass,derived/quality/wave122_fhwa_wfl_visual_audit.csv,False,staged_future_review_capacity,-50,https://highways.fhwa.dot.gov/federal-lands/std-drawings/wfl
fhwa_wfl_fp24_w628_10,civil_architectural,microtext,public_domain_us_federal_candidate,microtext/docs/fhwa_wfl_fp24_standard_drawings/fhwa_wfl_fp24_w628_10.pdf,2,190,9,2,0,0,0,0,0,0,0,0,0,0,0,0,0,0,0,1,derived/quality/v2_0_canonical_future_capacity_2026-08-29-wave1027-current-safe-plus-wave1012-nasa.jsonl;derived/quality/v2_0_staged_capacity_2026-08-30-wave1563-nasa-lo2-pdu-microtext.json,machine_exhausted_after_reviewed_pass,derived/quality/wave122_fhwa_wfl_visual_audit.csv,False,staged_future_review_capacity,-50,https://highways.fhwa.dot.gov/federal-lands/std-drawings/wfl
fhwa_wfl_fp24_w633_7,civil_architectural,microtext,public_domain_us_federal_candidate,microtext/docs/fhwa_wfl_fp24_standard_drawings/fhwa_wfl_fp24_w633_7.pdf,2,553,49,0,0,0,0,0,0,0,0,0,0,0,0,0,0,0,0,19,derived/quality/v2_0_canonical_future_capacity_2026-08-29-wave1027-current-safe-plus-wave1012-nasa.jsonl;derived/quality/v2_0_staged_capacity_2026-08-30-wave1563-nasa-lo2-pdu-microtext.json,machine_exhausted_after_reviewed_pass,derived/quality/wave122_fhwa_wfl_visual_audit.csv,False,staged_future_review_capacity,-50,https://highways.fhwa.dot.gov/federal-lands/std-drawings/wfl
fhwa_wfl_fp24_w634_1,civil_architectural,microtext,public_domain_us_federal_candidate,microtext/docs/fhwa_wfl_fp24_standard_drawings/fhwa_wfl_fp24_w634_1.pdf,2,344,62,0,0,0,0,0,0,0,0,0,0,0,0,0,0,0,0,32,derived/quality/v2_0_canonical_future_capacity_2026-08-29-wave1027-current-safe-plus-wave1012-nasa.jsonl;derived/quality/v2_0_staged_capacity_2026-08-30-wave1563-nasa-lo2-pdu-microtext.json,machine_exhausted_after_reviewed_pass,derived/quality/wave122_fhwa_wfl_visual_audit.csv,False,staged_future_review_capacity,-50,https://highways.fhwa.dot.gov/federal-lands/std-drawings/wfl
fhwa_wfl_fp24_w634_2,civil_architectural,microtext,public_domain_us_federal_candidate,microtext/docs/fhwa_wfl_fp24_standard_drawings/fhwa_wfl_fp24_w634_2.pdf,2,338,36,0,0,0,0,0,0,0,0,0,0,0,0,0,0,0,0,14,derived/quality/v2_0_canonical_future_capacity_2026-08-29-wave1027-current-safe-plus-wave1012-nasa.jsonl;derived/quality/v2_0_staged_capacity_2026-08-30-wave1563-nasa-lo2-pdu-microtext.json,machine_exhausted_after_reviewed_pass,derived/quality/wave122_fhwa_wfl_visual_audit.csv,False,staged_future_review_capacity,-50,https://highways.fhwa.dot.gov/federal-lands/std-drawings/wfl
fhwa_wfl_fp24_w646_1,civil_architectural,microtext,public_domain_us_federal_candidate,microtext/docs/fhwa_wfl_fp24_standard_drawings/fhwa_wfl_fp24_w646_1.pdf,2,440,87,0,0,0,0,0,0,0,0,0,0,0,0,0,0,0,0,41,derived/quality/v2_0_canonical_future_capacity_2026-08-29-wave1027-current-safe-plus-wave1012-nasa.jsonl;derived/quality/v2_0_staged_capacity_2026-08-30-wave1563-nasa-lo2-pdu-microtext.json,machine_exhausted_after_reviewed_pass,derived/quality/wave122_fhwa_wfl_visual_audit.csv,False,staged_future_review_capacity,-50,https://highways.fhwa.dot.gov/federal-lands/std-drawings/wfl
fhwa_wfl_fp24_w646_2,civil_architectural,microtext,public_domain_us_federal_candidate,microtext/docs/fhwa_wfl_fp24_standard_drawings/fhwa_wfl_fp24_w646_2.pdf,2,418,28,0,0,0,0,0,0,0,0,0,0,0,0,0,0,0,0,13,derived/quality/v2_0_canonical_future_capacity_2026-08-29-wave1027-current-safe-plus-wave1012-nasa.jsonl;derived/quality/v2_0_staged_capacity_2026-08-30-wave1563-nasa-lo2-pdu-microtext.json,machine_exhausted_after_reviewed_pass,derived/quality/wave122_fhwa_wfl_visual_audit.csv,False,staged_future_review_capacity,-50,https://highways.fhwa.dot.gov/federal-lands/std-drawings/wfl
fhwa_wfl_fp24_w646_3,civil_architectural,microtext,public_domain_us_federal_candidate,microtext/docs/fhwa_wfl_fp24_standard_drawings/fhwa_wfl_fp24_w646_3.pdf,2,331,24,0,0,0,0,0,0,0,0,0,0,0,0,0,0,0,0,15,derived/quality/v2_0_canonical_future_capacity_2026-08-29-wave1027-current-safe-plus-wave1012-nasa.jsonl;derived/quality/v2_0_staged_capacity_2026-08-30-wave1563-nasa-lo2-pdu-microtext.json,machine_exhausted_after_reviewed_pass,derived/quality/wave122_fhwa_wfl_visual_audit.csv,False,staged_future_review_capacity,-50,https://highways.fhwa.dot.gov/federal-lands/std-drawings/wfl
nasa_19790025407_small_power_system_vol3,pid,microtext,government_public_use_permitted_nasa_candidate,microtext/docs/source_intake_2026_08_16_wave191/nasa_19790025407_small_power_system_vol3.pdf,5,333,14,0,0,0,0,0,0,0,0,0,0,0,0,0,0,0,0,24,derived/quality/v2_0_canonical_future_capacity_2026-08-29-wave1027-current-safe-plus-wave1012-nasa.jsonl;derived/quality/v2_0_staged_capacity_2026-08-30-wave1563-nasa-lo2-pdu-microtext.json,machine_exhausted_after_reviewed_pass,derived/quality/v2_0_wave191_nasa_power_system_promotion_contract.json,False,staged_future_review_capacity,-50,https://ntrs.nasa.gov/citations/19790025407
nasa_19810016957_silane_to_silicon_process,pid,microtext,government_public_use_permitted_nasa_candidate,microtext/docs/source_intake_2026_08_16_wave190/nasa_19810016957_silane_to_silicon_process.pdf,19,738,3,0,0,0,0,0,0,0,0,0,0,0,0,0,0,0,0,36,derived/quality/v2_0_canonical_future_capacity_2026-08-29-wave1027-current-safe-plus-wave1012-nasa.jsonl;derived/quality/v2_0_staged_capacity_2026-08-30-wave1563-nasa-lo2-pdu-microtext.json,machine_exhausted_after_reviewed_pass,derived/quality/v2_0_wave190_nasa_silane_promotion_contract.json,False,staged_future_review_capacity,-50,https://ntrs.nasa.gov/citations/19810016957
nasa_19980237539_delta3_pneumatic_pid,pid,microtext,government_public_use_permitted_nasa_candidate,microtext/docs/source_intake_2026_08_17_wave199/nasa_19980237539_delta3_pneumatic_pid.pdf,2,74,0,0,0,0,0,0,0,0,0,0,0,0,0,0,0,0,0,11,derived/quality/v2_0_canonical_future_capacity_2026-08-29-wave1027-current-safe-plus-wave1012-nasa.jsonl;derived/quality/v2_0_staged_capacity_2026-08-30-wave1563-nasa-lo2-pdu-microtext.json,machine_exhausted_after_reviewed_pass,derived/quality/v2_0_wave199_visual_report.json,False,staged_future_review_capacity,-50,https://ntrs.nasa.gov/citations/19980237539
nasa_20250002801_sofc_power_system,pid,microtext,government_public_use_permitted_nasa_candidate,microtext/docs/source_intake_2026_08_16_wave192/nasa_20250002801_sofc_power_system.pdf,1,9,0,0,0,0,0,0,0,0,0,0,0,0,0,0,0,0,0,21,derived/quality/v2_0_canonical_future_capacity_2026-08-29-wave1027-current-safe-plus-wave1012-nasa.jsonl;derived/quality/v2_0_staged_capacity_2026-08-30-wave1563-nasa-lo2-pdu-microtext.json,machine_exhausted_after_reviewed_pass,derived/quality/v2_0_wave192_promotion_contract.json,False,staged_future_review_capacity,-50,https://ntrs.nasa.gov/citations/20250002801
nrcs_pa_pa_017a,civil_architectural,microtext,public_domain_us_federal_candidate,microtext/docs/nrcs_pa_standard_drawings/nrcs_pa_pa_017a.pdf,1,2,1,0,0,0,0,0,0,0,0,0,0,0,0,0,0,0,0,1,derived/quality/v2_0_canonical_future_capacity_2026-08-29-wave1027-current-safe-plus-wave1012-nasa.jsonl;derived/quality/v2_0_staged_capacity_2026-08-30-wave1563-nasa-lo2-pdu-microtext.json,machine_exhausted_after_reviewed_pass,derived/quality/v2_0_wave171_textlayer_dedup_audit.json,False,staged_future_review_capacity,-50,https://www.nrcs.usda.gov/state-offices/pennsylvania/standard-pennsylvania-drawings
nrcs_pa_pa_017b,civil_architectural,microtext,public_domain_us_federal_candidate,microtext/docs/nrcs_pa_standard_drawings/nrcs_pa_pa_017b.pdf,1,2,1,0,0,0,0,0,0,0,0,0,0,0,0,0,0,0,0,1,derived/quality/v2_0_canonical_future_capacity_2026-08-29-wave1027-current-safe-plus-wave1012-nasa.jsonl;derived/quality/v2_0_staged_capacity_2026-08-30-wave1563-nasa-lo2-pdu-microtext.json,machine_exhausted_after_reviewed_pass,derived/quality/v2_0_wave171_textlayer_dedup_audit.json,False,staged_future_review_capacity,-50,https://www.nrcs.usda.gov/state-offices/pennsylvania/standard-pennsylvania-drawings
nrcs_pa_pa_018a,civil_architectural,microtext,public_domain_us_federal_candidate,microtext/docs/nrcs_pa_standard_drawings/nrcs_pa_pa_018a.pdf,1,2,1,0,0,0,0,0,0,0,0,0,0,0,0,0,0,0,0,5,derived/quality/v2_0_canonical_future_capacity_2026-08-29-wave1027-current-safe-plus-wave1012-nasa.jsonl;derived/quality/v2_0_staged_capacity_2026-08-30-wave1563-nasa-lo2-pdu-microtext.json,machine_exhausted_after_reviewed_pass,derived/quality/v2_0_wave171_textlayer_dedup_audit.json,False,staged_future_review_capacity,-50,https://www.nrcs.usda.gov/state-offices/pennsylvania/standard-pennsylvania-drawings
nrcs_pa_pa_018b,civil_architectural,microtext,public_domain_us_federal_candidate,microtext/docs/nrcs_pa_standard_drawings/nrcs_pa_pa_018b.pdf,1,2,1,0,0,0,0,0,0,0,0,0,0,0,0,0,0,0,0,2,derived/quality/v2_0_canonical_future_capacity_2026-08-29-wave1027-current-safe-plus-wave1012-nasa.jsonl;derived/quality/v2_0_staged_capacity_2026-08-30-wave1563-nasa-lo2-pdu-microtext.json,machine_exhausted_after_reviewed_pass,derived/quality/v2_0_wave171_textlayer_dedup_audit.json,False,staged_future_review_capacity,-50,https://www.nrcs.usda.gov/state-offices/pennsylvania/standard-pennsylvania-drawings
nrcs_pa_pa_018c,civil_architectural,microtext,public_domain_us_federal_candidate,microtext/docs/nrcs_pa_standard_drawings/nrcs_pa_pa_018c.pdf,1,2,1,0,0,0,0,0,0,0,0,0,0,0,0,0,0,0,0,3,derived/quality/v2_0_canonical_future_capacity_2026-08-29-wave1027-current-safe-plus-wave1012-nasa.jsonl;derived/quality/v2_0_staged_capacity_2026-08-30-wave1563-nasa-lo2-pdu-microtext.json,machine_exhausted_after_reviewed_pass,derived/quality/v2_0_wave171_textlayer_dedup_audit.json,False,staged_future_review_capacity,-50,https://www.nrcs.usda.gov/state-offices/pennsylvania/standard-pennsylvania-drawings
nrcs_pa_pa_018d,civil_architectural,microtext,public_domain_us_federal_candidate,microtext/docs/nrcs_pa_standard_drawings/nrcs_pa_pa_018d.pdf,1,2,1,0,0,0,0,0,0,0,0,0,0,0,0,0,0,0,0,2,derived/quality/v2_0_canonical_future_capacity_2026-08-29-wave1027-current-safe-plus-wave1012-nasa.jsonl;derived/quality/v2_0_staged_capacity_2026-08-30-wave1563-nasa-lo2-pdu-microtext.json,machine_exhausted_after_reviewed_pass,derived/quality/v2_0_microtext_balance_conversion_plan_2026-08-16-wave172.json,False,staged_future_review_capacity,-50,https://www.nrcs.usda.gov/state-offices/pennsylvania/standard-pennsylvania-drawings
nrcs_pa_pa_019a,civil_architectural,microtext,public_domain_us_federal_candidate,microtext/docs/nrcs_pa_standard_drawings/nrcs_pa_pa_019a.pdf,1,2,1,0,0,0,0,0,0,0,0,0,0,0,0,0,0,0,0,2,derived/quality/v2_0_canonical_future_capacity_2026-08-29-wave1027-current-safe-plus-wave1012-nasa.jsonl;derived/quality/v2_0_staged_capacity_2026-08-30-wave1563-nasa-lo2-pdu-microtext.json,machine_exhausted_after_reviewed_pass,derived/quality/v2_0_microtext_balance_conversion_plan_2026-08-16-wave172.json,False,staged_future_review_capacity,-50,https://www.nrcs.usda.gov/state-offices/pennsylvania/standard-pennsylvania-drawings
nrcs_pa_pa_019b,civil_architectural,microtext,public_domain_us_federal_candidate,microtext/docs/nrcs_pa_standard_drawings/nrcs_pa_pa_019b.pdf,1,2,1,0,0,0,0,0,0,0,0,0,0,0,0,0,0,0,0,2,derived/quality/v2_0_canonical_future_capacity_2026-08-29-wave1027-current-safe-plus-wave1012-nasa.jsonl;derived/quality/v2_0_staged_capacity_2026-08-30-wave1563-nasa-lo2-pdu-microtext.json,machine_exhausted_after_reviewed_pass,derived/quality/v2_0_microtext_balance_conversion_plan_2026-08-16-wave172.json,False,staged_future_review_capacity,-50,https://www.nrcs.usda.gov/state-offices/pennsylvania/standard-pennsylvania-drawings
nrcs_pa_pa_019c,civil_architectural,microtext,public_domain_us_federal_candidate,microtext/docs/nrcs_pa_standard_drawings/nrcs_pa_pa_019c.pdf,1,2,1,0,0,0,0,0,0,0,0,0,0,0,0,0,0,0,0,2,derived/quality/v2_0_canonical_future_capacity_2026-08-29-wave1027-current-safe-plus-wave1012-nasa.jsonl;derived/quality/v2_0_staged_capacity_2026-08-30-wave1563-nasa-lo2-pdu-microtext.json,machine_exhausted_after_reviewed_pass,derived/quality/v2_0_microtext_balance_conversion_plan_2026-08-16-wave172.json,False,staged_future_review_capacity,-50,https://www.nrcs.usda.gov/state-offices/pennsylvania/standard-pennsylvania-drawings
nrcs_pa_pa_019d,civil_architectural,microtext,public_domain_us_federal_candidate,microtext/docs/nrcs_pa_standard_drawings/nrcs_pa_pa_019d.pdf,1,2,1,0,0,0,0,0,0,0,0,0,0,0,0,0,0,0,0,4,derived/quality/v2_0_canonical_future_capacity_2026-08-29-wave1027-current-safe-plus-wave1012-nasa.jsonl;derived/quality/v2_0_staged_capacity_2026-08-30-wave1563-nasa-lo2-pdu-microtext.json,machine_exhausted_after_reviewed_pass,derived/quality/v2_0_microtext_balance_conversion_plan_2026-08-16-wave172.json,False,staged_future_review_capacity,-50,https://www.nrcs.usda.gov/state-offices/pennsylvania/standard-pennsylvania-drawings
nrcs_pa_pa_020a,civil_architectural,microtext,public_domain_us_federal_candidate,microtext/docs/nrcs_pa_standard_drawings/nrcs_pa_pa_020a.pdf,1,2,1,0,0,0,0,0,0,0,0,0,0,0,0,0,0,0,0,5,derived/quality/v2_0_canonical_future_capacity_2026-08-29-wave1027-current-safe-plus-wave1012-nasa.jsonl;derived/quality/v2_0_staged_capacity_2026-08-30-wave1563-nasa-lo2-pdu-microtext.json,machine_exhausted_after_reviewed_pass,derived/quality/v2_0_microtext_balance_conversion_plan_2026-08-16-wave172.json,False,staged_future_review_capacity,-50,https://www.nrcs.usda.gov/state-offices/pennsylvania/standard-pennsylvania-drawings
nrcs_pa_pa_021a,civil_architectural,microtext,public_domain_us_federal_candidate,microtext/docs/nrcs_pa_standard_drawings/nrcs_pa_pa_021a.pdf,1,2,1,0,0,0,0,0,0,0,0,0,0,0,0,0,0,0,0,6,derived/quality/v2_0_canonical_future_capacity_2026-08-29-wave1027-current-safe-plus-wave1012-nasa.jsonl;derived/quality/v2_0_staged_capacity_2026-08-30-wave1563-nasa-lo2-pdu-microtext.json,machine_exhausted_after_reviewed_pass,derived/quality/v2_0_microtext_balance_conversion_plan_2026-08-16-wave172.json,False,staged_future_review_capacity,-50,https://www.nrcs.usda.gov/state-offices/pennsylvania/standard-pennsylvania-drawings
nrcs_pa_pa_021b,civil_architectural,microtext,public_domain_us_federal_candidate,microtext/docs/nrcs_pa_standard_drawings/nrcs_pa_pa_021b.pdf,1,2,1,0,0,0,0,0,0,0,0,0,0,0,0,0,0,0,0,7,derived/quality/v2_0_canonical_future_capacity_2026-08-29-wave1027-current-safe-plus-wave1012-nasa.jsonl;derived/quality/v2_0_staged_capacity_2026-08-30-wave1563-nasa-lo2-pdu-microtext.json,machine_exhausted_after_reviewed_pass,derived/quality/v2_0_microtext_balance_conversion_plan_2026-08-16-wave172.json,False,staged_future_review_capacity,-50,https://www.nrcs.usda.gov/state-offices/pennsylvania/standard-pennsylvania-drawings
nrcs_pa_pa_021c,civil_architectural,microtext,public_domain_us_federal_candidate,microtext/docs/nrcs_pa_standard_drawings/nrcs_pa_pa_021c.pdf,1,2,1,0,0,0,0,0,0,0,0,0,0,0,0,0,0,0,0,5,derived/quality/v2_0_canonical_future_capacity_2026-08-29-wave1027-current-safe-plus-wave1012-nasa.jsonl;derived/quality/v2_0_staged_capacity_2026-08-30-wave1563-nasa-lo2-pdu-microtext.json,machine_exhausted_after_reviewed_pass,derived/quality/v2_0_microtext_balance_conversion_plan_2026-08-16-wave172.json,False,staged_future_review_capacity,-50,https://www.nrcs.usda.gov/state-offices/pennsylvania/standard-pennsylvania-drawings
nrcs_pa_pa_021d,civil_architectural,microtext,public_domain_us_federal_candidate,microtext/docs/nrcs_pa_standard_drawings/nrcs_pa_pa_021d.pdf,1,2,1,0,0,0,0,0,0,0,0,0,0,0,0,0,0,0,0,7,derived/quality/v2_0_canonical_future_capacity_2026-08-29-wave1027-current-safe-plus-wave1012-nasa.jsonl;derived/quality/v2_0_staged_capacity_2026-08-30-wave1563-nasa-lo2-pdu-microtext.json,machine_exhausted_after_reviewed_pass,derived/quality/v2_0_microtext_balance_conversion_plan_2026-08-16-wave172.json,False,staged_future_review_capacity,-50,https://www.nrcs.usda.gov/state-offices/pennsylvania/standard-pennsylvania-drawings
nrcs_pa_pa_022a,civil_architectural,microtext,public_domain_us_federal_candidate,microtext/docs/nrcs_pa_standard_drawings/nrcs_pa_pa_022a.pdf,1,2,1,0,0,0,0,0,0,0,0,0,0,0,0,0,0,0,0,4,derived/quality/v2_0_canonical_future_capacity_2026-08-29-wave1027-current-safe-plus-wave1012-nasa.jsonl;derived/quality/v2_0_staged_capacity_2026-08-30-wave1563-nasa-lo2-pdu-microtext.json,machine_exhausted_after_reviewed_pass,derived/quality/v2_0_microtext_balance_conversion_plan_2026-08-16-wave172.json,False,staged_future_review_capacity,-50,https://www.nrcs.usda.gov/state-offices/pennsylvania/standard-pennsylvania-drawings
nrcs_pa_pa_022b,civil_architectural,microtext,public_domain_us_federal_candidate,microtext/docs/nrcs_pa_standard_drawings/nrcs_pa_pa_022b.pdf,1,2,1,0,0,0,0,0,0,0,0,0,0,0,0,0,0,0,0,6,derived/quality/v2_0_canonical_future_capacity_2026-08-29-wave1027-current-safe-plus-wave1012-nasa.jsonl;derived/quality/v2_0_staged_capacity_2026-08-30-wave1563-nasa-lo2-pdu-microtext.json,machine_exhausted_after_reviewed_pass,derived/quality/v2_0_microtext_balance_conversion_plan_2026-08-16-wave172.json,False,staged_future_review_capacity,-50,https://www.nrcs.usda.gov/state-offices/pennsylvania/standard-pennsylvania-drawings
nrcs_pa_pa_022c,civil_architectural,microtext,public_domain_us_federal_candidate,microtext/docs/nrcs_pa_standard_drawings/nrcs_pa_pa_022c.pdf,1,2,1,0,0,0,0,0,0,0,0,0,0,0,0,0,0,0,0,6,derived/quality/v2_0_canonical_future_capacity_2026-08-29-wave1027-current-safe-plus-wave1012-nasa.jsonl;derived/quality/v2_0_staged_capacity_2026-08-30-wave1563-nasa-lo2-pdu-microtext.json,machine_exhausted_after_reviewed_pass,derived/quality/v2_0_microtext_balance_conversion_plan_2026-08-16-wave172.json,False,staged_future_review_capacity,-50,https://www.nrcs.usda.gov/state-offices/pennsylvania/standard-pennsylvania-drawings
nrcs_pa_pa_022d,civil_architectural,microtext,public_domain_us_federal_candidate,microtext/docs/nrcs_pa_standard_drawings/nrcs_pa_pa_022d.pdf,1,2,1,0,0,0,0,0,0,0,0,0,0,0,0,0,0,0,0,6,derived/quality/v2_0_canonical_future_capacity_2026-08-29-wave1027-current-safe-plus-wave1012-nasa.jsonl;derived/quality/v2_0_staged_capacity_2026-08-30-wave1563-nasa-lo2-pdu-microtext.json,machine_exhausted_after_reviewed_pass,derived/quality/v2_0_microtext_balance_conversion_plan_2026-08-16-wave172.json,False,staged_future_review_capacity,-50,https://www.nrcs.usda.gov/state-offices/pennsylvania/standard-pennsylvania-drawings
nrcs_pa_pa_022e,civil_architectural,microtext,public_domain_us_federal_candidate,microtext/docs/nrcs_pa_standard_drawings/nrcs_pa_pa_022e.pdf,1,2,1,0,0,0,0,0,0,0,0,0,0,0,0,0,0,0,0,9,derived/quality/v2_0_canonical_future_capacity_2026-08-29-wave1027-current-safe-plus-wave1012-nasa.jsonl;derived/quality/v2_0_staged_capacity_2026-08-30-wave1563-nasa-lo2-pdu-microtext.json,machine_exhausted_after_reviewed_pass,derived/quality/v2_0_microtext_balance_conversion_plan_2026-08-16-wave172.json,False,staged_future_review_capacity,-50,https://www.nrcs.usda.gov/state-offices/pennsylvania/standard-pennsylvania-drawings
nrcs_pa_pa_028e,civil_architectural,microtext,public_domain_us_federal_candidate,microtext/docs/nrcs_pa_standard_drawings/nrcs_pa_pa_028e.pdf,1,2,1,1,0,0,0,0,0,0,0,0,0,0,0,0,0,0,0,1,derived/quality/v2_0_canonical_future_capacity_2026-08-29-wave1027-current-safe-plus-wave1012-nasa.jsonl;derived/quality/v2_0_staged_capacity_2026-08-30-wave1563-nasa-lo2-pdu-microtext.json,machine_exhausted_after_reviewed_pass,derived/quality/v2_0_microtext_balance_conversion_plan_2026-08-16-wave172.json,False,staged_future_review_capacity,-50,https://www.nrcs.usda.gov/state-offices/pennsylvania/standard-pennsylvania-drawings
nrcs_pa_pa_039_r1,civil_architectural,microtext,public_domain_us_federal_candidate,microtext/docs/nrcs_pa_standard_drawings/nrcs_pa_pa_039_r1.pdf,1,0,0,0,0,0,0,0,0,0,0,0,0,0,0,0,0,0,0,4,derived/quality/v2_0_canonical_future_capacity_2026-08-29-wave1027-current-safe-plus-wave1012-nasa.jsonl;derived/quality/v2_0_staged_capacity_2026-08-30-wave1563-nasa-lo2-pdu-microtext.json,machine_exhausted_after_reviewed_pass,derived/quality/v2_0_wave172_ocr_visual_audit.json,False,staged_future_review_capacity,-50,https://www.nrcs.usda.gov/state-offices/pennsylvania/standard-pennsylvania-drawings
nrcs_pa_pa_040_r1,civil_architectural,microtext,public_domain_us_federal_candidate,microtext/docs/nrcs_pa_standard_drawings/nrcs_pa_pa_040_r1.pdf,1,0,0,0,0,0,0,0,0,0,0,0,0,0,0,0,0,0,0,4,derived/quality/v2_0_canonical_future_capacity_2026-08-29-wave1027-current-safe-plus-wave1012-nasa.jsonl;derived/quality/v2_0_staged_capacity_2026-08-30-wave1563-nasa-lo2-pdu-microtext.json,machine_exhausted_after_reviewed_pass,derived/quality/v2_0_wave172_ocr_visual_audit.json,False,staged_future_review_capacity,-50,https://www.nrcs.usda.gov/state-offices/pennsylvania/standard-pennsylvania-drawings
nrcs_pa_pa_064,civil_architectural,microtext,public_domain_us_federal_candidate,microtext/docs/nrcs_pa_standard_drawings/nrcs_pa_pa_064.pdf,30,2312,760,92,0,0,0,0,0,0,0,0,0,0,0,0,0,0,0,335,derived/quality/v2_0_canonical_future_capacity_2026-08-29-wave1027-current-safe-plus-wave1012-nasa.jsonl;derived/quality/v2_0_staged_capacity_2026-08-30-wave1563-nasa-lo2-pdu-microtext.json,machine_exhausted_after_reviewed_pass,derived/quality/v2_0_wave170_textlayer_dedup_audit.json,False,staged_future_review_capacity,-50,https://www.nrcs.usda.gov/state-offices/pennsylvania/standard-pennsylvania-drawings
nrcs_pa_pa_067_r3_1_37,civil_architectural,microtext,public_domain_us_federal_candidate,microtext/docs/nrcs_pa_standard_drawings/nrcs_pa_pa_067_r3_1_37.pdf,37,3200,956,0,0,0,0,0,0,0,0,0,0,0,0,0,0,0,0,28,derived/quality/v2_0_canonical_future_capacity_2026-08-29-wave1027-current-safe-plus-wave1012-nasa.jsonl;derived/quality/v2_0_staged_capacity_2026-08-30-wave1563-nasa-lo2-pdu-microtext.json,machine_exhausted_after_reviewed_pass,derived/quality/v2_0_wave170_textlayer_dedup_audit.json,False,staged_future_review_capacity,-50,https://www.nrcs.usda.gov/state-offices/pennsylvania/standard-pennsylvania-drawings
nrcs_pa_pa_068_r1,civil_architectural,microtext,public_domain_us_federal_candidate,microtext/docs/nrcs_pa_standard_drawings/nrcs_pa_pa_068_r1.pdf,1,0,0,0,0,0,0,0,0,0,0,0,0,0,0,0,0,0,0,16,derived/quality/v2_0_canonical_future_capacity_2026-08-29-wave1027-current-safe-plus-wave1012-nasa.jsonl;derived/quality/v2_0_staged_capacity_2026-08-30-wave1563-nasa-lo2-pdu-microtext.json,machine_exhausted_after_reviewed_pass,derived/quality/v2_0_wave173_ocr_visual_audit.json,False,staged_future_review_capacity,-50,https://www.nrcs.usda.gov/state-offices/pennsylvania/standard-pennsylvania-drawings
nrcs_pa_pa_070,civil_architectural,microtext,public_domain_us_federal_candidate,microtext/docs/nrcs_pa_standard_drawings/nrcs_pa_pa_070.pdf,1,2,1,3,0,0,0,0,0,0,0,0,0,0,0,0,0,0,0,7,derived/quality/v2_0_canonical_future_capacity_2026-08-29-wave1027-current-safe-plus-wave1012-nasa.jsonl;derived/quality/v2_0_staged_capacity_2026-08-30-wave1563-nasa-lo2-pdu-microtext.json,machine_exhausted_after_reviewed_pass,derived/quality/v2_0_microtext_balance_conversion_plan_2026-08-16-wave173.json,False,staged_future_review_capacity,-50,https://www.nrcs.usda.gov/state-offices/pennsylvania/standard-pennsylvania-drawings
nrcs_pa_pa_071_07,civil_architectural,microtext,public_domain_us_federal_candidate,microtext/docs/nrcs_pa_standard_drawings/nrcs_pa_pa_071_07.pdf,1,2,1,2,0,0,0,0,0,0,0,0,0,0,0,0,0,0,0,5,derived/quality/v2_0_canonical_future_capacity_2026-08-29-wave1027-current-safe-plus-wave1012-nasa.jsonl;derived/quality/v2_0_staged_capacity_2026-08-30-wave1563-nasa-lo2-pdu-microtext.json,machine_exhausted_after_reviewed_pass,derived/quality/v2_0_microtext_balance_conversion_plan_2026-08-16-wave173.json,False,staged_future_review_capacity,-50,https://www.nrcs.usda.gov/state-offices/pennsylvania/standard-pennsylvania-drawings
nrcs_pa_pa_076,civil_architectural,microtext,public_domain_us_federal_candidate,microtext/docs/nrcs_pa_standard_drawings/nrcs_pa_pa_076.pdf,1,2,1,0,0,0,0,0,0,0,0,0,0,0,0,0,0,0,0,2,derived/quality/v2_0_canonical_future_capacity_2026-08-29-wave1027-current-safe-plus-wave1012-nasa.jsonl;derived/quality/v2_0_staged_capacity_2026-08-30-wave1563-nasa-lo2-pdu-microtext.json,machine_exhausted_after_reviewed_pass,derived/quality/v2_0_microtext_balance_conversion_plan_2026-08-16-wave173.json,False,staged_future_review_capacity,-50,https://www.nrcs.usda.gov/state-offices/pennsylvania/standard-pennsylvania-drawings
nrcs_pa_pa_077,civil_architectural,microtext,public_domain_us_federal_candidate,microtext/docs/nrcs_pa_standard_drawings/nrcs_pa_pa_077.pdf,1,2,1,0,0,0,0,0,0,0,0,0,0,0,0,0,0,0,0,2,derived/quality/v2_0_canonical_future_capacity_2026-08-29-wave1027-current-safe-plus-wave1012-nasa.jsonl;derived/quality/v2_0_staged_capacity_2026-08-30-wave1563-nasa-lo2-pdu-microtext.json,machine_exhausted_after_reviewed_pass,derived/quality/v2_0_microtext_balance_conversion_plan_2026-08-16-wave173.json,False,staged_future_review_capacity,-50,https://www.nrcs.usda.gov/state-offices/pennsylvania/standard-pennsylvania-drawings
nrcs_pa_pa_078,civil_architectural,microtext,public_domain_us_federal_candidate,microtext/docs/nrcs_pa_standard_drawings/nrcs_pa_pa_078.pdf,1,2,1,0,0,0,0,0,0,0,0,0,0,0,0,0,0,0,0,4,derived/quality/v2_0_canonical_future_capacity_2026-08-29-wave1027-current-safe-plus-wave1012-nasa.jsonl;derived/quality/v2_0_staged_capacity_2026-08-30-wave1563-nasa-lo2-pdu-microtext.json,machine_exhausted_after_reviewed_pass,derived/quality/v2_0_microtext_balance_conversion_plan_2026-08-16-wave173.json,False,staged_future_review_capacity,-50,https://www.nrcs.usda.gov/state-offices/pennsylvania/standard-pennsylvania-drawings
nrcs_pa_pa_079,civil_architectural,microtext,public_domain_us_federal_candidate,microtext/docs/nrcs_pa_standard_drawings/nrcs_pa_pa_079.pdf,1,2,1,0,0,0,0,0,0,0,0,0,0,0,0,0,0,0,0,1,derived/quality/v2_0_canonical_future_capacity_2026-08-29-wave1027-current-safe-plus-wave1012-nasa.jsonl;derived/quality/v2_0_staged_capacity_2026-08-30-wave1563-nasa-lo2-pdu-microtext.json,machine_exhausted_after_reviewed_pass,derived/quality/v2_0_microtext_balance_conversion_plan_2026-08-16-wave173.json,False,staged_future_review_capacity,-50,https://www.nrcs.usda.gov/state-offices/pennsylvania/standard-pennsylvania-drawings
nrcs_pa_pa_080,civil_architectural,microtext,public_domain_us_federal_candidate,microtext/docs/nrcs_pa_standard_drawings/nrcs_pa_pa_080.pdf,1,2,1,0,0,0,0,0,0,0,0,0,0,0,0,0,0,0,0,2,derived/quality/v2_0_canonical_future_capacity_2026-08-29-wave1027-current-safe-plus-wave1012-nasa.jsonl;derived/quality/v2_0_staged_capacity_2026-08-30-wave1563-nasa-lo2-pdu-microtext.json,machine_exhausted_after_reviewed_pass,derived/quality/v2_0_microtext_balance_conversion_plan_2026-08-16-wave173.json,False,staged_future_review_capacity,-50,https://www.nrcs.usda.gov/state-offices/pennsylvania/standard-pennsylvania-drawings
nrcs_pa_pa_081,civil_architectural,microtext,public_domain_us_federal_candidate,microtext/docs/nrcs_pa_standard_drawings/nrcs_pa_pa_081.pdf,1,2,1,0,0,0,0,0,0,0,0,0,0,0,0,0,0,0,0,2,derived/quality/v2_0_canonical_future_capacity_2026-08-29-wave1027-current-safe-plus-wave1012-nasa.jsonl;derived/quality/v2_0_staged_capacity_2026-08-30-wave1563-nasa-lo2-pdu-microtext.json,machine_exhausted_after_reviewed_pass,derived/quality/v2_0_microtext_balance_conversion_plan_2026-08-16-wave173.json,False,staged_future_review_capacity,-50,https://www.nrcs.usda.gov/state-offices/pennsylvania/standard-pennsylvania-drawings
nrcs_pa_pa_083_r3_1_33,civil_architectural,microtext,public_domain_us_federal_candidate,microtext/docs/nrcs_pa_standard_drawings/nrcs_pa_pa_083_r3_1_33.pdf,33,2396,803,0,0,0,0,0,0,0,0,0,0,0,0,0,0,0,0,29,derived/quality/v2_0_canonical_future_capacity_2026-08-29-wave1027-current-safe-plus-wave1012-nasa.jsonl;derived/quality/v2_0_staged_capacity_2026-08-30-wave1563-nasa-lo2-pdu-microtext.json,machine_exhausted_after_reviewed_pass,derived/quality/v2_0_wave170_textlayer_dedup_audit.json,False,staged_future_review_capacity,-50,https://www.nrcs.usda.gov/state-offices/pennsylvania/standard-pennsylvania-drawings
nrcs_pa_pa_20b,civil_architectural,microtext,public_domain_us_federal_candidate,microtext/docs/nrcs_pa_standard_drawings/nrcs_pa_pa_20b.pdf,1,2,1,0,0,0,0,0,0,0,0,0,0,0,0,0,0,0,0,4,derived/quality/v2_0_canonical_future_capacity_2026-08-29-wave1027-current-safe-plus-wave1012-nasa.jsonl;derived/quality/v2_0_staged_capacity_2026-08-30-wave1563-nasa-lo2-pdu-microtext.json,machine_exhausted_after_reviewed_pass,derived/quality/v2_0_microtext_balance_conversion_plan_2026-08-16-wave173.json,False,staged_future_review_capacity,-50,https://www.nrcs.usda.gov/state-offices/pennsylvania/standard-pennsylvania-drawings
nrcs_pa_pa_20c,civil_architectural,microtext,public_domain_us_federal_candidate,microtext/docs/nrcs_pa_standard_drawings/nrcs_pa_pa_20c.pdf,1,2,1,0,0,0,0,0,0,0,0,0,0,0,0,0,0,0,0,2,derived/quality/v2_0_canonical_future_capacity_2026-08-29-wave1027-current-safe-plus-wave1012-nasa.jsonl;derived/quality/v2_0_staged_capacity_2026-08-30-wave1563-nasa-lo2-pdu-microtext.json,machine_exhausted_after_reviewed_pass,derived/quality/v2_0_microtext_balance_conversion_plan_2026-08-16-wave173.json,False,staged_future_review_capacity,-50,https://www.nrcs.usda.gov/state-offices/pennsylvania/standard-pennsylvania-drawings
nrcs_pa_pa_20d,civil_architectural,microtext,public_domain_us_federal_candidate,microtext/docs/nrcs_pa_standard_drawings/nrcs_pa_pa_20d.pdf,1,2,1,0,0,0,0,0,0,0,0,0,0,0,0,0,0,0,0,3,derived/quality/v2_0_canonical_future_capacity_2026-08-29-wave1027-current-safe-plus-wave1012-nasa.jsonl;derived/quality/v2_0_staged_capacity_2026-08-30-wave1563-nasa-lo2-pdu-microtext.json,machine_exhausted_after_reviewed_pass,derived/quality/v2_0_microtext_balance_conversion_plan_2026-08-16-wave173.json,False,staged_future_review_capacity,-50,https://www.nrcs.usda.gov/state-offices/pennsylvania/standard-pennsylvania-drawings
nrcs_pa_pa_20e,civil_architectural,microtext,public_domain_us_federal_candidate,microtext/docs/nrcs_pa_standard_drawings/nrcs_pa_pa_20e.pdf,1,2,1,0,0,0,0,0,0,0,0,0,0,0,0,0,0,0,0,4,derived/quality/v2_0_canonical_future_capacity_2026-08-29-wave1027-current-safe-plus-wave1012-nasa.jsonl;derived/quality/v2_0_staged_capacity_2026-08-30-wave1563-nasa-lo2-pdu-microtext.json,machine_exhausted_after_reviewed_pass,derived/quality/v2_0_microtext_balance_conversion_plan_2026-08-16-wave173.json,False,staged_future_review_capacity,-50,https://www.nrcs.usda.gov/state-offices/pennsylvania/standard-pennsylvania-drawings
nrcs_pa_pa_20f,civil_architectural,microtext,public_domain_us_federal_candidate,microtext/docs/nrcs_pa_standard_drawings/nrcs_pa_pa_20f.pdf,1,2,1,0,0,0,0,0,0,0,0,0,0,0,0,0,0,0,0,3,derived/quality/v2_0_canonical_future_capacity_2026-08-29-wave1027-current-safe-plus-wave1012-nasa.jsonl;derived/quality/v2_0_staged_capacity_2026-08-30-wave1563-nasa-lo2-pdu-microtext.json,machine_exhausted_after_reviewed_pass,derived/quality/v2_0_microtext_balance_conversion_plan_2026-08-16-wave173.json,False,staged_future_review_capacity,-50,https://www.nrcs.usda.gov/state-offices/pennsylvania/standard-pennsylvania-drawings
olimex_esp32_gateway_a,pcb_schematic,visualdiff,apache_2_0_open_hardware_candidate,visualdiff/docs/olimex_esp32_gateway/revisions/olimex_esp32_gateway_a.pdf,1,905,180,0,0,0,0,0,0,0,0,0,0,0,0,0,0,0,0,109,derived/quality/v2_0_canonical_future_capacity_2026-08-29-wave1027-current-safe-plus-wave1012-nasa.jsonl;derived/quality/v2_0_staged_capacity_2026-08-30-wave1563-nasa-lo2-pdu-microtext.json,machine_exhausted_no_candidate,derived/quality/v2_0_wave133_olimex_a_to_b_visual_audit.json,False,staged_future_review_capacity,-50,https://github.com/OLIMEX/ESP32-GATEWAY.git
usace_ufgs_11_74_00_dds_utility,mechanical_cad,microtext,public_domain_us_federal_candidate,microtext/docs/source_intake_2026_08_16_wave180_wbdg_details/ufgs_11_74_00_dds_utility_system_english.pdf,1,0,0,0,0,0,0,0,0,0,0,0,0,0,0,0,0,0,0,2,derived/quality/v2_0_canonical_future_capacity_2026-08-29-wave1027-current-safe-plus-wave1012-nasa.jsonl;derived/quality/v2_0_staged_capacity_2026-08-30-wave1563-nasa-lo2-pdu-microtext.json,machine_exhausted_after_reviewed_pass,derived/quality/v2_0_wave180_wbdg_details_visual_report.json,False,staged_future_review_capacity,-50,https://legacy.wbdg.org/dod/ufgs/ufgs-forms-graphics-tables
usace_ufgs_13_49_20_rf_shielding_details,mechanical_cad,microtext,public_domain_us_federal_candidate,microtext/docs/source_intake_2026_08_16_wave179_wbdg_rf_shielding/ufgs_13_49_20_rf_shielding_standard_details.pdf,16,0,0,0,0,0,0,0,0,0,0,0,0,0,0,0,0,0,0,4,derived/quality/v2_0_canonical_future_capacity_2026-08-29-wave1027-current-safe-plus-wave1012-nasa.jsonl;derived/quality/v2_0_staged_capacity_2026-08-30-wave1563-nasa-lo2-pdu-microtext.json,machine_exhausted_after_reviewed_pass,derived/quality/v2_0_wave179_wbdg_rf_visual_audit.json,False,staged_future_review_capacity,-50,https://legacy.wbdg.org/dod/ufgs/ufgs-13-49-20
usace_ufgs_23_09_00_hvac_control_drawings,pid,microtext,public_domain_us_federal_candidate,microtext/docs/source_intake_2026_08_16_wave178_wbdg_controls/wbdg_ufgs_23_09_00_hvac_control_drawings.zip,35,0,0,0,0,0,0,0,0,0,0,0,0,0,0,0,0,0,0,263,derived/quality/v2_0_canonical_future_capacity_2026-08-29-wave1027-current-safe-plus-wave1012-nasa.jsonl;derived/quality/v2_0_staged_capacity_2026-08-30-wave1563-nasa-lo2-pdu-microtext.json,machine_exhausted_after_reviewed_pass,derived/quality/v2_0_wave178_wbdg_hvac_visual_audit.json,False,staged_future_review_capacity,-50,https://www.wbdg.org/dod/ufgs/ufgs-23-09-00
usace_ufgs_26_05_33_power_connection_layouts,mechanical_cad,microtext,public_domain_us_federal_candidate,microtext/docs/source_intake_2026_08_16_wave180_wbdg_details/ufgs_26_05_33_power_connection_layouts.pdf,6,0,0,0,0,0,0,0,0,0,0,0,0,0,0,0,0,0,0,9,derived/quality/v2_0_canonical_future_capacity_2026-08-29-wave1027-current-safe-plus-wave1012-nasa.jsonl;derived/quality/v2_0_staged_capacity_2026-08-30-wave1563-nasa-lo2-pdu-microtext.json,machine_exhausted_after_reviewed_pass,derived/quality/v2_0_wave180_power_completion_visual_report.json,False,staged_future_review_capacity,-50,https://legacy.wbdg.org/dod/ufgs/ufgs-forms-graphics-tables
usace_ufgs_26_12_19_three_phase_transformer_details_en,mechanical_cad,microtext,public_domain_us_federal_candidate,microtext/docs/source_intake_2026_08_16_wave180_wbdg_details/ufgs_26_12_19_three_phase_transformer_details_english.pdf,7,0,0,0,0,0,0,0,0,0,0,0,0,0,0,0,0,0,0,3,derived/quality/v2_0_canonical_future_capacity_2026-08-29-wave1027-current-safe-plus-wave1012-nasa.jsonl;derived/quality/v2_0_staged_capacity_2026-08-30-wave1563-nasa-lo2-pdu-microtext.json,machine_exhausted_after_reviewed_pass,derived/quality/v2_0_wave180_wbdg_details_visual_report.json,False,staged_future_review_capacity,-50,https://legacy.wbdg.org/dod/ufgs/ufgs-forms-graphics-tables
usace_ufgs_26_27_14_electric_metering_sketches_en,mechanical_cad,microtext,public_domain_us_federal_candidate,microtext/docs/source_intake_2026_08_16_wave180_wbdg_details/ufgs_26_27_14_electric_metering_sketches_english.pdf,28,0,0,0,0,0,0,0,0,0,0,0,0,0,0,0,0,0,0,12,derived/quality/v2_0_canonical_future_capacity_2026-08-29-wave1027-current-safe-plus-wave1012-nasa.jsonl;derived/quality/v2_0_staged_capacity_2026-08-30-wave1563-nasa-lo2-pdu-microtext.json,machine_exhausted_after_reviewed_pass,derived/quality/v2_0_wave180_wbdg_details_visual_report.json,False,staged_future_review_capacity,-50,https://legacy.wbdg.org/dod/ufgs/ufgs-forms-graphics-tables
sparkfun_micromod_samd51_spi_clock_names,pcb_schematic,visualdiff,cc_by_sa_4_0_open_hardware_candidate,visualdiff/docs/sparkfun_micromod_samd51/revisions/sparkfun_micromod_samd51_spi_clock_names.sch,1,369,170,7,0,0,0,0,0,0,0,0,0,0,0,0,0,0,0,0,derived/quality/v2_0_canonical_future_capacity_2026-08-29-wave1027-current-safe-plus-wave1012-nasa.jsonl;derived/quality/v2_0_staged_capacity_2026-08-30-wave1563-nasa-lo2-pdu-microtext.json,,,False,machine_reviewed_no_actionable_candidate,-75,https://github.com/sparkfun/MicroMod_Processor_Board-SAMD51.git
mechanical_drawing_reid,mechanical_cad,microtext,public_domain_commons_candidate,microtext/docs/mechanical_drawing_reid/mechanical_drawing_reid.pdf,43,23781,176,1329,943,100,843,835,0,8,0,0,481,100,380,0,1,1,0,0,derived/quality/v2_0_canonical_future_capacity_2026-08-29-wave1027-current-safe-plus-wave1012-nasa.jsonl;derived/quality/v2_0_staged_capacity_2026-08-30-wave1563-nasa-lo2-pdu-microtext.json,machine_exhausted_no_candidate,derived/quality/v2_0_balance_visual_audit_2026-08-13-wave168.json,False,machine_exhausted_no_candidate,-100,https://commons.wikimedia.org/wiki/File:Mechanical_drawing._Elementary_and_advanced_(IA_mechanicaldrawin00reid).pdf
mechanical_drawing_hunt,mechanical_cad,microtext,public_domain_commons_candidate,,52,26451,221,3444,859,80,779,779,0,0,0,950,209,80,129,0,0,0,0,0,derived/quality/v2_0_canonical_future_capacity_2026-08-29-wave1027-current-safe-plus-wave1012-nasa.jsonl;derived/quality/v2_0_staged_capacity_2026-08-30-wave1563-nasa-lo2-pdu-microtext.json,machine_exhausted_no_candidate,derived/quality/v2_0_hunt_exact_contact_sheet_2026-08-11-wave105.png,False,machine_exhausted_no_candidate,-100,https://commons.wikimedia.org/wiki/File:Mechanical_drawing%2C_%28IA_mechanicaldrawin00hunt%29.pdf
nasa_jsc_67701_fabrication_tolerances,mechanical_cad,microtext,public_domain_us_federal_candidate,microtext/docs/source_intake_2026_08_16_wave175_federal/nasa_jsc_67701_fabrication_tolerances.pdf,34,1180,36,303,303,303,0,0,0,0,0,0,303,303,0,0,0,0,0,0,derived/quality/v2_0_canonical_future_capacity_2026-08-29-wave1027-current-safe-plus-wave1012-nasa.jsonl;derived/quality/v2_0_staged_capacity_2026-08-30-wave1563-nasa-lo2-pdu-microtext.json,machine_exhausted_after_reviewed_pass,derived/review_queues/v2_0_wave175_federal_split_reserved.jsonl,False,machine_exhausted_after_reviewed_pass,-100,https://standards.nasa.gov/standard/JSC/JSC-67701-DCN-001
nasa_19920009198_cartridge_dimension_tolerances,datasheet_spec,microtext,government_public_use_permitted_nasa_candidate,microtext/docs/source_intake_2026_08_22_wave666_nasa_buffer/19920009198.pdf,12,1416,0,214,214,214,0,0,0,0,0,0,214,214,0,0,0,0,0,0,derived/quality/v2_0_canonical_future_capacity_2026-08-29-wave1027-current-safe-plus-wave1012-nasa.jsonl;derived/quality/v2_0_staged_capacity_2026-08-30-wave1563-nasa-lo2-pdu-microtext.json,machine_exhausted_after_reviewed_pass,derived/quality/unstaged_review_capacity_2026-08-22-wave739-fallback-novelty.json,False,machine_exhausted_after_reviewed_pass,-100,https://ntrs.nasa.gov/citations/19920009198
pid_041_pump_with_tank_pid_en,pid,microtext,cc_by_sa_3_0_commons,,4,43,16,335,128,64,64,27,0,37,0,0,42,18,7,0,19,19,0,4,derived/quality/v2_0_canonical_future_capacity_2026-08-29-wave1027-current-safe-plus-wave1012-nasa.jsonl;derived/quality/v2_0_staged_capacity_2026-08-30-wave1563-nasa-lo2-pdu-microtext.json,,,True,duplicate_payload_alias,-100,https://commons.wikimedia.org/wiki/File:Pump_with_tank_pid_en.svg
pid_021_pump_with_tank_pid_de,pid,microtext,cc_by_sa_3_0_commons_candidate,microtext/docs/source_intake_2026_07_03d/pid_021_pump_with_tank_pid_de.svg,1,40,14,133,122,10,112,66,0,46,0,0,22,10,8,0,4,4,0,0,derived/quality/v2_0_canonical_future_capacity_2026-08-29-wave1027-current-safe-plus-wave1012-nasa.jsonl;derived/quality/v2_0_staged_capacity_2026-08-30-wave1563-nasa-lo2-pdu-microtext.json,machine_exhausted_after_reviewed_pass,derived/quality/v2_0_wave170_textlayer_visual_audit.json,False,machine_exhausted_after_reviewed_pass,-100,https://commons.wikimedia.org/wiki/File:Pump_with_tank_pid_de.svg
adafruit_feather_32u4_adalogger_pinout,pcb_schematic,microtext,cc_by_sa_open_hardware_candidate,,1,188,92,314,119,71,48,48,0,0,0,0,46,30,16,0,2,2,0,0,derived/quality/v2_0_canonical_future_capacity_2026-08-29-wave1027-current-safe-plus-wave1012-nasa.jsonl;derived/quality/v2_0_staged_capacity_2026-08-30-wave1563-nasa-lo2-pdu-microtext.json,machine_exhausted_after_reviewed_pass,derived/quality/unstaged_review_capacity_2026-08-22-wave739-fallback-novelty.json,False,machine_exhausted_after_reviewed_pass,-100,https://github.com/adafruit/Adafruit-Feather-32u4-Adalogger-PCB
adafruit_esp32_feather_v2_pinout,pcb_schematic,microtext,cc_by_sa_3_0_open_hardware_candidate,,1,189,142,239,113,101,12,0,0,12,0,0,105,101,0,0,105,105,0,0,derived/quality/v2_0_canonical_future_capacity_2026-08-29-wave1027-current-safe-plus-wave1012-nasa.jsonl;derived/quality/v2_0_staged_capacity_2026-08-30-wave1563-nasa-lo2-pdu-microtext.json,machine_exhausted_after_reviewed_pass,derived/quality/unstaged_review_capacity_2026-08-22-wave739-fallback-novelty.json,False,machine_exhausted_after_reviewed_pass,-100,https://github.com/adafruit/Adafruit-ESP32-Feather-V2-PCB
caltrans_xs10_010_deck_drain_type_c,civil_architectural,microtext,public_domain_caltrans_conditions_of_use_candidate,,1,497,53,297,108,76,32,32,0,0,0,0,64,52,12,0,46,46,0,0,derived/quality/v2_0_canonical_future_capacity_2026-08-29-wave1027-current-safe-plus-wave1012-nasa.jsonl;derived/quality/v2_0_staged_capacity_2026-08-30-wave1563-nasa-lo2-pdu-microtext.json,machine_exhausted_no_candidate,derived/quality/v2_0_wave170_textlayer_dedup_audit.json,False,machine_exhausted_no_candidate,-100,https://dot.ca.gov/programs/engineering-services/manuals/bridge-standard-details
adafruit_feather_esp32_s2_pinout,pcb_schematic,microtext,cc_by_sa_open_hardware_candidate,,1,182,114,314,107,74,33,33,0,0,0,0,42,31,11,0,1,1,0,0,derived/quality/v2_0_canonical_future_capacity_2026-08-29-wave1027-current-safe-plus-wave1012-nasa.jsonl;derived/quality/v2_0_staged_capacity_2026-08-30-wave1563-nasa-lo2-pdu-microtext.json,machine_exhausted_after_reviewed_pass,derived/quality/unstaged_review_capacity_2026-08-22-wave739-fallback-novelty.json,False,machine_exhausted_after_reviewed_pass,-100,https://github.com/adafruit/Adafruit-Feather-ESP32-S2-PCB
wikimedia_pump_with_tank_pid_en,pid,microtext,cc_by_sa_3_0_candidate,,2,43,16,392,96,11,85,79,0,6,30,0,19,3,15,0,17,17,0,0,derived/quality/v2_0_canonical_future_capacity_2026-08-29-wave1027-current-safe-plus-wave1012-nasa.jsonl;derived/quality/v2_0_staged_capacity_2026-08-30-wave1563-nasa-lo2-pdu-microtext.json,,,True,duplicate_payload_alias,-100,https://commons.wikimedia.org/wiki/File:Pump_with_tank_pid_en.svg
pid_021_pump_with_tank_pid_en,pid,microtext,cc_by_sa_3_0_commons_candidate,,1,43,16,115,82,13,69,69,0,0,0,0,29,13,16,0,0,0,0,0,derived/quality/v2_0_canonical_future_capacity_2026-08-29-wave1027-current-safe-plus-wave1012-nasa.jsonl;derived/quality/v2_0_staged_capacity_2026-08-30-wave1563-nasa-lo2-pdu-microtext.json,machine_exhausted_after_reviewed_pass,derived/quality/v2_0_wave185_pump_pid_en_allcohort_dedup.json,False,machine_exhausted_after_reviewed_pass,-100,https://commons.wikimedia.org/wiki/File:Pump_with_tank_pid_en.svg
pid_041_pump_with_tank_pid_de,pid,microtext,cc_by_sa_3_0_commons,,4,40,14,269,79,47,32,5,0,27,0,0,27,14,1,0,17,17,0,1,derived/quality/v2_0_canonical_future_capacity_2026-08-29-wave1027-current-safe-plus-wave1012-nasa.jsonl;derived/quality/v2_0_staged_capacity_2026-08-30-wave1563-nasa-lo2-pdu-microtext.json,,,True,duplicate_payload_alias,-100,https://commons.wikimedia.org/wiki/File:Pump_with_tank_pid_de.svg
adafruit_feather_m0_basic_proto_pinout,pcb_schematic,microtext,cc_by_sa_open_hardware_candidate,,1,233,74,272,77,35,42,42,0,0,0,0,34,20,14,0,1,1,0,0,derived/quality/v2_0_canonical_future_capacity_2026-08-29-wave1027-current-safe-plus-wave1012-nasa.jsonl;derived/quality/v2_0_staged_capacity_2026-08-30-wave1563-nasa-lo2-pdu-microtext.json,machine_exhausted_after_reviewed_pass,derived/quality/unstaged_review_capacity_2026-08-22-wave739-fallback-novelty.json,False,machine_exhausted_after_reviewed_pass,-100,https://github.com/adafruit/Adafruit-Feather-M0-Basic-Proto-PCB
adafruit_feather_m0_adalogger_pinout,pcb_schematic,microtext,cc_by_sa_open_hardware_candidate,,1,241,85,278,74,38,36,36,0,0,0,0,33,21,12,0,1,1,0,0,derived/quality/v2_0_canonical_future_capacity_2026-08-29-wave1027-current-safe-plus-wave1012-nasa.jsonl;derived/quality/v2_0_staged_capacity_2026-08-30-wave1563-nasa-lo2-pdu-microtext.json,machine_exhausted_after_reviewed_pass,derived/quality/unstaged_review_capacity_2026-08-22-wave739-fallback-novelty.json,False,machine_exhausted_after_reviewed_pass,-100,https://github.com/adafruit/Adafruit-Feather-M0-Adalogger-PCB
nasa_20160000965_biosparge_pid_and_details,civil_architectural,microtext,government_public_use_permitted_nasa_candidate,microtext/docs/source_intake_2026_08_30_wave1039_official_nasa_engineering/20160000965.pdf,6,174,0,75,71,71,0,0,0,0,0,0,71,71,0,0,0,0,0,0,derived/quality/v2_0_canonical_future_capacity_2026-08-29-wave1027-current-safe-plus-wave1012-nasa.jsonl;derived/quality/v2_0_staged_capacity_2026-08-30-wave1563-nasa-lo2-pdu-microtext.json,machine_exhausted_after_reviewed_pass,derived/quality/v2_0_wave1051_official_nasa_postcanonical_novelty.json,False,machine_exhausted_after_reviewed_pass,-100,https://ntrs.nasa.gov/citations/20160000965
adafruit_feather_32u4_basic_proto_pinout,pcb_schematic,microtext,cc_by_sa_open_hardware_candidate,,1,163,84,274,70,37,33,33,0,0,0,0,31,20,11,0,2,2,0,0,derived/quality/v2_0_canonical_future_capacity_2026-08-29-wave1027-current-safe-plus-wave1012-nasa.jsonl;derived/quality/v2_0_staged_capacity_2026-08-30-wave1563-nasa-lo2-pdu-microtext.json,machine_exhausted_after_reviewed_pass,derived/quality/unstaged_review_capacity_2026-08-22-wave739-fallback-novelty.json,False,machine_exhausted_after_reviewed_pass,-100,https://github.com/adafruit/Adafruit-Feather-32u4-Basic-Proto-PCB
arch_016_building_43_old_rain_shed_roof_plan_roof_truss_plan_hawaii_vo,civil_architectural,microtext,public_domain_us_federal_candidate,microtext/docs/source_intake_2026_07_31_loc_master_wave2/arch_016_building_43_old_rain_shed_roof_plan_roof_truss_plan_hawaii_vo.tif,1,0,0,91,60,7,53,53,0,0,0,0,34,5,29,0,2,2,0,0,derived/quality/v2_0_canonical_future_capacity_2026-08-29-wave1027-current-safe-plus-wave1012-nasa.jsonl;derived/quality/v2_0_staged_capacity_2026-08-30-wave1563-nasa-lo2-pdu-microtext.json,machine_exhausted_after_reviewed_pass,derived/quality/v2_0_wave171_ocr_visual_audit.json,False,machine_exhausted_after_reviewed_pass,-100,https://www.loc.gov/pictures/item/hi0822.sheet.00004a/
adafruit_esp32_s2_tft_feather_pinout,pcb_schematic,microtext,cc_by_sa_open_hardware_candidate,,1,210,122,268,55,34,21,21,0,0,0,0,28,21,7,0,2,2,0,0,derived/quality/v2_0_canonical_future_capacity_2026-08-29-wave1027-current-safe-plus-wave1012-nasa.jsonl;derived/quality/v2_0_staged_capacity_2026-08-30-wave1563-nasa-lo2-pdu-microtext.json,machine_exhausted_after_reviewed_pass,derived/quality/unstaged_review_capacity_2026-08-22-wave739-fallback-novelty.json,False,machine_exhausted_after_reviewed_pass,-100,https://github.com/adafruit/Adafruit-ESP32-S2-TFT-Feather-PCB
nrcs_ne_stockwater_pipeline_handbook_2008,civil_architectural,microtext,public_domain_us_federal_candidate,microtext/docs/nrcs_ne_stockwater_handbook/nrcs_ne_stockwater_pipeline_handbook_2008.pdf,89,2685,40,47,47,47,0,0,0,0,0,0,47,47,0,0,0,0,0,0,derived/quality/v2_0_canonical_future_capacity_2026-08-29-wave1027-current-safe-plus-wave1012-nasa.jsonl;derived/quality/v2_0_staged_capacity_2026-08-30-wave1563-nasa-lo2-pdu-microtext.json,machine_exhausted_after_reviewed_pass,derived/quality/nrcs_ne_stockwater_review_pack_verification_2026-08-22-wave546.json,False,machine_exhausted_after_reviewed_pass,-100,https://www.nrcs.usda.gov/state-offices/nebraska/nebraska-engineering
pid_023_jump_to_content,pid,microtext,commons_license_candidate,,1,0,0,39,39,39,0,0,0,0,0,0,39,39,0,0,0,0,0,0,derived/quality/v2_0_canonical_future_capacity_2026-08-29-wave1027-current-safe-plus-wave1012-nasa.jsonl;derived/quality/v2_0_staged_capacity_2026-08-30-wave1563-nasa-lo2-pdu-microtext.json,,,True,rights_review_or_hold,-100,https://commons.wikimedia.org/wiki/File:Sch%C3%A9ma_P%26ID.jpg
pid_023_schema_pid,pid,microtext,cc_by_sa_3_0_commons_candidate,,1,0,0,39,39,39,0,0,0,0,0,0,39,39,0,0,0,0,0,0,derived/quality/v2_0_canonical_future_capacity_2026-08-29-wave1027-current-safe-plus-wave1012-nasa.jsonl;derived/quality/v2_0_staged_capacity_2026-08-30-wave1563-nasa-lo2-pdu-microtext.json,,,True,duplicate_payload_alias,-100,https://commons.wikimedia.org/wiki/File:Sch%C3%A9ma_P%26ID.jpg
pid_022_ri_sample_iso,pid,microtext,public_domain_commons_candidate,,1,0,0,36,36,36,0,0,0,0,0,0,36,36,0,0,0,0,0,0,derived/quality/v2_0_canonical_future_capacity_2026-08-29-wave1027-current-safe-plus-wave1012-nasa.jsonl;derived/quality/v2_0_staged_capacity_2026-08-30-wave1563-nasa-lo2-pdu-microtext.json,,,True,duplicate_payload_alias,-100,https://commons.wikimedia.org/wiki/File:RI_Sample_ISO.png
civil_011_680_signal_sheet_05,civil_architectural,microtext,public_agency_source_url_terms_sha256,microtext/docs/source_intake_2026_07_02ak_nysdot/civil_011_680_signal_sheet_05.pdf,1,245,32,146,34,27,7,7,0,0,0,0,14,12,2,0,0,0,0,0,derived/quality/v2_0_canonical_future_capacity_2026-08-29-wave1027-current-safe-plus-wave1012-nasa.jsonl;derived/quality/v2_0_staged_capacity_2026-08-30-wave1563-nasa-lo2-pdu-microtext.json,machine_exhausted_no_candidate,derived/quality/v2_0_microtext_balance_conversion_plan_2026-08-16-wave170.json,False,machine_exhausted_no_candidate,-100,https://www.dot.ny.gov/main/business-center/engineering/cadd-info/drawings/standard-sheets-us
nasa_20150000199_cryogenic_hardware_instrumentation,mechanical,microtext,government_public_use_permitted_nasa_candidate,microtext/docs/source_intake_2026_08_30_wave1039_official_nasa_engineering/20150000199.pdf,3,148,0,27,27,27,0,0,0,0,0,0,27,27,0,0,0,0,0,0,derived/quality/v2_0_canonical_future_capacity_2026-08-29-wave1027-current-safe-plus-wave1012-nasa.jsonl;derived/quality/v2_0_staged_capacity_2026-08-30-wave1563-nasa-lo2-pdu-microtext.json,machine_exhausted_after_reviewed_pass,derived/quality/v2_0_wave1051_official_nasa_postcanonical_novelty.json,False,machine_exhausted_after_reviewed_pass,-100,https://ntrs.nasa.gov/citations/20150000199
arch_012_1_13_third_floor_plan_second_floor_plan_first_floor_plan_grou,civil_architectural,microtext,public_domain_us_federal_candidate,microtext/docs/source_intake_2026_07_31_loc_master_wave2/arch_012_1_13_third_floor_plan_second_floor_plan_first_floor_plan_grou.tif,1,0,0,27,26,22,4,4,0,0,0,0,15,13,2,0,4,4,0,0,derived/quality/v2_0_canonical_future_capacity_2026-08-29-wave1027-current-safe-plus-wave1012-nasa.jsonl;derived/quality/v2_0_staged_capacity_2026-08-30-wave1563-nasa-lo2-pdu-microtext.json,machine_exhausted_no_candidate,derived/quality/v2_0_wave171_ocr_dedup_audit.json,False,machine_exhausted_no_candidate,-100,https://www.loc.gov/pictures/item/ak0003.sheet.00013a/
civil_011_680_signal_sheet_12,civil_architectural,microtext,public_agency_source_url_terms_sha256,microtext/docs/source_intake_2026_07_02ak_nysdot/civil_011_680_signal_sheet_12.pdf,1,280,23,157,25,12,13,9,0,4,0,0,11,5,5,0,2,2,0,0,derived/quality/v2_0_canonical_future_capacity_2026-08-29-wave1027-current-safe-plus-wave1012-nasa.jsonl;derived/quality/v2_0_staged_capacity_2026-08-30-wave1563-nasa-lo2-pdu-microtext.json,machine_exhausted_no_candidate,derived/quality/v2_0_wave170_textlayer_dedup_audit.json,False,machine_exhausted_no_candidate,-100,https://www.dot.ny.gov/main/business-center/engineering/cadd-info/drawings/standard-sheets-us
civil_011_203_embankment_details_revision,civil_architectural,microtext,public_agency_source_url_terms_sha256,microtext/docs/source_intake_2026_07_02ak_nysdot/civil_011_203_embankment_details_revision.pdf,1,144,8,171,25,12,13,13,0,0,0,0,7,5,2,0,0,0,0,0,derived/quality/v2_0_canonical_future_capacity_2026-08-29-wave1027-current-safe-plus-wave1012-nasa.jsonl;derived/quality/v2_0_staged_capacity_2026-08-30-wave1563-nasa-lo2-pdu-microtext.json,machine_exhausted_no_candidate,derived/quality/v2_0_wave171_textlayer_visual_audit.json,False,machine_exhausted_no_candidate,-100,https://www.dot.ny.gov/main/business-center/engineering/cadd-info/drawings/standard-sheets-us
caltrans_xs4_210_slope_paving,civil_architectural,microtext,public_domain_caltrans_conditions_of_use_candidate,,1,32,0,132,20,20,0,0,0,0,0,0,20,20,0,0,1,1,0,0,derived/quality/v2_0_canonical_future_capacity_2026-08-29-wave1027-current-safe-plus-wave1012-nasa.jsonl;derived/quality/v2_0_staged_capacity_2026-08-30-wave1563-nasa-lo2-pdu-microtext.json,machine_exhausted_no_candidate,derived/quality/v2_0_microtext_balance_conversion_plan_2026-08-16-wave171.json,False,machine_exhausted_no_candidate,-100,https://dot.ca.gov/programs/engineering-services/manuals/bridge-standard-details
pid_041_sch_ma_p_id,pid,microtext,commons_license_candidate,,1,0,0,20,20,20,0,0,0,0,0,0,20,20,0,0,0,0,0,0,derived/quality/v2_0_canonical_future_capacity_2026-08-29-wave1027-current-safe-plus-wave1012-nasa.jsonl;derived/quality/v2_0_staged_capacity_2026-08-30-wave1563-nasa-lo2-pdu-microtext.json,,,True,rights_review_or_hold,-100,https://commons.wikimedia.org/wiki/Category:Piping_and_instrumentation_diagrams
wikimedia_blue_grass_piping_designer,pid,microtext,cc_by_2_0_commons_verified,microtext/docs/source_intake_2026_05_24/wikimedia_blue_grass_piping_designer.jpg,1,0,0,20,20,20,0,0,0,0,0,0,20,20,0,0,1,1,0,0,derived/quality/v2_0_canonical_future_capacity_2026-08-29-wave1027-current-safe-plus-wave1012-nasa.jsonl;derived/quality/v2_0_staged_capacity_2026-08-30-wave1563-nasa-lo2-pdu-microtext.json,,,True,duplicate_payload_alias,-100,https://commons.wikimedia.org/wiki/File:Blue_Grass_Chemical_Agent-Destruction_Pilot_Plant_Piping_Designer_(28947777487).jpg
wikimedia_schema_pid1,pid,microtext,commons_license_candidate,,1,0,0,20,20,20,0,0,0,0,0,0,20,20,0,0,0,0,0,0,derived/quality/v2_0_canonical_future_capacity_2026-08-29-wave1027-current-safe-plus-wave1012-nasa.jsonl;derived/quality/v2_0_staged_capacity_2026-08-30-wave1563-nasa-lo2-pdu-microtext.json,,,True,rights_review_or_hold,-100,https://commons.wikimedia.org/wiki/File:Sch%C3%A9ma_P%26ID1.jpg
arch_014_section_at_frame_19_looking_forward_section_at_frame_25_looki,civil_architectural,microtext,public_domain_us_federal_candidate,microtext/docs/source_intake_2026_07_31_loc_master_wave2/arch_014_section_at_frame_19_looking_forward_section_at_frame_25_looki.tif,1,0,0,22,20,17,3,3,0,0,0,0,14,12,2,0,2,2,0,0,derived/quality/v2_0_canonical_future_capacity_2026-08-29-wave1027-current-safe-plus-wave1012-nasa.jsonl;derived/quality/v2_0_staged_capacity_2026-08-30-wave1563-nasa-lo2-pdu-microtext.json,machine_exhausted_no_candidate,derived/quality/v2_0_wave171_ocr_dedup_audit.json,False,machine_exhausted_no_candidate,-100,https://www.loc.gov/pictures/item/ca3445.sheet.00004a/
civil_011_207_erosion_sediment_control,civil_architectural,microtext,public_agency_source_url_terms_sha256,microtext/docs/source_intake_2026_07_02ak_nysdot/civil_011_207_erosion_sediment_control.pdf,1,326,11,137,19,4,15,15,0,0,0,0,6,2,4,0,0,0,0,0,derived/quality/v2_0_canonical_future_capacity_2026-08-29-wave1027-current-safe-plus-wave1012-nasa.jsonl;derived/quality/v2_0_staged_capacity_2026-08-30-wave1563-nasa-lo2-pdu-microtext.json,machine_exhausted_no_candidate,derived/quality/v2_0_wave170_textlayer_dedup_audit.json,False,machine_exhausted_no_candidate,-100,https://www.dot.ny.gov/main/business-center/engineering/cadd-info/drawings/standard-sheets-us
arch_012_1_first_floor_plan_second_floor_plan_basement_floor_plan_sout,civil_architectural,microtext,public_domain_us_federal_candidate,microtext/docs/source_intake_2026_07_31_loc_master_wave2/arch_012_1_first_floor_plan_second_floor_plan_basement_floor_plan_sout.tif,1,0,0,24,19,14,5,5,0,0,0,0,12,9,3,0,4,4,0,0,derived/quality/v2_0_canonical_future_capacity_2026-08-29-wave1027-current-safe-plus-wave1012-nasa.jsonl;derived/quality/v2_0_staged_capacity_2026-08-30-wave1563-nasa-lo2-pdu-microtext.json,machine_exhausted_no_candidate,derived/quality/v2_0_wave171_ocr_dedup_audit.json,False,machine_exhausted_no_candidate,-100,https://www.loc.gov/pictures/item/md0576.sheet.00001a/
civil_011_204_excavation_support,civil_architectural,microtext,public_agency_source_url_terms_sha256,microtext/docs/source_intake_2026_07_02ak_nysdot/civil_011_204_excavation_support.pdf,1,263,22,133,18,2,16,16,0,0,0,0,4,1,3,0,1,1,0,0,derived/quality/v2_0_canonical_future_capacity_2026-08-29-wave1027-current-safe-plus-wave1012-nasa.jsonl;derived/quality/v2_0_staged_capacity_2026-08-30-wave1563-nasa-lo2-pdu-microtext.json,machine_exhausted_no_candidate,derived/quality/v2_0_wave170_textlayer_dedup_audit.json,False,machine_exhausted_no_candidate,-100,https://www.dot.ny.gov/main/business-center/engineering/cadd-info/drawings/standard-sheets-us
arch_013_two_and_three_bedroom_units_first_floor_plan_second_floor_pla,civil_architectural,microtext,public_domain_us_federal_candidate,microtext/docs/source_intake_2026_07_31_loc_unused/arch_013_two_and_three_bedroom_units_first_floor_plan_second_floor_pla.tif,1,0,0,19,16,10,6,0,0,6,0,0,6,4,0,0,4,4,0,0,derived/quality/v2_0_canonical_future_capacity_2026-08-29-wave1027-current-safe-plus-wave1012-nasa.jsonl;derived/quality/v2_0_staged_capacity_2026-08-30-wave1563-nasa-lo2-pdu-microtext.json,machine_exhausted_no_candidate,derived/quality/v2_0_wave171_ocr_dedup_audit.json,False,machine_exhausted_no_candidate,-100,https://www.loc.gov/pictures/item/pa2949.sheet.00005a/
civil_011_203_earthwork_grading,civil_architectural,microtext,public_agency_source_url_terms_sha256,microtext/docs/source_intake_2026_07_02ak_nysdot/civil_011_203_earthwork_grading.pdf,1,93,6,123,13,3,10,10,0,0,0,0,4,2,2,0,0,0,0,0,derived/quality/v2_0_canonical_future_capacity_2026-08-29-wave1027-current-safe-plus-wave1012-nasa.jsonl;derived/quality/v2_0_staged_capacity_2026-08-30-wave1563-nasa-lo2-pdu-microtext.json,machine_exhausted_no_candidate,derived/quality/v2_0_microtext_balance_conversion_plan_2026-08-16-wave171.json,False,machine_exhausted_no_candidate,-100,https://www.dot.ny.gov/main/business-center/engineering/cadd-info/drawings/standard-sheets-us
loc22_bridge_truss_5_queenpost_truss_details_morgan_bridge_spanning_no,civil_structural,microtext,public_domain_us_federal_candidate,microtext/docs/source_intake_2026_08_04_wave22_loc/loc22_bridge_truss_5_queenpost_truss_details_morgan_bridge_spanning_no.tif,1,0,0,18,12,2,10,10,0,0,0,0,8,2,6,0,2,2,0,0,derived/quality/v2_0_canonical_future_capacity_2026-08-29-wave1027-current-safe-plus-wave1012-nasa.jsonl;derived/quality/v2_0_staged_capacity_2026-08-30-wave1563-nasa-lo2-pdu-microtext.json,machine_exhausted_no_candidate,derived/quality/v2_0_wave171_ocr_dedup_audit.json,False,machine_exhausted_no_candidate,-100,https://www.loc.gov/pictures/item/vt0128.sheet.00005a/
civil_011_511_concrete_pavement_slab,civil_architectural,microtext,public_agency_source_url_terms_sha256,microtext/docs/source_intake_2026_07_02ak_nysdot/civil_011_511_concrete_pavement_slab.pdf,1,0,0,10,10,10,0,0,0,0,0,0,10,10,0,0,0,0,0,0,derived/quality/v2_0_canonical_future_capacity_2026-08-29-wave1027-current-safe-plus-wave1012-nasa.jsonl;derived/quality/v2_0_staged_capacity_2026-08-30-wave1563-nasa-lo2-pdu-microtext.json,machine_exhausted_no_candidate,derived/quality/v2_0_wave171_ocr_batch_report.json,False,machine_exhausted_no_candidate,-100,https://www.dot.ny.gov/main/business-center/engineering/cadd-info/drawings/standard-sheets-us
nasa_19820008614_polysilicon_process_diagrams,pid,microtext,government_public_use_permitted_nasa_candidate,microtext/docs/source_intake_2026_08_30_wave1039_official_nasa_engineering/19820008614.pdf,7,391,0,9,9,9,0,0,0,0,0,0,9,9,0,0,0,0,0,0,derived/quality/v2_0_canonical_future_capacity_2026-08-29-wave1027-current-safe-plus-wave1012-nasa.jsonl;derived/quality/v2_0_staged_capacity_2026-08-30-wave1563-nasa-lo2-pdu-microtext.json,machine_exhausted_after_reviewed_pass,derived/quality/v2_0_wave1051_official_nasa_postcanonical_novelty.json,False,machine_exhausted_after_reviewed_pass,-100,https://ntrs.nasa.gov/citations/19820008614
loc22_canal_lock_2_lock_1_savannah_river_lock_elevation_of_north_wall_,civil_hydraulic,microtext,public_domain_us_federal_candidate,microtext/docs/source_intake_2026_08_04_wave22_loc/loc22_canal_lock_2_lock_1_savannah_river_lock_elevation_of_north_wall_.tif,1,0,0,11,8,3,5,5,0,0,0,0,6,3,3,0,3,3,0,0,derived/quality/v2_0_canonical_future_capacity_2026-08-29-wave1027-current-safe-plus-wave1012-nasa.jsonl;derived/quality/v2_0_staged_capacity_2026-08-30-wave1563-nasa-lo2-pdu-microtext.json,machine_exhausted_no_candidate,derived/quality/v2_0_wave171_ocr_dedup_audit.json,False,machine_exhausted_no_candidate,-100,https://www.loc.gov/pictures/item/ga0912.sheet.00002a/
pid_021_p_id,pid,microtext,cc_by_sa_3_0_commons_candidate,,1,0,0,7,7,0,7,7,0,0,0,0,7,0,7,0,0,0,0,0,derived/quality/v2_0_canonical_future_capacity_2026-08-29-wave1027-current-safe-plus-wave1012-nasa.jsonl;derived/quality/v2_0_staged_capacity_2026-08-30-wave1563-nasa-lo2-pdu-microtext.json,machine_exhausted_after_reviewed_pass,derived/quality/pid_021_p_id_zero_novelty_2026-08-30-wave1428.json,False,machine_exhausted_after_reviewed_pass,-100,https://commons.wikimedia.org/wiki/File:P%26ID.JPG
arch_012_1_first_floor_plan_attic_floor_plan_second_floor_plan_section,civil_architectural,microtext,public_domain_us_federal_candidate,microtext/docs/source_intake_2026_07_31_loc_unused/arch_012_1_first_floor_plan_attic_floor_plan_second_floor_plan_section.tif,1,0,0,10,7,7,0,0,0,0,0,0,3,3,0,0,3,3,0,0,derived/quality/v2_0_canonical_future_capacity_2026-08-29-wave1027-current-safe-plus-wave1012-nasa.jsonl;derived/quality/v2_0_staged_capacity_2026-08-30-wave1563-nasa-lo2-pdu-microtext.json,machine_exhausted_no_candidate,derived/quality/v2_0_wave171_ocr_dedup_audit.json,False,machine_exhausted_no_candidate,-100,https://www.loc.gov/pictures/item/md0606.sheet.00001a/
nrcs_nd_stockwater_nd_131_pump_house_plumbing_details,civil_architectural,microtext,public_domain_us_federal_candidate,microtext/docs/nrcs_nd_stockwater_drawings/extracted/2026-08-22-wave506/nrcs_nd_stockwater_pdf_2025_04_30/ND-131 Pump House Plumbing Details.pdf,1,0,0,35,6,6,0,0,0,0,0,0,6,6,0,0,0,0,0,0,derived/quality/v2_0_canonical_future_capacity_2026-08-29-wave1027-current-safe-plus-wave1012-nasa.jsonl;derived/quality/v2_0_staged_capacity_2026-08-30-wave1563-nasa-lo2-pdu-microtext.json,machine_exhausted_after_reviewed_pass,derived/quality/nrcs_nd_stockwater_candidate_visual_qa_2026-08-22-wave515.json,False,machine_exhausted_after_reviewed_pass,-100,https://www.nrcs.usda.gov/state-offices/north-dakota/design-tool-data-engineering
nasa_20220002202_natural_gas_oxygen_hmi_pid,pid,microtext,government_public_use_permitted_nasa_candidate,microtext/docs/source_intake_2026_08_30_wave1039_official_nasa_engineering/20220002202.pdf,1,20,0,6,6,6,0,0,0,0,0,0,6,6,0,0,0,0,0,0,derived/quality/v2_0_canonical_future_capacity_2026-08-29-wave1027-current-safe-plus-wave1012-nasa.jsonl;derived/quality/v2_0_staged_capacity_2026-08-30-wave1563-nasa-lo2-pdu-microtext.json,machine_exhausted_after_reviewed_pass,derived/quality/v2_0_wave1051_official_nasa_postcanonical_novelty.json,False,machine_exhausted_after_reviewed_pass,-100,https://ntrs.nasa.gov/citations/20220002202
nasa_20060005220_tccs_process_instrumentation,pid,microtext,government_public_use_permitted_nasa_candidate,microtext/docs/source_intake_2026_08_30_wave1039_official_nasa_engineering/20060005220.pdf,1,50,0,5,5,5,0,0,0,0,0,0,5,5,0,0,0,0,0,0,derived/quality/v2_0_canonical_future_capacity_2026-08-29-wave1027-current-safe-plus-wave1012-nasa.jsonl;derived/quality/v2_0_staged_capacity_2026-08-30-wave1563-nasa-lo2-pdu-microtext.json,machine_exhausted_after_reviewed_pass,derived/quality/v2_0_wave1051_official_nasa_postcanonical_novelty.json,False,machine_exhausted_after_reviewed_pass,-100,https://ntrs.nasa.gov/citations/20060005220
nrcs_nd_stockwater_nd_112_concrete_tank,civil_architectural,microtext,public_domain_us_federal_candidate,microtext/docs/nrcs_nd_stockwater_drawings/extracted/2026-08-22-wave506/nrcs_nd_stockwater_pdf_2025_04_30/ND-112 Concrete Tank.pdf,2,0,0,46,4,4,0,0,0,0,0,0,4,4,0,0,0,0,0,0,derived/quality/v2_0_canonical_future_capacity_2026-08-29-wave1027-current-safe-plus-wave1012-nasa.jsonl;derived/quality/v2_0_staged_capacity_2026-08-30-wave1563-nasa-lo2-pdu-microtext.json,machine_exhausted_after_reviewed_pass,derived/quality/nrcs_nd_stockwater_candidate_visual_qa_2026-08-22-wave515.json,False,machine_exhausted_after_reviewed_pass,-100,https://www.nrcs.usda.gov/state-offices/north-dakota/design-tool-data-engineering
nrcs_nd_stockwater_nd_141_pipe_appurtances,civil_architectural,microtext,public_domain_us_federal_candidate,microtext/docs/nrcs_nd_stockwater_drawings/extracted/2026-08-22-wave506/nrcs_nd_stockwater_pdf_2025_04_30/ND-141 Pipe Appurtances.pdf,1,0,0,31,4,4,0,0,0,0,0,0,4,4,0,0,0,0,0,0,derived/quality/v2_0_canonical_future_capacity_2026-08-29-wave1027-current-safe-plus-wave1012-nasa.jsonl;derived/quality/v2_0_staged_capacity_2026-08-30-wave1563-nasa-lo2-pdu-microtext.json,machine_exhausted_after_reviewed_pass,derived/quality/nrcs_nd_stockwater_candidate_visual_qa_2026-08-22-wave515.json,False,machine_exhausted_after_reviewed_pass,-100,https://www.nrcs.usda.gov/state-offices/north-dakota/design-tool-data-engineering
nasa_msfc_std_3528_cad_standard,mechanical_cad,microtext,public_domain_us_federal_candidate,microtext/docs/source_intake_2026_08_16_wave175_federal/nasa_msfc_std_3528_cad_standard.pdf,5,300,14,4,4,4,0,0,0,0,0,0,4,4,0,0,0,0,0,0,derived/quality/v2_0_canonical_future_capacity_2026-08-29-wave1027-current-safe-plus-wave1012-nasa.jsonl;derived/quality/v2_0_staged_capacity_2026-08-30-wave1563-nasa-lo2-pdu-microtext.json,machine_exhausted_after_reviewed_pass,derived/review_queues/v2_0_wave175_federal_split_reserved.jsonl,False,machine_exhausted_after_reviewed_pass,-100,https://standards.nasa.gov/sites/default/files/standards/MSFC/E/0/msfc-std-3528.pdf
loc22_bridge_truss_truss_details_covered_bridge_wickecheoke_creek_serg,civil_structural,microtext,public_domain_us_federal_candidate,microtext/docs/source_intake_2026_08_04_wave22_loc/loc22_bridge_truss_truss_details_covered_bridge_wickecheoke_creek_serg.tif,1,0,0,4,3,1,2,2,0,0,0,0,2,1,1,0,1,1,0,0,derived/quality/v2_0_canonical_future_capacity_2026-08-29-wave1027-current-safe-plus-wave1012-nasa.jsonl;derived/quality/v2_0_staged_capacity_2026-08-30-wave1563-nasa-lo2-pdu-microtext.json,machine_exhausted_no_candidate,derived/quality/v2_0_wave171_ocr_dedup_audit.json,False,machine_exhausted_no_candidate,-100,https://www.loc.gov/pictures/item/nj0548.sheet.00005a/
nrcs_nd_stockwater_nd_133_well_pit_assumbly_details,civil_architectural,microtext,public_domain_us_federal_candidate,microtext/docs/nrcs_nd_stockwater_drawings/extracted/2026-08-22-wave506/nrcs_nd_stockwater_pdf_2025_04_30/ND-133 Well Pit Assumbly Details.pdf,1,0,0,17,3,3,0,0,0,0,0,0,3,3,0,0,0,0,0,0,derived/quality/v2_0_canonical_future_capacity_2026-08-29-wave1027-current-safe-plus-wave1012-nasa.jsonl;derived/quality/v2_0_staged_capacity_2026-08-30-wave1563-nasa-lo2-pdu-microtext.json,machine_exhausted_after_reviewed_pass,derived/quality/nrcs_nd_stockwater_candidate_visual_qa_2026-08-22-wave515.json,False,machine_exhausted_after_reviewed_pass,-100,https://www.nrcs.usda.gov/state-offices/north-dakota/design-tool-data-engineering
nrcs_nd_stockwater_nd_100_above_ground_enclosed_storage,civil_architectural,microtext,public_domain_us_federal_candidate,microtext/docs/nrcs_nd_stockwater_drawings/extracted/2026-08-22-wave506/nrcs_nd_stockwater_pdf_2025_04_30/ND-100 Above Ground Enclosed Storage.pdf,2,0,0,24,2,2,0,0,0,0,0,0,2,2,0,0,0,0,0,0,derived/quality/v2_0_canonical_future_capacity_2026-08-29-wave1027-current-safe-plus-wave1012-nasa.jsonl;derived/quality/v2_0_staged_capacity_2026-08-30-wave1563-nasa-lo2-pdu-microtext.json,machine_exhausted_after_reviewed_pass,derived/quality/nrcs_nd_stockwater_candidate_visual_qa_2026-08-22-wave515.json,False,machine_exhausted_after_reviewed_pass,-100,https://www.nrcs.usda.gov/state-offices/north-dakota/design-tool-data-engineering
nrcs_nd_stockwater_nd_102_dual_tire_tank,civil_architectural,microtext,public_domain_us_federal_candidate,microtext/docs/nrcs_nd_stockwater_drawings/extracted/2026-08-22-wave506/nrcs_nd_stockwater_pdf_2025_04_30/ND-102 Dual Tire Tank.pdf,1,0,0,19,2,2,0,0,0,0,0,0,2,2,0,0,0,0,0,0,derived/quality/v2_0_canonical_future_capacity_2026-08-29-wave1027-current-safe-plus-wave1012-nasa.jsonl;derived/quality/v2_0_staged_capacity_2026-08-30-wave1563-nasa-lo2-pdu-microtext.json,machine_exhausted_after_reviewed_pass,derived/quality/nrcs_nd_stockwater_candidate_visual_qa_2026-08-22-wave515.json,False,machine_exhausted_after_reviewed_pass,-100,https://www.nrcs.usda.gov/state-offices/north-dakota/design-tool-data-engineering
civil_011_510_concrete_curb_detail_1,civil_architectural,microtext,public_agency_source_url_terms_sha256,microtext/docs/source_intake_2026_07_02ak_nysdot/civil_011_510_concrete_curb_detail_1.pdf,1,0,0,1,1,1,0,0,0,0,0,0,1,1,0,0,0,0,0,0,derived/quality/v2_0_canonical_future_capacity_2026-08-29-wave1027-current-safe-plus-wave1012-nasa.jsonl;derived/quality/v2_0_staged_capacity_2026-08-30-wave1563-nasa-lo2-pdu-microtext.json,machine_exhausted_no_candidate,derived/quality/v2_0_wave171_ocr_batch_report.json,False,machine_exhausted_no_candidate,-100,https://www.dot.ny.gov/main/business-center/engineering/cadd-info/drawings/standard-sheets-us
civil_011_510_concrete_curb_detail_2,civil_architectural,microtext,public_agency_source_url_terms_sha256,microtext/docs/source_intake_2026_07_02ak_nysdot/civil_011_510_concrete_curb_detail_2.pdf,1,0,0,1,1,1,0,0,0,0,0,0,1,1,0,0,0,0,0,0,derived/quality/v2_0_canonical_future_capacity_2026-08-29-wave1027-current-safe-plus-wave1012-nasa.jsonl;derived/quality/v2_0_staged_capacity_2026-08-30-wave1563-nasa-lo2-pdu-microtext.json,machine_exhausted_no_candidate,derived/quality/v2_0_wave171_ocr_batch_report.json,False,machine_exhausted_no_candidate,-100,https://www.dot.ny.gov/main/business-center/engineering/cadd-info/drawings/standard-sheets-us
nrcs_nd_stockwater_nd_101_buried_storage_tank,civil_architectural,microtext,public_domain_us_federal_candidate,microtext/docs/nrcs_nd_stockwater_drawings/extracted/2026-08-22-wave506/nrcs_nd_stockwater_pdf_2025_04_30/ND-101 Buried Storage Tank.pdf,1,0,0,20,1,1,0,0,0,0,0,0,1,1,0,0,0,0,0,0,derived/quality/v2_0_canonical_future_capacity_2026-08-29-wave1027-current-safe-plus-wave1012-nasa.jsonl;derived/quality/v2_0_staged_capacity_2026-08-30-wave1563-nasa-lo2-pdu-microtext.json,machine_exhausted_after_reviewed_pass,derived/quality/nrcs_nd_stockwater_candidate_visual_qa_2026-08-22-wave515.json,False,machine_exhausted_after_reviewed_pass,-100,https://www.nrcs.usda.gov/state-offices/north-dakota/design-tool-data-engineering
nrcs_nd_stockwater_nd_104_round_bypass_tank,civil_architectural,microtext,public_domain_us_federal_candidate,microtext/docs/nrcs_nd_stockwater_drawings/extracted/2026-08-22-wave506/nrcs_nd_stockwater_pdf_2025_04_30/ND-104 Round Bypass Tank.pdf,1,0,0,80,1,1,0,0,0,0,0,0,1,1,0,0,0,0,0,0,derived/quality/v2_0_canonical_future_capacity_2026-08-29-wave1027-current-safe-plus-wave1012-nasa.jsonl;derived/quality/v2_0_staged_capacity_2026-08-30-wave1563-nasa-lo2-pdu-microtext.json,machine_exhausted_after_reviewed_pass,derived/quality/nrcs_nd_stockwater_candidate_visual_qa_2026-08-22-wave515.json,False,machine_exhausted_after_reviewed_pass,-100,https://www.nrcs.usda.gov/state-offices/north-dakota/design-tool-data-engineering
nrcs_nd_stockwater_nd_105_inlet_outlet_details,civil_architectural,microtext,public_domain_us_federal_candidate,microtext/docs/nrcs_nd_stockwater_drawings/extracted/2026-08-22-wave506/nrcs_nd_stockwater_pdf_2025_04_30/ND-105 Inlet & Outlet Details.pdf,1,0,0,17,1,1,0,0,0,0,0,0,1,1,0,0,0,0,0,0,derived/quality/v2_0_canonical_future_capacity_2026-08-29-wave1027-current-safe-plus-wave1012-nasa.jsonl;derived/quality/v2_0_staged_capacity_2026-08-30-wave1563-nasa-lo2-pdu-microtext.json,machine_exhausted_after_reviewed_pass,derived/quality/nrcs_nd_stockwater_candidate_visual_qa_2026-08-22-wave515.json,False,machine_exhausted_after_reviewed_pass,-100,https://www.nrcs.usda.gov/state-offices/north-dakota/design-tool-data-engineering
nrcs_nd_stockwater_nd_106_round_tank,civil_architectural,microtext,public_domain_us_federal_candidate,microtext/docs/nrcs_nd_stockwater_drawings/extracted/2026-08-22-wave506/nrcs_nd_stockwater_pdf_2025_04_30/ND-106 Round Tank.pdf,1,0,0,79,1,1,0,0,0,0,0,0,1,1,0,0,0,0,0,0,derived/quality/v2_0_canonical_future_capacity_2026-08-29-wave1027-current-safe-plus-wave1012-nasa.jsonl;derived/quality/v2_0_staged_capacity_2026-08-30-wave1563-nasa-lo2-pdu-microtext.json,machine_exhausted_after_reviewed_pass,derived/quality/nrcs_nd_stockwater_candidate_visual_qa_2026-08-22-wave515.json,False,machine_exhausted_after_reviewed_pass,-100,https://www.nrcs.usda.gov/state-offices/north-dakota/design-tool-data-engineering
nrcs_nd_stockwater_nd_107_rubber_tire_tank,civil_architectural,microtext,public_domain_us_federal_candidate,microtext/docs/nrcs_nd_stockwater_drawings/extracted/2026-08-22-wave506/nrcs_nd_stockwater_pdf_2025_04_30/ND-107 Rubber Tire Tank.pdf,1,0,0,17,1,1,0,0,0,0,0,0,1,1,0,0,0,0,0,0,derived/quality/v2_0_canonical_future_capacity_2026-08-29-wave1027-current-safe-plus-wave1012-nasa.jsonl;derived/quality/v2_0_staged_capacity_2026-08-30-wave1563-nasa-lo2-pdu-microtext.json,machine_exhausted_after_reviewed_pass,derived/quality/nrcs_nd_stockwater_candidate_visual_qa_2026-08-22-wave515.json,False,machine_exhausted_after_reviewed_pass,-100,https://www.nrcs.usda.gov/state-offices/north-dakota/design-tool-data-engineering
nrcs_nd_stockwater_nd_108_steel_rim_and_concrete_tank,civil_architectural,microtext,public_domain_us_federal_candidate,microtext/docs/nrcs_nd_stockwater_drawings/extracted/2026-08-22-wave506/nrcs_nd_stockwater_pdf_2025_04_30/ND-108 Steel Rim and Concrete Tank.pdf,1,0,0,65,1,1,0,0,0,0,0,0,1,1,0,0,0,0,0,0,derived/quality/v2_0_canonical_future_capacity_2026-08-29-wave1027-current-safe-plus-wave1012-nasa.jsonl;derived/quality/v2_0_staged_capacity_2026-08-30-wave1563-nasa-lo2-pdu-microtext.json,machine_exhausted_after_reviewed_pass,derived/quality/nrcs_nd_stockwater_candidate_visual_qa_2026-08-22-wave515.json,False,machine_exhausted_after_reviewed_pass,-100,https://www.nrcs.usda.gov/state-offices/north-dakota/design-tool-data-engineering
nrcs_nd_stockwater_nd_110_winter_tire_tank_w_hdpe,civil_architectural,microtext,public_domain_us_federal_candidate,microtext/docs/nrcs_nd_stockwater_drawings/extracted/2026-08-22-wave506/nrcs_nd_stockwater_pdf_2025_04_30/ND-110 Winter Tire Tank w HDPE.pdf,1,0,0,11,1,1,0,0,0,0,0,0,1,1,0,0,0,0,0,0,derived/quality/v2_0_canonical_future_capacity_2026-08-29-wave1027-current-safe-plus-wave1012-nasa.jsonl;derived/quality/v2_0_staged_capacity_2026-08-30-wave1563-nasa-lo2-pdu-microtext.json,machine_exhausted_after_reviewed_pass,derived/quality/nrcs_nd_stockwater_candidate_visual_qa_2026-08-22-wave515.json,False,machine_exhausted_after_reviewed_pass,-100,https://www.nrcs.usda.gov/state-offices/north-dakota/design-tool-data-engineering
nrcs_nd_stockwater_nd_111_winter_tire_tank_w_thero_riser,civil_architectural,microtext,public_domain_us_federal_candidate,microtext/docs/nrcs_nd_stockwater_drawings/extracted/2026-08-22-wave506/nrcs_nd_stockwater_pdf_2025_04_30/ND-111 Winter Tire Tank w Thero Riser.pdf,1,0,0,11,1,1,0,0,0,0,0,0,1,1,0,0,0,0,0,0,derived/quality/v2_0_canonical_future_capacity_2026-08-29-wave1027-current-safe-plus-wave1012-nasa.jsonl;derived/quality/v2_0_staged_capacity_2026-08-30-wave1563-nasa-lo2-pdu-microtext.json,machine_exhausted_after_reviewed_pass,derived/quality/nrcs_nd_stockwater_candidate_visual_qa_2026-08-22-wave515.json,False,machine_exhausted_after_reviewed_pass,-100,https://www.nrcs.usda.gov/state-offices/north-dakota/design-tool-data-engineering
nrcs_nd_stockwater_nd_132_variable_speed_well_pit_assembly,civil_architectural,microtext,public_domain_us_federal_candidate,microtext/docs/nrcs_nd_stockwater_drawings/extracted/2026-08-22-wave506/nrcs_nd_stockwater_pdf_2025_04_30/ND-132 Variable Speed Well Pit Assembly.pdf,1,0,0,11,1,1,0,0,0,0,0,0,1,1,0,0,0,0,0,0,derived/quality/v2_0_canonical_future_capacity_2026-08-29-wave1027-current-safe-plus-wave1012-nasa.jsonl;derived/quality/v2_0_staged_capacity_2026-08-30-wave1563-nasa-lo2-pdu-microtext.json,machine_exhausted_after_reviewed_pass,derived/quality/nrcs_nd_stockwater_candidate_visual_qa_2026-08-22-wave515.json,False,machine_exhausted_after_reviewed_pass,-100,https://www.nrcs.usda.gov/state-offices/north-dakota/design-tool-data-engineering
pid_023_sch_ma_p_id,pid,microtext,cc_by_sa_3_0_commons_candidate,,1,0,0,1,1,1,0,0,0,0,0,0,1,1,0,0,0,0,0,0,derived/quality/v2_0_canonical_future_capacity_2026-08-29-wave1027-current-safe-plus-wave1012-nasa.jsonl;derived/quality/v2_0_staged_capacity_2026-08-30-wave1563-nasa-lo2-pdu-microtext.json,,,True,duplicate_payload_alias,-100,https://commons.wikimedia.org/wiki/File:Sch%C3%A9ma_P%26ID.jpg
usace_ufgs_26_35_44_recovery_limits_270_vdc,mechanical_cad,microtext,public_domain_us_federal_candidate,microtext/docs/source_intake_2026_08_16_wave182_wbdg_electrical/ufgs_26_35_44_recovery_limits_270_vdc.pdf,1,7,0,2,1,0,1,1,0,0,0,0,1,0,1,0,0,0,0,0,derived/quality/v2_0_canonical_future_capacity_2026-08-29-wave1027-current-safe-plus-wave1012-nasa.jsonl;derived/quality/v2_0_staged_capacity_2026-08-30-wave1563-nasa-lo2-pdu-microtext.json,machine_exhausted_no_candidate,derived/quality/v2_0_wave182_visual_report.json,False,machine_exhausted_no_candidate,-100,https://legacy.wbdg.org/dod/ufgs/ufgs-forms-graphics-tables
arch_018_3_east_elevation_west_elevation_cornice_detail_window_detail_,civil_architectural,microtext,public_domain_us_federal_candidate,microtext/docs/source_intake_2026_07_31_loc_inventory_repair/arch_018_3_east_elevation_west_elevation_cornice_detail_window_detail_.tif,1,0,0,9,1,1,0,0,0,0,0,0,1,1,0,0,0,0,0,0,derived/quality/v2_0_canonical_future_capacity_2026-08-29-wave1027-current-safe-plus-wave1012-nasa.jsonl;derived/quality/v2_0_staged_capacity_2026-08-30-wave1563-nasa-lo2-pdu-microtext.json,machine_exhausted_no_candidate,derived/quality/loc_arch018_3_hi_res_v2_machine_qa_2026-07-31.json,False,machine_exhausted_no_candidate,-100,https://www.loc.gov/pictures/item/ny2421.sheet.00003a/
arch_013_7_archeological_elevations_exterior_turret_wall_elevation_ext,civil_architectural,microtext,public_domain_us_federal_candidate,microtext/docs/source_intake_2026_07_31_loc_unused/arch_013_7_archeological_elevations_exterior_turret_wall_elevation_ext.tif,1,0,0,12,0,0,0,0,0,0,0,0,0,0,0,0,0,0,0,0,derived/quality/v2_0_canonical_future_capacity_2026-08-29-wave1027-current-safe-plus-wave1012-nasa.jsonl;derived/quality/v2_0_staged_capacity_2026-08-30-wave1563-nasa-lo2-pdu-microtext.json,machine_exhausted_no_candidate,derived/quality/loc_arch013_7_hi_res_v2_machine_qa_2026-07-31.json,False,machine_exhausted_no_candidate,-100,https://www.loc.gov/pictures/item/va1971.sheet.00007a/
arch_016_3_roof_plan_and_roof_framing_plan_manatoc_reservation_dining_,civil_architectural,microtext,public_domain_us_federal_candidate,microtext/docs/source_intake_2026_07_31_loc_unused/arch_016_3_roof_plan_and_roof_framing_plan_manatoc_reservation_dining_.tif,1,0,0,2,0,0,0,0,0,0,0,0,0,0,0,0,0,0,0,0,derived/quality/v2_0_canonical_future_capacity_2026-08-29-wave1027-current-safe-plus-wave1012-nasa.jsonl;derived/quality/v2_0_staged_capacity_2026-08-30-wave1563-nasa-lo2-pdu-microtext.json,machine_exhausted_no_candidate,derived/filtered_review_queues/arch_016_3_roof_plan_and_roof_framing_plan_manatoc_reservation_dining_hi_res_v2_2026-07-31.jsonl,False,machine_exhausted_no_candidate,-100,https://www.loc.gov/pictures/item/oh1976.sheet.00003a/
arch_019_1_site_plan_in_1870_1890_site_plan_in_1900_1920_site_plan_in_,civil_architectural,microtext,public_domain_us_federal_candidate,microtext/docs/source_intake_2026_07_31_loc_inventory_repair/arch_019_1_site_plan_in_1870_1890_site_plan_in_1900_1920_site_plan_in_.tif,1,0,0,12,0,0,0,0,0,0,0,0,0,0,0,0,0,0,0,0,derived/quality/v2_0_canonical_future_capacity_2026-08-29-wave1027-current-safe-plus-wave1012-nasa.jsonl;derived/quality/v2_0_staged_capacity_2026-08-30-wave1563-nasa-lo2-pdu-microtext.json,machine_exhausted_no_candidate,derived/quality/loc_arch019_1_hi_res_v2_machine_qa_2026-07-31.json,False,machine_exhausted_no_candidate,-100,https://www.loc.gov/pictures/item/fl0707.sheet.00001a/
ds_025_107195_verdin_developement_board_slanding,datasheet_spec,microtext,public_vendor_docs_candidate,,1,0,0,0,0,0,0,0,0,0,0,0,0,0,0,0,0,0,0,0,derived/quality/v2_0_canonical_future_capacity_2026-08-29-wave1027-current-safe-plus-wave1012-nasa.jsonl;derived/quality/v2_0_staged_capacity_2026-08-30-wave1563-nasa-lo2-pdu-microtext.json,machine_exhausted_no_candidate,derived/pages_300dpi/ds_025_107195_verdin_developement_board_slanding/page_000.png,False,rights_review_or_hold,-100,https://developer.toradex.com/hardware/verdin-som-family/carrier-boards/verdin-development-board/
epa_91013pz0_activated_sludge_automation,pid,microtext,release_review_needed_contractor_authorship,microtext/docs/source_intake_2026_08_16_wave176_epa_pid/epa_91013pz0_activated_sludge_automation.pdf,4,0,0,0,0,0,0,0,0,0,0,0,0,0,0,0,0,0,0,0,derived/quality/v2_0_canonical_future_capacity_2026-08-29-wave1027-current-safe-plus-wave1012-nasa.jsonl;derived/quality/v2_0_staged_capacity_2026-08-30-wave1563-nasa-lo2-pdu-microtext.json,machine_exhausted_no_candidate,derived/quality/v2_0_wave176_epa_activated_sludge_visual_audit.json,False,rights_review_or_hold,-100,https://nepis.epa.gov/Exe/ZyPDF.cgi/91013PZ0.PDF?Dockey=91013PZ0.PDF
epa_p1007j7b_unit_water_purifier,pid,microtext,release_review_needed_cooperative_vendor_diagrams,microtext/docs/source_intake_2026_08_16_wave176_epa_pid/epa_p1007j7b_unit_water_purifier.pdf,2,4,0,51,0,0,0,0,0,0,0,0,0,0,0,0,0,0,0,0,derived/quality/v2_0_canonical_future_capacity_2026-08-29-wave1027-current-safe-plus-wave1012-nasa.jsonl;derived/quality/v2_0_staged_capacity_2026-08-30-wave1563-nasa-lo2-pdu-microtext.json,machine_exhausted_after_reviewed_pass,derived/quality/v2_0_wave176_epa_water_purifier_visual_audit.json,False,rights_review_or_hold,-100,https://nepis.epa.gov/Exe/ZyPDF.cgi/P1007J7B.PDF?Dockey=P1007J7B.PDF
epa_process_based_investigation_guide,pid,microtext,release_review_needed_embedded_diagram_provenance,microtext/docs/source_intake_2026_08_16_wave176_epa_pid/epa_process_based_investigation_guide.pdf,2,0,0,26,0,0,0,0,0,0,0,0,0,0,0,0,0,0,0,0,derived/quality/v2_0_canonical_future_capacity_2026-08-29-wave1027-current-safe-plus-wave1012-nasa.jsonl;derived/quality/v2_0_staged_capacity_2026-08-30-wave1563-nasa-lo2-pdu-microtext.json,machine_exhausted_after_reviewed_pass,derived/quality/v2_0_wave176_epa_process_guide_visual_audit.json,False,rights_review_or_hold,-100,https://19january2017snapshot.epa.gov/sites/production/files/documents/process-basedguide.pdf
fhwa_wfl_fp24_w101_1,civil_architectural,microtext,public_domain_us_federal_candidate,microtext/docs/fhwa_wfl_fp24_standard_drawings/fhwa_wfl_fp24_w101_1.pdf,2,0,0,0,0,0,0,0,0,0,0,0,0,0,0,0,0,0,0,0,derived/quality/v2_0_canonical_future_capacity_2026-08-29-wave1027-current-safe-plus-wave1012-nasa.jsonl;derived/quality/v2_0_staged_capacity_2026-08-30-wave1563-nasa-lo2-pdu-microtext.json,machine_exhausted_after_reviewed_pass,derived/quality/wave122_fhwa_wfl_visual_audit.csv,False,machine_exhausted_after_reviewed_pass,-100,https://highways.fhwa.dot.gov/federal-lands/std-drawings/wfl
fhwa_wfl_fp24_w157_1,civil_architectural,microtext,public_domain_us_federal_candidate,microtext/docs/fhwa_wfl_fp24_standard_drawings/fhwa_wfl_fp24_w157_1.pdf,2,212,7,0,0,0,0,0,0,0,0,0,0,0,0,0,0,0,0,0,derived/quality/v2_0_canonical_future_capacity_2026-08-29-wave1027-current-safe-plus-wave1012-nasa.jsonl;derived/quality/v2_0_staged_capacity_2026-08-30-wave1563-nasa-lo2-pdu-microtext.json,machine_exhausted_after_reviewed_pass,derived/quality/wave122_fhwa_wfl_visual_audit.csv,False,machine_exhausted_after_reviewed_pass,-100,https://highways.fhwa.dot.gov/federal-lands/std-drawings/wfl
fhwa_wfl_fp24_w157_18,civil_architectural,microtext,public_domain_us_federal_candidate,microtext/docs/fhwa_wfl_fp24_standard_drawings/fhwa_wfl_fp24_w157_18.pdf,2,160,8,4,0,0,0,0,0,0,0,0,0,0,0,0,0,0,0,0,derived/quality/v2_0_canonical_future_capacity_2026-08-29-wave1027-current-safe-plus-wave1012-nasa.jsonl;derived/quality/v2_0_staged_capacity_2026-08-30-wave1563-nasa-lo2-pdu-microtext.json,machine_exhausted_after_reviewed_pass,derived/quality/wave122_fhwa_wfl_visual_audit.csv,False,machine_exhausted_after_reviewed_pass,-100,https://highways.fhwa.dot.gov/federal-lands/std-drawings/wfl
fhwa_wfl_fp24_w157_19,civil_architectural,microtext,public_domain_us_federal_candidate,microtext/docs/fhwa_wfl_fp24_standard_drawings/fhwa_wfl_fp24_w157_19.pdf,2,175,3,2,0,0,0,0,0,0,0,0,0,0,0,0,0,0,0,0,derived/quality/v2_0_canonical_future_capacity_2026-08-29-wave1027-current-safe-plus-wave1012-nasa.jsonl;derived/quality/v2_0_staged_capacity_2026-08-30-wave1563-nasa-lo2-pdu-microtext.json,machine_exhausted_after_reviewed_pass,derived/quality/wave122_fhwa_wfl_visual_audit.csv,False,machine_exhausted_after_reviewed_pass,-100,https://highways.fhwa.dot.gov/federal-lands/std-drawings/wfl
fhwa_wfl_fp24_w157_21,civil_architectural,microtext,public_domain_us_federal_candidate,microtext/docs/fhwa_wfl_fp24_standard_drawings/fhwa_wfl_fp24_w157_21.pdf,2,406,16,0,0,0,0,0,0,0,0,0,0,0,0,0,0,0,0,0,derived/quality/v2_0_canonical_future_capacity_2026-08-29-wave1027-current-safe-plus-wave1012-nasa.jsonl;derived/quality/v2_0_staged_capacity_2026-08-30-wave1563-nasa-lo2-pdu-microtext.json,machine_exhausted_after_reviewed_pass,derived/quality/wave122_fhwa_wfl_visual_audit.csv,False,machine_exhausted_after_reviewed_pass,-100,https://highways.fhwa.dot.gov/federal-lands/std-drawings/wfl
fhwa_wfl_fp24_w251_1,civil_architectural,microtext,public_domain_us_federal_candidate,microtext/docs/fhwa_wfl_fp24_standard_drawings/fhwa_wfl_fp24_w251_1.pdf,2,849,4,0,0,0,0,0,0,0,0,0,0,0,0,0,0,0,0,0,derived/quality/v2_0_canonical_future_capacity_2026-08-29-wave1027-current-safe-plus-wave1012-nasa.jsonl;derived/quality/v2_0_staged_capacity_2026-08-30-wave1563-nasa-lo2-pdu-microtext.json,machine_exhausted_after_reviewed_pass,derived/quality/wave122_fhwa_wfl_visual_audit.csv,False,machine_exhausted_after_reviewed_pass,-100,https://highways.fhwa.dot.gov/federal-lands/std-drawings/wfl
fhwa_wfl_fp24_w646_4,civil_architectural,microtext,public_domain_us_federal_candidate,microtext/docs/fhwa_wfl_fp24_standard_drawings/fhwa_wfl_fp24_w646_4.pdf,2,134,2,0,0,0,0,0,0,0,0,0,0,0,0,0,0,0,0,0,derived/quality/v2_0_canonical_future_capacity_2026-08-29-wave1027-current-safe-plus-wave1012-nasa.jsonl;derived/quality/v2_0_staged_capacity_2026-08-30-wave1563-nasa-lo2-pdu-microtext.json,machine_exhausted_after_reviewed_pass,derived/quality/wave122_fhwa_wfl_visual_audit.csv,False,machine_exhausted_after_reviewed_pass,-100,https://highways.fhwa.dot.gov/federal-lands/std-drawings/wfl
nasa_19920001990_liquid_nitrogen_test_facility,pid,microtext,government_public_use_permitted_nasa_candidate,microtext/docs/source_intake_2026_08_16_wave189/nasa_19920001990_liquid_nitrogen_test_facility.pdf,1,92,3,0,0,0,0,0,0,0,0,0,0,0,0,0,0,0,0,0,derived/quality/v2_0_canonical_future_capacity_2026-08-29-wave1027-current-safe-plus-wave1012-nasa.jsonl;derived/quality/v2_0_staged_capacity_2026-08-30-wave1563-nasa-lo2-pdu-microtext.json,machine_exhausted_no_candidate,derived/quality/v2_0_wave189_nasa_ln2_machine_disposition.json,False,machine_exhausted_no_candidate,-100,https://ntrs.nasa.gov/citations/19920001990
nrcs_nd_stockwater_nd_103_rectangle_typical_tank,civil_architectural,microtext,public_domain_us_federal_candidate,microtext/docs/nrcs_nd_stockwater_drawings/extracted/2026-08-22-wave506/nrcs_nd_stockwater_pdf_2025_04_30/ND-103 Rectangle Typical Tank.pdf,1,0,0,20,0,0,0,0,0,0,0,0,0,0,0,0,0,0,0,0,derived/quality/v2_0_canonical_future_capacity_2026-08-29-wave1027-current-safe-plus-wave1012-nasa.jsonl;derived/quality/v2_0_staged_capacity_2026-08-30-wave1563-nasa-lo2-pdu-microtext.json,machine_exhausted_no_candidate,derived/quality/nrcs_nd_stockwater_candidate_visual_qa_2026-08-22-wave515.json,False,machine_exhausted_no_candidate,-100,https://www.nrcs.usda.gov/state-offices/north-dakota/design-tool-data-engineering
nrcs_nd_stockwater_nd_134_typical_solar_installation,civil_architectural,microtext,public_domain_us_federal_candidate,microtext/docs/nrcs_nd_stockwater_drawings/extracted/2026-08-22-wave506/nrcs_nd_stockwater_pdf_2025_04_30/ND-134 Typical Solar Installation.pdf,1,0,0,10,0,0,0,0,0,0,0,0,0,0,0,0,0,0,0,0,derived/quality/v2_0_canonical_future_capacity_2026-08-29-wave1027-current-safe-plus-wave1012-nasa.jsonl;derived/quality/v2_0_staged_capacity_2026-08-30-wave1563-nasa-lo2-pdu-microtext.json,machine_exhausted_no_candidate,derived/quality/nrcs_nd_stockwater_candidate_visual_qa_2026-08-22-wave515.json,False,machine_exhausted_no_candidate,-100,https://www.nrcs.usda.gov/state-offices/north-dakota/design-tool-data-engineering
nrcs_nd_stockwater_nd_140_variable_speed_above_ground_details,civil_architectural,microtext,public_domain_us_federal_candidate,microtext/docs/nrcs_nd_stockwater_drawings/extracted/2026-08-22-wave506/nrcs_nd_stockwater_pdf_2025_04_30/ND-140 Variable Speed Above Ground Details.pdf,1,0,0,6,0,0,0,0,0,0,0,0,0,0,0,0,0,0,0,0,derived/quality/v2_0_canonical_future_capacity_2026-08-29-wave1027-current-safe-plus-wave1012-nasa.jsonl;derived/quality/v2_0_staged_capacity_2026-08-30-wave1563-nasa-lo2-pdu-microtext.json,machine_exhausted_no_candidate,derived/quality/nrcs_nd_stockwater_candidate_visual_qa_2026-08-22-wave515.json,False,machine_exhausted_no_candidate,-100,https://www.nrcs.usda.gov/state-offices/north-dakota/design-tool-data-engineering
nrcs_nd_stockwater_nd_142_trench_details,civil_architectural,microtext,public_domain_us_federal_candidate,microtext/docs/nrcs_nd_stockwater_drawings/extracted/2026-08-22-wave506/nrcs_nd_stockwater_pdf_2025_04_30/ND-142 Trench Details.pdf,1,0,0,0,0,0,0,0,0,0,0,0,0,0,0,0,0,0,0,0,derived/quality/v2_0_canonical_future_capacity_2026-08-29-wave1027-current-safe-plus-wave1012-nasa.jsonl;derived/quality/v2_0_staged_capacity_2026-08-30-wave1563-nasa-lo2-pdu-microtext.json,machine_exhausted_no_candidate,derived/quality/nrcs_nd_stockwater_candidate_visual_qa_2026-08-22-wave515.json,False,machine_exhausted_no_candidate,-100,https://www.nrcs.usda.gov/state-offices/north-dakota/design-tool-data-engineering
nrcs_nd_stockwater_nd_151_spring_development,civil_architectural,microtext,public_domain_us_federal_candidate,microtext/docs/nrcs_nd_stockwater_drawings/extracted/2026-08-22-wave506/nrcs_nd_stockwater_pdf_2025_04_30/ND-151 Spring Development.pdf,2,0,0,6,0,0,0,0,0,0,0,0,0,0,0,0,0,0,0,0,derived/quality/v2_0_canonical_future_capacity_2026-08-29-wave1027-current-safe-plus-wave1012-nasa.jsonl;derived/quality/v2_0_staged_capacity_2026-08-30-wave1563-nasa-lo2-pdu-microtext.json,machine_exhausted_no_candidate,derived/quality/nrcs_nd_stockwater_candidate_visual_qa_2026-08-22-wave515.json,False,machine_exhausted_no_candidate,-100,https://www.nrcs.usda.gov/state-offices/north-dakota/design-tool-data-engineering
nrcs_nd_stockwater_nd_152_wildlife_escape_ramp,civil_architectural,microtext,public_domain_us_federal_candidate,microtext/docs/nrcs_nd_stockwater_drawings/extracted/2026-08-22-wave506/nrcs_nd_stockwater_pdf_2025_04_30/ND-152 Wildlife Escape Ramp.pdf,1,0,0,12,0,0,0,0,0,0,0,0,0,0,0,0,0,0,0,0,derived/quality/v2_0_canonical_future_capacity_2026-08-29-wave1027-current-safe-plus-wave1012-nasa.jsonl;derived/quality/v2_0_staged_capacity_2026-08-30-wave1563-nasa-lo2-pdu-microtext.json,machine_exhausted_no_candidate,derived/quality/nrcs_nd_stockwater_candidate_visual_qa_2026-08-22-wave515.json,False,machine_exhausted_no_candidate,-100,https://www.nrcs.usda.gov/state-offices/north-dakota/design-tool-data-engineering
nrcs_pa_pa_002a_r2,civil_architectural,microtext,public_domain_us_federal_candidate,microtext/docs/nrcs_pa_standard_drawings/nrcs_pa_pa_002a_r2.pdf,1,10,2,17,0,0,0,0,0,0,0,0,0,0,0,0,0,0,0,0,derived/quality/v2_0_canonical_future_capacity_2026-08-29-wave1027-current-safe-plus-wave1012-nasa.jsonl;derived/quality/v2_0_staged_capacity_2026-08-30-wave1563-nasa-lo2-pdu-microtext.json,machine_exhausted_no_candidate,derived/quality/v2_0_wave171_textlayer_visual_audit.json,False,machine_exhausted_no_candidate,-100,https://www.nrcs.usda.gov/state-offices/pennsylvania/standard-pennsylvania-drawings
nrcs_pa_pa_004_1_5,civil_architectural,microtext,public_domain_us_federal_candidate,microtext/docs/nrcs_pa_standard_drawings/nrcs_pa_pa_004_1_5.pdf,5,10,5,1,0,0,0,0,0,0,0,0,0,0,0,0,0,0,0,0,derived/quality/v2_0_canonical_future_capacity_2026-08-29-wave1027-current-safe-plus-wave1012-nasa.jsonl;derived/quality/v2_0_staged_capacity_2026-08-30-wave1563-nasa-lo2-pdu-microtext.json,machine_exhausted_no_candidate,derived/quality/v2_0_microtext_balance_conversion_plan_2026-08-16-wave171.json,False,machine_exhausted_no_candidate,-100,https://www.nrcs.usda.gov/state-offices/pennsylvania/standard-pennsylvania-drawings
nrcs_pa_pa_006,civil_architectural,microtext,public_domain_us_federal_candidate,microtext/docs/nrcs_pa_standard_drawings/nrcs_pa_pa_006.pdf,1,2,1,6,0,0,0,0,0,0,0,0,0,0,0,0,0,0,0,0,derived/quality/v2_0_canonical_future_capacity_2026-08-29-wave1027-current-safe-plus-wave1012-nasa.jsonl;derived/quality/v2_0_staged_capacity_2026-08-30-wave1563-nasa-lo2-pdu-microtext.json,machine_exhausted_no_candidate,derived/quality/v2_0_microtext_balance_conversion_plan_2026-08-16-wave171.json,False,machine_exhausted_no_candidate,-100,https://www.nrcs.usda.gov/state-offices/pennsylvania/standard-pennsylvania-drawings
nrcs_pa_pa_015,civil_architectural,microtext,public_domain_us_federal_candidate,microtext/docs/nrcs_pa_standard_drawings/nrcs_pa_pa_015.pdf,1,2,1,4,0,0,0,0,0,0,0,0,0,0,0,0,0,0,0,0,derived/quality/v2_0_canonical_future_capacity_2026-08-29-wave1027-current-safe-plus-wave1012-nasa.jsonl;derived/quality/v2_0_staged_capacity_2026-08-30-wave1563-nasa-lo2-pdu-microtext.json,machine_exhausted_no_candidate,derived/quality/v2_0_microtext_balance_conversion_plan_2026-08-16-wave171.json,False,machine_exhausted_no_candidate,-100,https://www.nrcs.usda.gov/state-offices/pennsylvania/standard-pennsylvania-drawings
nrcs_pa_pa_023,civil_architectural,microtext,public_domain_us_federal_candidate,microtext/docs/nrcs_pa_standard_drawings/nrcs_pa_pa_023.pdf,1,2,1,0,0,0,0,0,0,0,0,0,0,0,0,0,0,0,0,0,derived/quality/v2_0_canonical_future_capacity_2026-08-29-wave1027-current-safe-plus-wave1012-nasa.jsonl;derived/quality/v2_0_staged_capacity_2026-08-30-wave1563-nasa-lo2-pdu-microtext.json,machine_exhausted_no_candidate,derived/quality/wave117_nrcs_pa_structured_visual_audit_2026-08-11.csv,False,machine_exhausted_no_candidate,-100,https://www.nrcs.usda.gov/state-offices/pennsylvania/standard-pennsylvania-drawings
nrcs_pa_pa_024,civil_architectural,microtext,public_domain_us_federal_candidate,microtext/docs/nrcs_pa_standard_drawings/nrcs_pa_pa_024.pdf,1,2,1,0,0,0,0,0,0,0,0,0,0,0,0,0,0,0,0,0,derived/quality/v2_0_canonical_future_capacity_2026-08-29-wave1027-current-safe-plus-wave1012-nasa.jsonl;derived/quality/v2_0_staged_capacity_2026-08-30-wave1563-nasa-lo2-pdu-microtext.json,machine_exhausted_no_candidate,derived/quality/wave117_nrcs_pa_structured_visual_audit_2026-08-11.csv,False,machine_exhausted_no_candidate,-100,https://www.nrcs.usda.gov/state-offices/pennsylvania/standard-pennsylvania-drawings
nrcs_pa_pa_025,civil_architectural,microtext,public_domain_us_federal_candidate,microtext/docs/nrcs_pa_standard_drawings/nrcs_pa_pa_025.pdf,1,2,1,0,0,0,0,0,0,0,0,0,0,0,0,0,0,0,0,0,derived/quality/v2_0_canonical_future_capacity_2026-08-29-wave1027-current-safe-plus-wave1012-nasa.jsonl;derived/quality/v2_0_staged_capacity_2026-08-30-wave1563-nasa-lo2-pdu-microtext.json,machine_exhausted_no_candidate,derived/quality/wave117_nrcs_pa_structured_visual_audit_2026-08-11.csv,False,machine_exhausted_no_candidate,-100,https://www.nrcs.usda.gov/state-offices/pennsylvania/standard-pennsylvania-drawings
nrcs_pa_pa_026a,civil_architectural,microtext,public_domain_us_federal_candidate,microtext/docs/nrcs_pa_standard_drawings/nrcs_pa_pa_026a.pdf,1,2,1,0,0,0,0,0,0,0,0,0,0,0,0,0,0,0,0,0,derived/quality/v2_0_canonical_future_capacity_2026-08-29-wave1027-current-safe-plus-wave1012-nasa.jsonl;derived/quality/v2_0_staged_capacity_2026-08-30-wave1563-nasa-lo2-pdu-microtext.json,machine_exhausted_no_candidate,derived/quality/wave117_nrcs_pa_structured_visual_audit_2026-08-11.csv,False,machine_exhausted_no_candidate,-100,https://www.nrcs.usda.gov/state-offices/pennsylvania/standard-pennsylvania-drawings
nrcs_pa_pa_026b,civil_architectural,microtext,public_domain_us_federal_candidate,microtext/docs/nrcs_pa_standard_drawings/nrcs_pa_pa_026b.pdf,1,2,1,0,0,0,0,0,0,0,0,0,0,0,0,0,0,0,0,0,derived/quality/v2_0_canonical_future_capacity_2026-08-29-wave1027-current-safe-plus-wave1012-nasa.jsonl;derived/quality/v2_0_staged_capacity_2026-08-30-wave1563-nasa-lo2-pdu-microtext.json,machine_exhausted_no_candidate,derived/quality/wave117_nrcs_pa_structured_visual_audit_2026-08-11.csv,False,machine_exhausted_no_candidate,-100,https://www.nrcs.usda.gov/state-offices/pennsylvania/standard-pennsylvania-drawings
nrcs_pa_pa_027a,civil_architectural,microtext,public_domain_us_federal_candidate,microtext/docs/nrcs_pa_standard_drawings/nrcs_pa_pa_027a.pdf,1,2,1,0,0,0,0,0,0,0,0,0,0,0,0,0,0,0,0,0,derived/quality/v2_0_canonical_future_capacity_2026-08-29-wave1027-current-safe-plus-wave1012-nasa.jsonl;derived/quality/v2_0_staged_capacity_2026-08-30-wave1563-nasa-lo2-pdu-microtext.json,machine_exhausted_no_candidate,derived/quality/wave117_nrcs_pa_structured_visual_audit_2026-08-11.csv,False,machine_exhausted_no_candidate,-100,https://www.nrcs.usda.gov/state-offices/pennsylvania/standard-pennsylvania-drawings
nrcs_pa_pa_027b,civil_architectural,microtext,public_domain_us_federal_candidate,microtext/docs/nrcs_pa_standard_drawings/nrcs_pa_pa_027b.pdf,1,2,1,0,0,0,0,0,0,0,0,0,0,0,0,0,0,0,0,0,derived/quality/v2_0_canonical_future_capacity_2026-08-29-wave1027-current-safe-plus-wave1012-nasa.jsonl;derived/quality/v2_0_staged_capacity_2026-08-30-wave1563-nasa-lo2-pdu-microtext.json,machine_exhausted_no_candidate,derived/quality/wave117_nrcs_pa_structured_visual_audit_2026-08-11.csv,False,machine_exhausted_no_candidate,-100,https://www.nrcs.usda.gov/state-offices/pennsylvania/standard-pennsylvania-drawings
nrcs_pa_pa_028a,civil_architectural,microtext,public_domain_us_federal_candidate,microtext/docs/nrcs_pa_standard_drawings/nrcs_pa_pa_028a.pdf,1,2,1,1,0,0,0,0,0,0,0,0,0,0,0,0,0,0,0,0,derived/quality/v2_0_canonical_future_capacity_2026-08-29-wave1027-current-safe-plus-wave1012-nasa.jsonl;derived/quality/v2_0_staged_capacity_2026-08-30-wave1563-nasa-lo2-pdu-microtext.json,machine_exhausted_no_candidate,derived/quality/v2_0_microtext_balance_conversion_plan_2026-08-16-wave172.json,False,machine_exhausted_no_candidate,-100,https://www.nrcs.usda.gov/state-offices/pennsylvania/standard-pennsylvania-drawings
nrcs_pa_pa_028b,civil_architectural,microtext,public_domain_us_federal_candidate,microtext/docs/nrcs_pa_standard_drawings/nrcs_pa_pa_028b.pdf,1,2,1,1,0,0,0,0,0,0,0,0,0,0,0,0,0,0,0,0,derived/quality/v2_0_canonical_future_capacity_2026-08-29-wave1027-current-safe-plus-wave1012-nasa.jsonl;derived/quality/v2_0_staged_capacity_2026-08-30-wave1563-nasa-lo2-pdu-microtext.json,machine_exhausted_no_candidate,derived/quality/v2_0_microtext_balance_conversion_plan_2026-08-16-wave172.json,False,machine_exhausted_no_candidate,-100,https://www.nrcs.usda.gov/state-offices/pennsylvania/standard-pennsylvania-drawings
nrcs_pa_pa_028c,civil_architectural,microtext,public_domain_us_federal_candidate,microtext/docs/nrcs_pa_standard_drawings/nrcs_pa_pa_028c.pdf,1,2,1,2,0,0,0,0,0,0,0,0,0,0,0,0,0,0,0,0,derived/quality/v2_0_canonical_future_capacity_2026-08-29-wave1027-current-safe-plus-wave1012-nasa.jsonl;derived/quality/v2_0_staged_capacity_2026-08-30-wave1563-nasa-lo2-pdu-microtext.json,machine_exhausted_no_candidate,derived/quality/v2_0_microtext_balance_conversion_plan_2026-08-16-wave172.json,False,machine_exhausted_no_candidate,-100,https://www.nrcs.usda.gov/state-offices/pennsylvania/standard-pennsylvania-drawings
nrcs_pa_pa_028d,civil_architectural,microtext,public_domain_us_federal_candidate,microtext/docs/nrcs_pa_standard_drawings/nrcs_pa_pa_028d.pdf,1,3,1,1,0,0,0,0,0,0,0,0,0,0,0,0,0,0,0,0,derived/quality/v2_0_canonical_future_capacity_2026-08-29-wave1027-current-safe-plus-wave1012-nasa.jsonl;derived/quality/v2_0_staged_capacity_2026-08-30-wave1563-nasa-lo2-pdu-microtext.json,machine_exhausted_no_candidate,derived/quality/v2_0_microtext_balance_conversion_plan_2026-08-16-wave172.json,False,machine_exhausted_no_candidate,-100,https://www.nrcs.usda.gov/state-offices/pennsylvania/standard-pennsylvania-drawings
nrcs_pa_pa_028f,civil_architectural,microtext,public_domain_us_federal_candidate,microtext/docs/nrcs_pa_standard_drawings/nrcs_pa_pa_028f.pdf,1,3,1,1,0,0,0,0,0,0,0,0,0,0,0,0,0,0,0,0,derived/quality/v2_0_canonical_future_capacity_2026-08-29-wave1027-current-safe-plus-wave1012-nasa.jsonl;derived/quality/v2_0_staged_capacity_2026-08-30-wave1563-nasa-lo2-pdu-microtext.json,machine_exhausted_no_candidate,derived/quality/v2_0_microtext_balance_conversion_plan_2026-08-16-wave172.json,False,machine_exhausted_no_candidate,-100,https://www.nrcs.usda.gov/state-offices/pennsylvania/standard-pennsylvania-drawings
nrcs_pa_pa_028g,civil_architectural,microtext,public_domain_us_federal_candidate,microtext/docs/nrcs_pa_standard_drawings/nrcs_pa_pa_028g.pdf,1,2,1,1,0,0,0,0,0,0,0,0,0,0,0,0,0,0,0,0,derived/quality/v2_0_canonical_future_capacity_2026-08-29-wave1027-current-safe-plus-wave1012-nasa.jsonl;derived/quality/v2_0_staged_capacity_2026-08-30-wave1563-nasa-lo2-pdu-microtext.json,machine_exhausted_no_candidate,derived/quality/v2_0_microtext_balance_conversion_plan_2026-08-16-wave172.json,False,machine_exhausted_no_candidate,-100,https://www.nrcs.usda.gov/state-offices/pennsylvania/standard-pennsylvania-drawings
nrcs_pa_pa_029,civil_architectural,microtext,public_domain_us_federal_candidate,microtext/docs/nrcs_pa_standard_drawings/nrcs_pa_pa_029.pdf,1,2,1,3,0,0,0,0,0,0,0,0,0,0,0,0,0,0,0,0,derived/quality/v2_0_canonical_future_capacity_2026-08-29-wave1027-current-safe-plus-wave1012-nasa.jsonl;derived/quality/v2_0_staged_capacity_2026-08-30-wave1563-nasa-lo2-pdu-microtext.json,machine_exhausted_no_candidate,derived/quality/v2_0_microtext_balance_conversion_plan_2026-08-16-wave172.json,False,machine_exhausted_no_candidate,-100,https://www.nrcs.usda.gov/state-offices/pennsylvania/standard-pennsylvania-drawings
nrcs_pa_pa_030,civil_architectural,microtext,public_domain_us_federal_candidate,microtext/docs/nrcs_pa_standard_drawings/nrcs_pa_pa_030.pdf,1,2,1,3,0,0,0,0,0,0,0,0,0,0,0,0,0,0,0,0,derived/quality/v2_0_canonical_future_capacity_2026-08-29-wave1027-current-safe-plus-wave1012-nasa.jsonl;derived/quality/v2_0_staged_capacity_2026-08-30-wave1563-nasa-lo2-pdu-microtext.json,machine_exhausted_no_candidate,derived/quality/v2_0_microtext_balance_conversion_plan_2026-08-16-wave172.json,False,machine_exhausted_no_candidate,-100,https://www.nrcs.usda.gov/state-offices/pennsylvania/standard-pennsylvania-drawings
nrcs_pa_pa_031,civil_architectural,microtext,public_domain_us_federal_candidate,microtext/docs/nrcs_pa_standard_drawings/nrcs_pa_pa_031.pdf,1,2,1,7,0,0,0,0,0,0,0,0,0,0,0,0,0,0,0,0,derived/quality/v2_0_canonical_future_capacity_2026-08-29-wave1027-current-safe-plus-wave1012-nasa.jsonl;derived/quality/v2_0_staged_capacity_2026-08-30-wave1563-nasa-lo2-pdu-microtext.json,machine_exhausted_no_candidate,derived/quality/v2_0_microtext_balance_conversion_plan_2026-08-16-wave172.json,False,machine_exhausted_no_candidate,-100,https://www.nrcs.usda.gov/state-offices/pennsylvania/standard-pennsylvania-drawings
nrcs_pa_pa_032,civil_architectural,microtext,public_domain_us_federal_candidate,microtext/docs/nrcs_pa_standard_drawings/nrcs_pa_pa_032.pdf,1,2,1,8,0,0,0,0,0,0,0,0,0,0,0,0,0,0,0,0,derived/quality/v2_0_canonical_future_capacity_2026-08-29-wave1027-current-safe-plus-wave1012-nasa.jsonl;derived/quality/v2_0_staged_capacity_2026-08-30-wave1563-nasa-lo2-pdu-microtext.json,machine_exhausted_no_candidate,derived/quality/v2_0_microtext_balance_conversion_plan_2026-08-16-wave172.json,False,machine_exhausted_no_candidate,-100,https://www.nrcs.usda.gov/state-offices/pennsylvania/standard-pennsylvania-drawings
nrcs_pa_pa_033,civil_architectural,microtext,public_domain_us_federal_candidate,microtext/docs/nrcs_pa_standard_drawings/nrcs_pa_pa_033.pdf,1,2,1,9,0,0,0,0,0,0,0,0,0,0,0,0,0,0,0,0,derived/quality/v2_0_canonical_future_capacity_2026-08-29-wave1027-current-safe-plus-wave1012-nasa.jsonl;derived/quality/v2_0_staged_capacity_2026-08-30-wave1563-nasa-lo2-pdu-microtext.json,machine_exhausted_no_candidate,derived/quality/v2_0_microtext_balance_conversion_plan_2026-08-16-wave172.json,False,machine_exhausted_no_candidate,-100,https://www.nrcs.usda.gov/state-offices/pennsylvania/standard-pennsylvania-drawings
nrcs_pa_pa_034,civil_architectural,microtext,public_domain_us_federal_candidate,microtext/docs/nrcs_pa_standard_drawings/nrcs_pa_pa_034.pdf,1,2,1,8,0,0,0,0,0,0,0,0,0,0,0,0,0,0,0,0,derived/quality/v2_0_canonical_future_capacity_2026-08-29-wave1027-current-safe-plus-wave1012-nasa.jsonl;derived/quality/v2_0_staged_capacity_2026-08-30-wave1563-nasa-lo2-pdu-microtext.json,machine_exhausted_no_candidate,derived/quality/v2_0_microtext_balance_conversion_plan_2026-08-16-wave172.json,False,machine_exhausted_no_candidate,-100,https://www.nrcs.usda.gov/state-offices/pennsylvania/standard-pennsylvania-drawings
nrcs_pa_pa_038,civil_architectural,microtext,public_domain_us_federal_candidate,microtext/docs/nrcs_pa_standard_drawings/nrcs_pa_pa_038.pdf,1,2,1,0,0,0,0,0,0,0,0,0,0,0,0,0,0,0,0,0,derived/quality/v2_0_canonical_future_capacity_2026-08-29-wave1027-current-safe-plus-wave1012-nasa.jsonl;derived/quality/v2_0_staged_capacity_2026-08-30-wave1563-nasa-lo2-pdu-microtext.json,machine_exhausted_no_candidate,derived/quality/wave117_nrcs_pa_structured_visual_audit_2026-08-11.csv,False,machine_exhausted_no_candidate,-100,https://www.nrcs.usda.gov/state-offices/pennsylvania/standard-pennsylvania-drawings
nrcs_pa_pa_045_1_8,civil_architectural,microtext,public_domain_us_federal_candidate,microtext/docs/nrcs_pa_standard_drawings/nrcs_pa_pa_045_1_8.pdf,8,16,8,0,0,0,0,0,0,0,0,0,0,0,0,0,0,0,0,0,derived/quality/v2_0_canonical_future_capacity_2026-08-29-wave1027-current-safe-plus-wave1012-nasa.jsonl;derived/quality/v2_0_staged_capacity_2026-08-30-wave1563-nasa-lo2-pdu-microtext.json,machine_exhausted_no_candidate,derived/quality/wave117_nrcs_pa_structured_visual_audit_2026-08-11.csv,False,machine_exhausted_no_candidate,-100,https://www.nrcs.usda.gov/state-offices/pennsylvania/standard-pennsylvania-drawings
nrcs_pa_pa_046,civil_architectural,microtext,public_domain_us_federal_candidate,microtext/docs/nrcs_pa_standard_drawings/nrcs_pa_pa_046.pdf,1,2,1,6,0,0,0,0,0,0,0,0,0,0,0,0,0,0,0,0,derived/quality/v2_0_canonical_future_capacity_2026-08-29-wave1027-current-safe-plus-wave1012-nasa.jsonl;derived/quality/v2_0_staged_capacity_2026-08-30-wave1563-nasa-lo2-pdu-microtext.json,machine_exhausted_no_candidate,derived/quality/v2_0_microtext_balance_conversion_plan_2026-08-16-wave172.json,False,machine_exhausted_no_candidate,-100,https://www.nrcs.usda.gov/state-offices/pennsylvania/standard-pennsylvania-drawings
nrcs_pa_pa_047,civil_architectural,microtext,public_domain_us_federal_candidate,microtext/docs/nrcs_pa_standard_drawings/nrcs_pa_pa_047.pdf,1,2,1,1,0,0,0,0,0,0,0,0,0,0,0,0,0,0,0,0,derived/quality/v2_0_canonical_future_capacity_2026-08-29-wave1027-current-safe-plus-wave1012-nasa.jsonl;derived/quality/v2_0_staged_capacity_2026-08-30-wave1563-nasa-lo2-pdu-microtext.json,machine_exhausted_no_candidate,derived/quality/v2_0_microtext_balance_conversion_plan_2026-08-16-wave172.json,False,machine_exhausted_no_candidate,-100,https://www.nrcs.usda.gov/state-offices/pennsylvania/standard-pennsylvania-drawings
nrcs_pa_pa_048,civil_architectural,microtext,public_domain_us_federal_candidate,microtext/docs/nrcs_pa_standard_drawings/nrcs_pa_pa_048.pdf,1,2,1,4,0,0,0,0,0,0,0,0,0,0,0,0,0,0,0,0,derived/quality/v2_0_canonical_future_capacity_2026-08-29-wave1027-current-safe-plus-wave1012-nasa.jsonl;derived/quality/v2_0_staged_capacity_2026-08-30-wave1563-nasa-lo2-pdu-microtext.json,machine_exhausted_no_candidate,derived/quality/v2_0_microtext_balance_conversion_plan_2026-08-16-wave172.json,False,machine_exhausted_no_candidate,-100,https://www.nrcs.usda.gov/state-offices/pennsylvania/standard-pennsylvania-drawings
nrcs_pa_pa_053,civil_architectural,microtext,public_domain_us_federal_candidate,microtext/docs/nrcs_pa_standard_drawings/nrcs_pa_pa_053.pdf,1,2,1,1,0,0,0,0,0,0,0,0,0,0,0,0,0,0,0,0,derived/quality/v2_0_canonical_future_capacity_2026-08-29-wave1027-current-safe-plus-wave1012-nasa.jsonl;derived/quality/v2_0_staged_capacity_2026-08-30-wave1563-nasa-lo2-pdu-microtext.json,machine_exhausted_no_candidate,derived/quality/v2_0_microtext_balance_conversion_plan_2026-08-16-wave172.json,False,machine_exhausted_no_candidate,-100,https://www.nrcs.usda.gov/state-offices/pennsylvania/standard-pennsylvania-drawings
nrcs_pa_pa_054,civil_architectural,microtext,public_domain_us_federal_candidate,microtext/docs/nrcs_pa_standard_drawings/nrcs_pa_pa_054.pdf,1,2,1,0,0,0,0,0,0,0,0,0,0,0,0,0,0,0,0,0,derived/quality/v2_0_canonical_future_capacity_2026-08-29-wave1027-current-safe-plus-wave1012-nasa.jsonl;derived/quality/v2_0_staged_capacity_2026-08-30-wave1563-nasa-lo2-pdu-microtext.json,machine_exhausted_no_candidate,derived/quality/wave117_nrcs_pa_structured_visual_audit_2026-08-11.csv,False,machine_exhausted_no_candidate,-100,https://www.nrcs.usda.gov/state-offices/pennsylvania/standard-pennsylvania-drawings
nrcs_pa_pa_057a,civil_architectural,microtext,public_domain_us_federal_candidate,microtext/docs/nrcs_pa_standard_drawings/nrcs_pa_pa_057a.pdf,1,2,1,1,0,0,0,0,0,0,0,0,0,0,0,0,0,0,0,0,derived/quality/v2_0_canonical_future_capacity_2026-08-29-wave1027-current-safe-plus-wave1012-nasa.jsonl;derived/quality/v2_0_staged_capacity_2026-08-30-wave1563-nasa-lo2-pdu-microtext.json,machine_exhausted_no_candidate,derived/quality/v2_0_microtext_balance_conversion_plan_2026-08-16-wave172.json,False,machine_exhausted_no_candidate,-100,https://www.nrcs.usda.gov/state-offices/pennsylvania/standard-pennsylvania-drawings
nrcs_pa_pa_057b,civil_architectural,microtext,public_domain_us_federal_candidate,microtext/docs/nrcs_pa_standard_drawings/nrcs_pa_pa_057b.pdf,1,2,1,1,0,0,0,0,0,0,0,0,0,0,0,0,0,0,0,0,derived/quality/v2_0_canonical_future_capacity_2026-08-29-wave1027-current-safe-plus-wave1012-nasa.jsonl;derived/quality/v2_0_staged_capacity_2026-08-30-wave1563-nasa-lo2-pdu-microtext.json,machine_exhausted_no_candidate,derived/quality/v2_0_microtext_balance_conversion_plan_2026-08-16-wave172.json,False,machine_exhausted_no_candidate,-100,https://www.nrcs.usda.gov/state-offices/pennsylvania/standard-pennsylvania-drawings
nrcs_pa_pa_057c,civil_architectural,microtext,public_domain_us_federal_candidate,microtext/docs/nrcs_pa_standard_drawings/nrcs_pa_pa_057c.pdf,1,2,1,1,0,0,0,0,0,0,0,0,0,0,0,0,0,0,0,0,derived/quality/v2_0_canonical_future_capacity_2026-08-29-wave1027-current-safe-plus-wave1012-nasa.jsonl;derived/quality/v2_0_staged_capacity_2026-08-30-wave1563-nasa-lo2-pdu-microtext.json,machine_exhausted_no_candidate,derived/quality/v2_0_microtext_balance_conversion_plan_2026-08-16-wave172.json,False,machine_exhausted_no_candidate,-100,https://www.nrcs.usda.gov/state-offices/pennsylvania/standard-pennsylvania-drawings
nrcs_pa_pa_058a,civil_architectural,microtext,public_domain_us_federal_candidate,microtext/docs/nrcs_pa_standard_drawings/nrcs_pa_pa_058a.pdf,1,2,1,2,0,0,0,0,0,0,0,0,0,0,0,0,0,0,0,0,derived/quality/v2_0_canonical_future_capacity_2026-08-29-wave1027-current-safe-plus-wave1012-nasa.jsonl;derived/quality/v2_0_staged_capacity_2026-08-30-wave1563-nasa-lo2-pdu-microtext.json,machine_exhausted_no_candidate,derived/quality/v2_0_microtext_balance_conversion_plan_2026-08-16-wave172.json,False,machine_exhausted_no_candidate,-100,https://www.nrcs.usda.gov/state-offices/pennsylvania/standard-pennsylvania-drawings
nrcs_pa_pa_058b,civil_architectural,microtext,public_domain_us_federal_candidate,microtext/docs/nrcs_pa_standard_drawings/nrcs_pa_pa_058b.pdf,1,2,1,0,0,0,0,0,0,0,0,0,0,0,0,0,0,0,0,0,derived/quality/v2_0_canonical_future_capacity_2026-08-29-wave1027-current-safe-plus-wave1012-nasa.jsonl;derived/quality/v2_0_staged_capacity_2026-08-30-wave1563-nasa-lo2-pdu-microtext.json,machine_exhausted_no_candidate,derived/quality/wave117_nrcs_pa_structured_visual_audit_2026-08-11.csv,False,machine_exhausted_no_candidate,-100,https://www.nrcs.usda.gov/state-offices/pennsylvania/standard-pennsylvania-drawings
nrcs_pa_pa_058c,civil_architectural,microtext,public_domain_us_federal_candidate,microtext/docs/nrcs_pa_standard_drawings/nrcs_pa_pa_058c.pdf,1,2,1,2,0,0,0,0,0,0,0,0,0,0,0,0,0,0,0,0,derived/quality/v2_0_canonical_future_capacity_2026-08-29-wave1027-current-safe-plus-wave1012-nasa.jsonl;derived/quality/v2_0_staged_capacity_2026-08-30-wave1563-nasa-lo2-pdu-microtext.json,machine_exhausted_no_candidate,derived/quality/v2_0_microtext_balance_conversion_plan_2026-08-16-wave172.json,False,machine_exhausted_no_candidate,-100,https://www.nrcs.usda.gov/state-offices/pennsylvania/standard-pennsylvania-drawings
nrcs_pa_pa_059a,civil_architectural,microtext,public_domain_us_federal_candidate,microtext/docs/nrcs_pa_standard_drawings/nrcs_pa_pa_059a.pdf,1,2,1,1,0,0,0,0,0,0,0,0,0,0,0,0,0,0,0,0,derived/quality/v2_0_canonical_future_capacity_2026-08-29-wave1027-current-safe-plus-wave1012-nasa.jsonl;derived/quality/v2_0_staged_capacity_2026-08-30-wave1563-nasa-lo2-pdu-microtext.json,machine_exhausted_no_candidate,derived/quality/v2_0_microtext_balance_conversion_plan_2026-08-16-wave172.json,False,machine_exhausted_no_candidate,-100,https://www.nrcs.usda.gov/state-offices/pennsylvania/standard-pennsylvania-drawings
nrcs_pa_pa_059b,civil_architectural,microtext,public_domain_us_federal_candidate,microtext/docs/nrcs_pa_standard_drawings/nrcs_pa_pa_059b.pdf,1,2,1,2,0,0,0,0,0,0,0,0,0,0,0,0,0,0,0,0,derived/quality/v2_0_canonical_future_capacity_2026-08-29-wave1027-current-safe-plus-wave1012-nasa.jsonl;derived/quality/v2_0_staged_capacity_2026-08-30-wave1563-nasa-lo2-pdu-microtext.json,machine_exhausted_no_candidate,derived/quality/v2_0_microtext_balance_conversion_plan_2026-08-16-wave173.json,False,machine_exhausted_no_candidate,-100,https://www.nrcs.usda.gov/state-offices/pennsylvania/standard-pennsylvania-drawings
nrcs_pa_pa_059c,civil_architectural,microtext,public_domain_us_federal_candidate,microtext/docs/nrcs_pa_standard_drawings/nrcs_pa_pa_059c.pdf,1,2,1,2,0,0,0,0,0,0,0,0,0,0,0,0,0,0,0,0,derived/quality/v2_0_canonical_future_capacity_2026-08-29-wave1027-current-safe-plus-wave1012-nasa.jsonl;derived/quality/v2_0_staged_capacity_2026-08-30-wave1563-nasa-lo2-pdu-microtext.json,machine_exhausted_no_candidate,derived/quality/v2_0_microtext_balance_conversion_plan_2026-08-16-wave173.json,False,machine_exhausted_no_candidate,-100,https://www.nrcs.usda.gov/state-offices/pennsylvania/standard-pennsylvania-drawings
nrcs_pa_pa_061,civil_architectural,microtext,public_domain_us_federal_candidate,microtext/docs/nrcs_pa_standard_drawings/nrcs_pa_pa_061.pdf,1,2,1,0,0,0,0,0,0,0,0,0,0,0,0,0,0,0,0,0,derived/quality/v2_0_canonical_future_capacity_2026-08-29-wave1027-current-safe-plus-wave1012-nasa.jsonl;derived/quality/v2_0_staged_capacity_2026-08-30-wave1563-nasa-lo2-pdu-microtext.json,machine_exhausted_no_candidate,derived/quality/wave117_nrcs_pa_structured_visual_audit_2026-08-11.csv,False,machine_exhausted_no_candidate,-100,https://www.nrcs.usda.gov/state-offices/pennsylvania/standard-pennsylvania-drawings
nrcs_pa_pa_063,civil_architectural,microtext,public_domain_us_federal_candidate,microtext/docs/nrcs_pa_standard_drawings/nrcs_pa_pa_063.pdf,1,2,1,0,0,0,0,0,0,0,0,0,0,0,0,0,0,0,0,0,derived/quality/v2_0_canonical_future_capacity_2026-08-29-wave1027-current-safe-plus-wave1012-nasa.jsonl;derived/quality/v2_0_staged_capacity_2026-08-30-wave1563-nasa-lo2-pdu-microtext.json,machine_exhausted_no_candidate,derived/quality/wave117_nrcs_pa_structured_visual_audit_2026-08-11.csv,False,machine_exhausted_no_candidate,-100,https://www.nrcs.usda.gov/state-offices/pennsylvania/standard-pennsylvania-drawings
nrcs_pa_pa_065,civil_architectural,microtext,public_domain_us_federal_candidate,microtext/docs/nrcs_pa_standard_drawings/nrcs_pa_pa_065.pdf,1,2,1,0,0,0,0,0,0,0,0,0,0,0,0,0,0,0,0,0,derived/quality/v2_0_canonical_future_capacity_2026-08-29-wave1027-current-safe-plus-wave1012-nasa.jsonl;derived/quality/v2_0_staged_capacity_2026-08-30-wave1563-nasa-lo2-pdu-microtext.json,machine_exhausted_no_candidate,derived/quality/wave117_nrcs_pa_structured_visual_audit_2026-08-11.csv,False,machine_exhausted_no_candidate,-100,https://www.nrcs.usda.gov/state-offices/pennsylvania/standard-pennsylvania-drawings
nrcs_pa_pa_066,civil_architectural,microtext,public_domain_us_federal_candidate,microtext/docs/nrcs_pa_standard_drawings/nrcs_pa_pa_066.pdf,1,2,1,0,0,0,0,0,0,0,0,0,0,0,0,0,0,0,0,0,derived/quality/v2_0_canonical_future_capacity_2026-08-29-wave1027-current-safe-plus-wave1012-nasa.jsonl;derived/quality/v2_0_staged_capacity_2026-08-30-wave1563-nasa-lo2-pdu-microtext.json,machine_exhausted_after_reviewed_pass,derived/quality/v2_0_microtext_balance_conversion_plan_2026-08-16-wave173.json,False,machine_exhausted_after_reviewed_pass,-100,https://www.nrcs.usda.gov/state-offices/pennsylvania/standard-pennsylvania-drawings
nrcs_pa_pa_073a,civil_architectural,microtext,public_domain_us_federal_candidate,microtext/docs/nrcs_pa_standard_drawings/nrcs_pa_pa_073a.pdf,1,2,1,1,0,0,0,0,0,0,0,0,0,0,0,0,0,0,0,0,derived/quality/v2_0_canonical_future_capacity_2026-08-29-wave1027-current-safe-plus-wave1012-nasa.jsonl;derived/quality/v2_0_staged_capacity_2026-08-30-wave1563-nasa-lo2-pdu-microtext.json,machine_exhausted_no_candidate,derived/quality/v2_0_microtext_balance_conversion_plan_2026-08-16-wave173.json,False,machine_exhausted_no_candidate,-100,https://www.nrcs.usda.gov/state-offices/pennsylvania/standard-pennsylvania-drawings
nrcs_pa_pa_074b,civil_architectural,microtext,public_domain_us_federal_candidate,microtext/docs/nrcs_pa_standard_drawings/nrcs_pa_pa_074b.pdf,1,2,1,3,0,0,0,0,0,0,0,0,0,0,0,0,0,0,0,0,derived/quality/v2_0_canonical_future_capacity_2026-08-29-wave1027-current-safe-plus-wave1012-nasa.jsonl;derived/quality/v2_0_staged_capacity_2026-08-30-wave1563-nasa-lo2-pdu-microtext.json,machine_exhausted_no_candidate,derived/quality/v2_0_microtext_balance_conversion_plan_2026-08-16-wave173.json,False,machine_exhausted_no_candidate,-100,https://www.nrcs.usda.gov/state-offices/pennsylvania/standard-pennsylvania-drawings
nrcs_pa_pa_075c,civil_architectural,microtext,public_domain_us_federal_candidate,microtext/docs/nrcs_pa_standard_drawings/nrcs_pa_pa_075c.pdf,1,2,1,1,0,0,0,0,0,0,0,0,0,0,0,0,0,0,0,0,derived/quality/v2_0_canonical_future_capacity_2026-08-29-wave1027-current-safe-plus-wave1012-nasa.jsonl;derived/quality/v2_0_staged_capacity_2026-08-30-wave1563-nasa-lo2-pdu-microtext.json,machine_exhausted_no_candidate,derived/quality/v2_0_microtext_balance_conversion_plan_2026-08-16-wave173.json,False,machine_exhausted_no_candidate,-100,https://www.nrcs.usda.gov/state-offices/pennsylvania/standard-pennsylvania-drawings
nrcs_pa_pa_082,civil_architectural,microtext,public_domain_us_federal_candidate,microtext/docs/nrcs_pa_standard_drawings/nrcs_pa_pa_082.pdf,5,10,5,0,0,0,0,0,0,0,0,0,0,0,0,0,0,0,0,0,derived/quality/v2_0_canonical_future_capacity_2026-08-29-wave1027-current-safe-plus-wave1012-nasa.jsonl;derived/quality/v2_0_staged_capacity_2026-08-30-wave1563-nasa-lo2-pdu-microtext.json,machine_exhausted_no_candidate,derived/quality/wave117_nrcs_pa_structured_visual_audit_2026-08-11.csv,False,machine_exhausted_no_candidate,-100,https://www.nrcs.usda.gov/state-offices/pennsylvania/standard-pennsylvania-drawings
nrcs_pa_pa_084_1_2,civil_architectural,microtext,public_domain_us_federal_candidate,microtext/docs/nrcs_pa_standard_drawings/nrcs_pa_pa_084_1_2.pdf,2,13,2,0,0,0,0,0,0,0,0,0,0,0,0,0,0,0,0,0,derived/quality/v2_0_canonical_future_capacity_2026-08-29-wave1027-current-safe-plus-wave1012-nasa.jsonl;derived/quality/v2_0_staged_capacity_2026-08-30-wave1563-nasa-lo2-pdu-microtext.json,machine_exhausted_no_candidate,derived/quality/wave117_nrcs_pa_structured_visual_audit_2026-08-11.csv,False,machine_exhausted_no_candidate,-100,https://www.nrcs.usda.gov/state-offices/pennsylvania/standard-pennsylvania-drawings
pcb_025_render_in_top_ortho_view,pcb_schematic,microtext,apache_2_0_open_hardware_candidate,,1,0,0,0,0,0,0,0,0,0,0,0,0,0,0,0,8,8,0,0,derived/quality/v2_0_canonical_future_capacity_2026-08-29-wave1027-current-safe-plus-wave1012-nasa.jsonl;derived/quality/v2_0_staged_capacity_2026-08-30-wave1563-nasa-lo2-pdu-microtext.json,machine_exhausted_after_reviewed_pass,derived/quality/unstaged_review_capacity_2026-08-22-wave745-final-local-nonpin.json,False,machine_exhausted_after_reviewed_pass,-100,https://openhardware.antmicro.com/boards/jetson-orin-baseboard/
pcb_025_stackup,pcb_schematic,microtext,apache_2_0_open_hardware_candidate,,1,0,0,0,0,0,0,0,0,0,0,0,0,0,0,0,8,8,0,0,derived/quality/v2_0_canonical_future_capacity_2026-08-29-wave1027-current-safe-plus-wave1012-nasa.jsonl;derived/quality/v2_0_staged_capacity_2026-08-30-wave1563-nasa-lo2-pdu-microtext.json,machine_exhausted_after_reviewed_pass,derived/quality/unstaged_review_capacity_2026-08-22-wave745-final-local-nonpin.json,False,machine_exhausted_after_reviewed_pass,-100,https://openhardware.antmicro.com/boards/jetson-orin-baseboard/
pid_021_instrument_proc_d,pid,microtext,cc_by_sa_3_0_commons_candidate,,1,0,0,0,0,0,0,0,0,0,0,0,0,0,0,0,0,0,0,0,derived/quality/v2_0_canonical_future_capacity_2026-08-29-wave1027-current-safe-plus-wave1012-nasa.jsonl;derived/quality/v2_0_staged_capacity_2026-08-30-wave1563-nasa-lo2-pdu-microtext.json,machine_exhausted_no_candidate,derived/pages_300dpi/pid_021_instrument_proc_d/page_000.png,False,machine_exhausted_no_candidate,-100,https://commons.wikimedia.org/wiki/File:Instrument_proc%C3%A9d%C3%A9.png
pid_021_int_op_rateur_aux,pid,microtext,cc_by_sa_3_0_commons_candidate,,1,0,0,0,0,0,0,0,0,0,0,0,0,0,0,0,0,0,0,0,derived/quality/v2_0_canonical_future_capacity_2026-08-29-wave1027-current-safe-plus-wave1012-nasa.jsonl;derived/quality/v2_0_staged_capacity_2026-08-30-wave1563-nasa-lo2-pdu-microtext.json,machine_exhausted_no_candidate,derived/pages_300dpi/pid_021_int_op_rateur_aux/page_000.png,False,machine_exhausted_no_candidate,-100,https://commons.wikimedia.org/wiki/File:Int-op%C3%A9rateur_aux.svg
pid_041_instrument_proc_d,pid,microtext,unknown,,1,0,0,0,0,0,0,0,0,0,0,0,0,0,0,0,0,0,0,0,derived/quality/v2_0_canonical_future_capacity_2026-08-29-wave1027-current-safe-plus-wave1012-nasa.jsonl;derived/quality/v2_0_staged_capacity_2026-08-30-wave1563-nasa-lo2-pdu-microtext.json,,,True,rights_review_or_hold,-100,
pid_041_int_op_rateur_aux,pid,microtext,unknown,,1,0,0,0,0,0,0,0,0,0,0,0,0,0,0,0,0,0,0,0,derived/quality/v2_0_canonical_future_capacity_2026-08-29-wave1027-current-safe-plus-wave1012-nasa.jsonl;derived/quality/v2_0_staged_capacity_2026-08-30-wave1563-nasa-lo2-pdu-microtext.json,,,True,rights_review_or_hold,-100,
pid_041_p_id,pid,microtext,commons_license_candidate,,1,0,0,0,0,0,0,0,0,0,0,0,0,0,0,0,0,0,0,0,derived/quality/v2_0_canonical_future_capacity_2026-08-29-wave1027-current-safe-plus-wave1012-nasa.jsonl;derived/quality/v2_0_staged_capacity_2026-08-30-wave1563-nasa-lo2-pdu-microtext.json,,,True,rights_review_or_hold,-100,https://commons.wikimedia.org/wiki/Category:Piping_and_instrumentation_diagrams
prusa_heatbed_mk52_24v_05d,pcb_schematic,reference,reference_only_cc_by_sa_4_candidate,,1,42,7,0,0,0,0,0,0,0,0,0,0,0,0,0,0,0,0,0,derived/quality/v2_0_canonical_future_capacity_2026-08-29-wave1027-current-safe-plus-wave1012-nasa.jsonl;derived/quality/v2_0_staged_capacity_2026-08-30-wave1563-nasa-lo2-pdu-microtext.json,,,True,rights_review_or_hold,-100,https://github.com/prusa3d/Heatbed_MK52_magnetic
sparkfun_micromod_samd51_flash_copi_cipo,pcb_schematic,visualdiff,cc_by_sa_4_0_open_hardware_candidate,visualdiff/docs/sparkfun_micromod_samd51/revisions/sparkfun_micromod_samd51_flash_copi_cipo.sch,1,369,170,0,0,0,0,0,0,0,0,0,0,0,0,0,0,0,0,0,derived/quality/v2_0_canonical_future_capacity_2026-08-29-wave1027-current-safe-plus-wave1012-nasa.jsonl;derived/quality/v2_0_staged_capacity_2026-08-30-wave1563-nasa-lo2-pdu-microtext.json,machine_exhausted_no_candidate,derived/quality/v2_0_wave133_probe_samd51_can_to_flash.json,False,machine_exhausted_no_candidate,-100,https://github.com/sparkfun/MicroMod_Processor_Board-SAMD51.git
sparkfun_micromod_samd51_spi_swap,pcb_schematic,visualdiff,cc_by_sa_4_0_open_hardware_candidate,visualdiff/docs/sparkfun_micromod_samd51/revisions/sparkfun_micromod_samd51_spi_swap.sch,1,369,168,0,0,0,0,0,0,0,0,0,0,0,0,0,0,0,0,0,derived/quality/v2_0_canonical_future_capacity_2026-08-29-wave1027-current-safe-plus-wave1012-nasa.jsonl;derived/quality/v2_0_staged_capacity_2026-08-30-wave1563-nasa-lo2-pdu-microtext.json,machine_exhausted_no_candidate,derived/quality/v2_0_wave133_probe_samd51_spi_to_v12.json,False,machine_exhausted_no_candidate,-100,https://github.com/sparkfun/MicroMod_Processor_Board-SAMD51.git
usace_ufgs_26_35_44_recovery_limits_28_vdc,mechanical_cad,microtext,public_domain_us_federal_candidate,microtext/docs/source_intake_2026_08_16_wave182_wbdg_electrical/ufgs_26_35_44_recovery_limits_28_vdc.pdf,1,7,0,0,0,0,0,0,0,0,0,0,0,0,0,0,0,0,0,0,derived/quality/v2_0_canonical_future_capacity_2026-08-29-wave1027-current-safe-plus-wave1012-nasa.jsonl;derived/quality/v2_0_staged_capacity_2026-08-30-wave1563-nasa-lo2-pdu-microtext.json,machine_exhausted_no_candidate,derived/quality/v2_0_wave182_visual_report.json,False,machine_exhausted_no_candidate,-100,https://legacy.wbdg.org/dod/ufgs/ufgs-forms-graphics-tables
usace_ufgs_32_01_18_71_grooving_inspection,civil_architectural,microtext,public_domain_us_federal_candidate,microtext/docs/source_intake_2026_08_16_wave180_wbdg_details/ufgs_32_01_18_71_grooving_inspection_diagram.pdf,1,0,0,0,0,0,0,0,0,0,0,0,0,0,0,0,0,0,0,0,derived/quality/v2_0_canonical_future_capacity_2026-08-29-wave1027-current-safe-plus-wave1012-nasa.jsonl;derived/quality/v2_0_staged_capacity_2026-08-30-wave1563-nasa-lo2-pdu-microtext.json,machine_exhausted_no_candidate,derived/quality/v2_0_wave180_grooving_ocr_raw.json,False,machine_exhausted_no_candidate,-100,https://legacy.wbdg.org/dod/ufgs/ufgs-forms-graphics-tables
usbr_ds6_ch11,mechanical,microtext,public_domain_us_federal_candidate,microtext/docs/usbr_design_standards_no_6/usbr_ds6_ch11.pdf,46,1791,59,26,0,0,0,0,0,0,0,0,0,0,0,0,0,0,0,0,derived/quality/v2_0_canonical_future_capacity_2026-08-29-wave1027-current-safe-plus-wave1012-nasa.jsonl;derived/quality/v2_0_staged_capacity_2026-08-30-wave1563-nasa-lo2-pdu-microtext.json,machine_exhausted_no_candidate,derived/quality/wave122_usbr_ds6_visual_audit.csv,False,machine_exhausted_no_candidate,-100,https://www.usbr.gov/tsc/techreferences/designstandards-datacollectionguides/designstandards.html
usbr_ds6_ch12,mechanical,microtext,public_domain_us_federal_candidate,microtext/docs/usbr_design_standards_no_6/usbr_ds6_ch12.pdf,27,785,44,23,0,0,0,0,0,0,0,0,0,0,0,0,0,0,0,0,derived/quality/v2_0_canonical_future_capacity_2026-08-29-wave1027-current-safe-plus-wave1012-nasa.jsonl;derived/quality/v2_0_staged_capacity_2026-08-30-wave1563-nasa-lo2-pdu-microtext.json,machine_exhausted_no_candidate,derived/quality/wave122_usbr_ds6_visual_audit.csv,False,machine_exhausted_no_candidate,-100,https://www.usbr.gov/tsc/techreferences/designstandards-datacollectionguides/designstandards.html
usbr_ds6_ch14,mechanical,microtext,public_domain_us_federal_candidate,microtext/docs/usbr_design_standards_no_6/usbr_ds6_ch14.pdf,21,679,20,5,0,0,0,0,0,0,0,0,0,0,0,0,0,0,0,0,derived/quality/v2_0_canonical_future_capacity_2026-08-29-wave1027-current-safe-plus-wave1012-nasa.jsonl;derived/quality/v2_0_staged_capacity_2026-08-30-wave1563-nasa-lo2-pdu-microtext.json,machine_exhausted_no_candidate,derived/quality/wave122_usbr_ds6_visual_audit.csv,False,machine_exhausted_no_candidate,-100,
usbr_ds6_ch16,mechanical,microtext,public_domain_us_federal_candidate,microtext/docs/usbr_design_standards_no_6/usbr_ds6_ch16.pdf,12,210,6,2,0,0,0,0,0,0,0,0,0,0,0,0,0,0,0,0,derived/quality/v2_0_canonical_future_capacity_2026-08-29-wave1027-current-safe-plus-wave1012-nasa.jsonl;derived/quality/v2_0_staged_capacity_2026-08-30-wave1563-nasa-lo2-pdu-microtext.json,machine_exhausted_no_candidate,derived/quality/wave122_usbr_ds6_visual_audit.csv,False,machine_exhausted_no_candidate,-100,
usbr_ds6_ch18,mechanical,microtext,public_domain_us_federal_candidate,microtext/docs/usbr_design_standards_no_6/usbr_ds6_ch18.pdf,25,898,25,7,0,0,0,0,0,0,0,0,0,0,0,0,0,0,0,0,derived/quality/v2_0_canonical_future_capacity_2026-08-29-wave1027-current-safe-plus-wave1012-nasa.jsonl;derived/quality/v2_0_staged_capacity_2026-08-30-wave1563-nasa-lo2-pdu-microtext.json,machine_exhausted_no_candidate,derived/quality/wave122_usbr_ds6_visual_audit.csv,False,machine_exhausted_no_candidate,-100,https://www.usbr.gov/tsc/techreferences/designstandards-datacollectionguides/designstandards.html
usbr_ds6_ch6,mechanical,microtext,public_domain_us_federal_candidate,microtext/docs/usbr_design_standards_no_6/usbr_ds6_ch6.pdf,37,1140,47,13,0,0,0,0,0,0,0,0,0,0,0,0,0,0,0,0,derived/quality/v2_0_canonical_future_capacity_2026-08-29-wave1027-current-safe-plus-wave1012-nasa.jsonl;derived/quality/v2_0_staged_capacity_2026-08-30-wave1563-nasa-lo2-pdu-microtext.json,machine_exhausted_no_candidate,derived/quality/wave122_usbr_ds6_visual_audit.csv,False,machine_exhausted_no_candidate,-100,https://www.usbr.gov/tsc/techreferences/designstandards-datacollectionguides/designstandards.html
wikimedia_pid_evaporative_crystallizer,pid,microtext,cc_by_sa_3_0_or_gfdl_candidate,,2,0,0,40,0,0,0,0,0,0,40,0,0,0,0,0,20,20,0,0,derived/quality/v2_0_canonical_future_capacity_2026-08-29-wave1027-current-safe-plus-wave1012-nasa.jsonl;derived/quality/v2_0_staged_capacity_2026-08-30-wave1563-nasa-lo2-pdu-microtext.json,,,True,duplicate_payload_alias,-100,https://commons.wikimedia.org/wiki/File:P%26ID.JPG
wikimedia_ri_sample_iso,pid,microtext,public_domain_commons_candidate,microtext/docs/wikimedia_ri_sample_iso.png,1,0,0,0,0,0,0,0,0,0,0,0,0,0,0,0,0,0,0,0,derived/quality/v2_0_canonical_future_capacity_2026-08-29-wave1027-current-safe-plus-wave1012-nasa.jsonl;derived/quality/v2_0_staged_capacity_2026-08-30-wave1563-nasa-lo2-pdu-microtext.json,,,True,duplicate_payload_alias,-100,https://commons.wikimedia.org/wiki/File:RI_Sample_ISO.png
nasa_19790023606_silane_process_flows,pid,microtext,government_public_use_permitted_nasa_candidate,microtext/docs/source_intake_2026_08_22_wave666_nasa_buffer/19790023606.pdf,4,256,0,0,0,0,0,0,0,0,0,0,0,0,0,0,0,0,0,0,derived/quality/v2_0_canonical_future_capacity_2026-08-29-wave1027-current-safe-plus-wave1012-nasa.jsonl;derived/quality/v2_0_staged_capacity_2026-08-30-wave1563-nasa-lo2-pdu-microtext.json,machine_exhausted_after_reviewed_pass,derived/quality/unstaged_review_capacity_2026-08-22-wave739-fallback-novelty.json,False,machine_exhausted_after_reviewed_pass,-100,https://ntrs.nasa.gov/citations/19790023606
nasa_20190025926_superconductor_test_rig_pid,pid,microtext,government_public_use_permitted_nasa_candidate,microtext/docs/source_intake_2026_08_22_wave666_nasa_buffer/20190025926.pdf,1,18,0,0,0,0,0,0,0,0,0,0,0,0,0,0,0,0,0,0,derived/quality/v2_0_canonical_future_capacity_2026-08-29-wave1027-current-safe-plus-wave1012-nasa.jsonl;derived/quality/v2_0_staged_capacity_2026-08-30-wave1563-nasa-lo2-pdu-microtext.json,machine_exhausted_after_reviewed_pass,derived/quality/unstaged_review_capacity_2026-08-22-wave739-fallback-novelty.json,False,machine_exhausted_after_reviewed_pass,-100,https://ntrs.nasa.gov/citations/20190025926
nasa_19750024187_tulip_cryogenic_pid,pid,microtext,government_public_use_permitted_nasa_candidate,microtext/docs/source_intake_2026_08_22_wave673_nasa_tulip/19750024187.pdf,7,366,0,0,0,0,0,0,0,0,0,0,0,0,0,0,0,0,0,0,derived/quality/v2_0_canonical_future_capacity_2026-08-29-wave1027-current-safe-plus-wave1012-nasa.jsonl;derived/quality/v2_0_staged_capacity_2026-08-30-wave1563-nasa-lo2-pdu-microtext.json,machine_exhausted_after_reviewed_pass,derived/quality/unstaged_review_capacity_2026-08-22-wave739-fallback-novelty.json,False,machine_exhausted_after_reviewed_pass,-100,https://ntrs.nasa.gov/citations/19750024187
nasa_19700027359_saturn_loading_pid,pid,microtext,government_public_use_permitted_nasa_candidate,microtext/docs/source_intake_2026_08_22_wave684_nasa_pipeline/19700027359.pdf,2,38,0,0,0,0,0,0,0,0,0,0,0,0,0,0,0,0,0,0,derived/quality/v2_0_canonical_future_capacity_2026-08-29-wave1027-current-safe-plus-wave1012-nasa.jsonl;derived/quality/v2_0_staged_capacity_2026-08-30-wave1563-nasa-lo2-pdu-microtext.json,machine_exhausted_after_reviewed_pass,derived/quality/unstaged_review_capacity_2026-08-22-wave739-fallback-novelty.json,False,machine_exhausted_after_reviewed_pass,-100,https://ntrs.nasa.gov/citations/19700027359
nasa_19970001582_brush_seal_test_pid,pid,microtext,government_public_use_permitted_nasa_candidate,microtext/docs/source_intake_2026_08_22_wave684_nasa_pipeline/19970001582.pdf,1,126,0,0,0,0,0,0,0,0,0,0,0,0,0,0,0,0,0,0,derived/quality/v2_0_canonical_future_capacity_2026-08-29-wave1027-current-safe-plus-wave1012-nasa.jsonl;derived/quality/v2_0_staged_capacity_2026-08-30-wave1563-nasa-lo2-pdu-microtext.json,machine_exhausted_after_reviewed_pass,derived/quality/unstaged_review_capacity_2026-08-22-wave739-fallback-novelty.json,False,machine_exhausted_after_reviewed_pass,-100,https://ntrs.nasa.gov/citations/19970001582
nasa_19760015111_vane_test_facility_flow,pid,microtext,government_public_use_permitted_nasa_candidate,source/review/nasa_19760015111_wave771/19760015111.pdf,1,23,0,0,0,0,0,0,0,0,0,0,0,0,0,0,0,0,0,0,derived/quality/v2_0_canonical_future_capacity_2026-08-29-wave1027-current-safe-plus-wave1012-nasa.jsonl;derived/quality/v2_0_staged_capacity_2026-08-30-wave1563-nasa-lo2-pdu-microtext.json,machine_exhausted_no_candidate,derived/quality/v2_0_wave783_nasa_nonpin_machine_curation_funnel.json,False,machine_exhausted_no_candidate,-100,https://ntrs.nasa.gov/citations/19760015111
nasa_19740014776_mercury_thruster_test_facility,pid,microtext,government_public_use_permitted_nasa_candidate,source/review/nasa_19740014776_wave808/19740014776.pdf,3,57,0,0,0,0,0,0,0,0,0,0,0,0,0,0,0,0,0,0,derived/quality/v2_0_canonical_future_capacity_2026-08-29-wave1027-current-safe-plus-wave1012-nasa.jsonl;derived/quality/v2_0_staged_capacity_2026-08-30-wave1563-nasa-lo2-pdu-microtext.json,machine_exhausted_no_candidate,derived/quality/v2_0_wave820_nasa_nonpin_machine_curation_funnel.json,False,machine_exhausted_no_candidate,-100,https://ntrs.nasa.gov/citations/19740014776
nasa_19660020041_lh2_mass_flowmeter_schematic,mechanical,microtext,government_public_use_permitted_nasa_candidate,microtext/docs/source_intake_2026_08_30_wave1039_official_nasa_engineering/19660020041.pdf,1,3,0,0,0,0,0,0,0,0,0,0,0,0,0,0,0,0,0,0,derived/quality/v2_0_canonical_future_capacity_2026-08-29-wave1027-current-safe-plus-wave1012-nasa.jsonl;derived/quality/v2_0_staged_capacity_2026-08-30-wave1563-nasa-lo2-pdu-microtext.json,machine_exhausted_after_reviewed_pass,derived/quality/v2_0_wave1051_official_nasa_postcanonical_novelty.json,False,machine_exhausted_after_reviewed_pass,-100,https://ntrs.nasa.gov/citations/19660020041
openflexure_delta_stage_raspi_base_v1_1_0,mechanical_cad,visualdiff,cern_ohl_1_2_open_hardware_candidate,visualdiff/docs/openflexure_delta_stage/revisions/openflexure_delta_stage_raspi_base_v1_1_0.stl,1,0,0,0,0,0,0,0,0,0,0,0,0,0,0,0,0,0,0,0,derived/quality/v2_0_canonical_future_capacity_2026-08-29-wave1027-current-safe-plus-wave1012-nasa.jsonl;derived/quality/v2_0_staged_capacity_2026-08-30-wave1563-nasa-lo2-pdu-microtext.json,machine_exhausted_no_candidate,derived/quality/openflexure_delta_stage_hold_novelty_2026-08-30-wave1245.json,False,machine_exhausted_no_candidate,-100,https://gitlab.com/openflexure/openflexure-delta-stage/-/releases/v1.1.0
openflexure_delta_stage_raspi_base_v1_2_0,mechanical_cad,visualdiff,cern_ohl_1_2_open_hardware_candidate,visualdiff/docs/openflexure_delta_stage/revisions/openflexure_delta_stage_raspi_base_v1_2_0.stl,1,0,0,0,0,0,0,0,0,0,0,0,0,0,0,0,0,0,0,0,derived/quality/v2_0_canonical_future_capacity_2026-08-29-wave1027-current-safe-plus-wave1012-nasa.jsonl;derived/quality/v2_0_staged_capacity_2026-08-30-wave1563-nasa-lo2-pdu-microtext.json,machine_exhausted_no_candidate,derived/quality/openflexure_delta_stage_hold_novelty_2026-08-30-wave1245.json,False,machine_exhausted_no_candidate,-100,https://gitlab.com/openflexure/openflexure-delta-stage/-/releases/v1.2.0
openflexure_delta_stage_body_v1_1_0,mechanical_cad,visualdiff,cern_ohl_1_2_open_hardware_candidate,visualdiff/docs/openflexure_delta_stage/revisions/openflexure_delta_stage_body_v1_1_0.stl,1,0,0,0,0,0,0,0,0,0,0,0,0,0,0,0,0,0,0,0,derived/quality/v2_0_canonical_future_capacity_2026-08-29-wave1027-current-safe-plus-wave1012-nasa.jsonl;derived/quality/v2_0_staged_capacity_2026-08-30-wave1563-nasa-lo2-pdu-microtext.json,machine_exhausted_no_candidate,derived/quality/openflexure_delta_stage_hold_novelty_2026-08-30-wave1245.json,False,machine_exhausted_no_candidate,-100,https://gitlab.com/openflexure/openflexure-delta-stage/-/releases/v1.1.0
openflexure_delta_stage_body_v1_2_0,mechanical_cad,visualdiff,cern_ohl_1_2_open_hardware_candidate,visualdiff/docs/openflexure_delta_stage/revisions/openflexure_delta_stage_body_v1_2_0.stl,1,0,0,0,0,0,0,0,0,0,0,0,0,0,0,0,0,0,0,0,derived/quality/v2_0_canonical_future_capacity_2026-08-29-wave1027-current-safe-plus-wave1012-nasa.jsonl;derived/quality/v2_0_staged_capacity_2026-08-30-wave1563-nasa-lo2-pdu-microtext.json,machine_exhausted_no_candidate,derived/quality/openflexure_delta_stage_hold_novelty_2026-08-30-wave1245.json,False,machine_exhausted_no_candidate,-100,https://gitlab.com/openflexure/openflexure-delta-stage/-/releases/v1.2.0
wikimedia_p_id_drawing_template,pid,microtext,cc_by_sa_4_0_commons_candidate,microtext/docs/wikimedia_p_id_drawing_template.jpg,1,0,0,0,0,0,0,0,0,0,0,0,0,0,0,0,0,0,0,0,derived/quality/v2_0_canonical_future_capacity_2026-08-29-wave1027-current-safe-plus-wave1012-nasa.jsonl;derived/quality/v2_0_staged_capacity_2026-08-30-wave1563-nasa-lo2-pdu-microtext.json,machine_exhausted_no_candidate,derived/quality/wikimedia_pid_drawing_template_zero_novelty_2026-08-30-wave1371.json,False,machine_exhausted_no_candidate,-100,https://commons.wikimedia.org/wiki/File:P%26ID_drawing_template.jpg
wikimedia_mechanical_tolerance_definitions,mechanical_cad,microtext,public_domain_commons_candidate,microtext/docs/wikimedia_mechanical_tolerance_definitions.svg,1,26,0,0,0,0,0,0,0,0,0,0,0,0,0,0,0,0,0,0,derived/quality/v2_0_canonical_future_capacity_2026-08-29-wave1027-current-safe-plus-wave1012-nasa.jsonl;derived/quality/v2_0_staged_capacity_2026-08-30-wave1563-nasa-lo2-pdu-microtext.json,machine_exhausted_no_candidate,derived/quality/wikimedia_mechanical_tolerance_zero_novelty_2026-08-30-wave1414.json,False,machine_exhausted_no_candidate,-100,https://commons.wikimedia.org/wiki/File:Mechanical_Tolerance_Definitions.svg
wikimedia_mech_draw_1,mechanical_cad,microtext,cc_by_sa_3_0_commons_candidate,microtext/docs/wikimedia_mech_draw_1.svg,1,3,0,0,0,0,0,0,0,0,0,0,0,0,0,0,0,0,0,0,derived/quality/v2_0_canonical_future_capacity_2026-08-29-wave1027-current-safe-plus-wave1012-nasa.jsonl;derived/quality/v2_0_staged_capacity_2026-08-30-wave1563-nasa-lo2-pdu-microtext.json,machine_exhausted_no_candidate,derived/quality/wikimedia_mech_draw_1_zero_novelty_2026-08-30-wave1415.json,False,machine_exhausted_no_candidate,-100,https://commons.wikimedia.org/wiki/File:Mech_draw_1.svg
