doc_id,task,domain,active_row_references,inventory_present,manifest_present,local_path,local_path_exists,source_url,public_status,inventory_public_status,manifest_public_status,rights_status_disagreement,source_candidate_id,recorded_sha256,computed_sha256,sha256_matches,blocker,release_ready,paper_ready
adafruit_esp32_feather_v2_pinout,microtext,pcb_schematic,105,True,True,microtext/docs/adafruit_esp32_feather_v2/adafruit_esp32_feather_v2_pinout.pdf,True,https://github.com/adafruit/Adafruit-ESP32-Feather-V2-PCB,cc_by_sa_3_0_open_hardware_candidate,cc_by_sa_3_0_open_hardware_candidate,cc_by_sa_3_0_open_hardware,False,pcb_019,52ae2016358ff5cc507d4a5eb567f686f539d6493590a9ecce11da062d848d5e,52ae2016358ff5cc507d4a5eb567f686f539d6493590a9ecce11da062d848d5e,True,,True,True
adafruit_esp32_s2_tft_feather_pinout,microtext,pcb_schematic,2,True,True,visualdiff/docs/adafruit_esp32_s2_tft_feather/adafruit_esp32_s2_tft_feather_pinout.pdf,True,https://github.com/adafruit/Adafruit-ESP32-S2-TFT-Feather-PCB,cc_by_sa_open_hardware_candidate,cc_by_sa_open_hardware_candidate,cc_by_sa_open_hardware_candidate,False,pcb_074,0ce335aa12351d27ff554f02db04f0f95a48d8c9e28f78c10d90989393920525,0ce335aa12351d27ff554f02db04f0f95a48d8c9e28f78c10d90989393920525,True,,True,True
adafruit_esp32_s2_tft_feather_sch,visualdiff,pcb_schematic,2,True,True,visualdiff/docs/adafruit_esp32_s2_tft_feather/adafruit_esp32_s2_tft_feather_sch.sch,True,https://github.com/adafruit/Adafruit-ESP32-S2-TFT-Feather-PCB,cc_by_sa_open_hardware_candidate,cc_by_sa_open_hardware_candidate,cc_by_sa_open_hardware_candidate,False,pcb_074,74ab49c11f28bbfdb9d01ce57a9ee588f9c52098d3fb2895af9971480e40acde,74ab49c11f28bbfdb9d01ce57a9ee588f9c52098d3fb2895af9971480e40acde,True,,True,True
adafruit_esp32_s3_tft_feather_pinout,microtext,pcb_schematic,4,True,True,visualdiff/docs/adafruit_esp32_s3_tft_feather/adafruit_esp32_s3_tft_feather_pinout.pdf,True,https://github.com/adafruit/Adafruit-ESP32-S3-TFT-Feather-PCB,cc_by_sa_open_hardware_candidate,cc_by_sa_open_hardware_candidate,cc_by_sa_open_hardware_candidate,False,pcb_075,361a3243b49dea6ada5756bed0d2dc6959ea19bf4456d1c2fd5951ab50f3c26c,361a3243b49dea6ada5756bed0d2dc6959ea19bf4456d1c2fd5951ab50f3c26c,True,,True,True
adafruit_esp32_s3_tft_feather_sch,visualdiff,pcb_schematic,1,True,True,visualdiff/docs/adafruit_esp32_s3_tft_feather/adafruit_esp32_s3_tft_feather_sch.sch,True,https://github.com/adafruit/Adafruit-ESP32-S3-TFT-Feather-PCB,cc_by_sa_open_hardware_candidate,cc_by_sa_open_hardware_candidate,cc_by_sa_open_hardware_candidate,False,pcb_075,f182d94dc49cbd0a51121fa04bb24cf62d447a47a841042b420bcac17b3fab62,f182d94dc49cbd0a51121fa04bb24cf62d447a47a841042b420bcac17b3fab62,True,,True,True
adafruit_feather_32u4_adalogger_pinout,microtext,pcb_schematic,2,True,True,visualdiff/docs/adafruit_feather_32u4_adalogger/adafruit_feather_32u4_adalogger_pinout.pdf,True,https://github.com/adafruit/Adafruit-Feather-32u4-Adalogger-PCB,cc_by_sa_open_hardware_candidate,cc_by_sa_open_hardware_candidate,cc_by_sa_open_hardware_candidate,False,pcb_052,814d81dad6f3a69737d71540301134098cc6f4015cb934ea45304e399595143e,814d81dad6f3a69737d71540301134098cc6f4015cb934ea45304e399595143e,True,,True,True
adafruit_feather_32u4_adalogger_sch,visualdiff,pcb_schematic,3,True,True,visualdiff/docs/adafruit_feather_32u4_adalogger/adafruit_feather_32u4_adalogger_sch.sch,True,https://github.com/adafruit/Adafruit-Feather-32u4-Adalogger-PCB,cc_by_sa_open_hardware_candidate,cc_by_sa_open_hardware_candidate,cc_by_sa_open_hardware_candidate,False,pcb_052,673ca5582f77746f75eb2954783d07100a959334ec545b28e21d7d341a25a644,673ca5582f77746f75eb2954783d07100a959334ec545b28e21d7d341a25a644,True,,True,True
adafruit_feather_32u4_basic_proto_pinout,microtext,pcb_schematic,2,True,True,visualdiff/docs/adafruit_feather_32u4_basic_proto/adafruit_feather_32u4_basic_proto_pinout.pdf,True,https://github.com/adafruit/Adafruit-Feather-32u4-Basic-Proto-PCB,cc_by_sa_open_hardware_candidate,cc_by_sa_open_hardware_candidate,cc_by_sa_open_hardware_candidate,False,pcb_053,947c55b9ee6ec222f8b0e75cef114b7432fc89a2b9e1f6ba104481c205d02e58,947c55b9ee6ec222f8b0e75cef114b7432fc89a2b9e1f6ba104481c205d02e58,True,,True,True
adafruit_feather_32u4_basic_proto_sch,visualdiff,pcb_schematic,3,True,True,visualdiff/docs/adafruit_feather_32u4_basic_proto/adafruit_feather_32u4_basic_proto_sch.sch,True,https://github.com/adafruit/Adafruit-Feather-32u4-Basic-Proto-PCB,cc_by_sa_open_hardware_candidate,cc_by_sa_open_hardware_candidate,cc_by_sa_open_hardware_candidate,False,pcb_053,b0f602c45022798e6b5d2eab554ae40fe9290cf162ac9089e21ac9742a2789a1,b0f602c45022798e6b5d2eab554ae40fe9290cf162ac9089e21ac9742a2789a1,True,,True,True
adafruit_feather_esp32_s2_original_sch,visualdiff,pcb_schematic,10,True,True,visualdiff/docs/adafruit_feather_esp32_s2/adafruit_feather_esp32_s2_original_sch.sch,True,https://github.com/adafruit/Adafruit-Feather-ESP32-S2-PCB,cc_by_sa_open_hardware_candidate,cc_by_sa_open_hardware_candidate,cc_by_sa_open_hardware_candidate,False,pcb_033,0269094826d469fc252c8ac691cea83a0f53b8d65167848fc9c57906752d652a,0269094826d469fc252c8ac691cea83a0f53b8d65167848fc9c57906752d652a,True,,True,True
adafruit_feather_esp32_s2_pinout,microtext,pcb_schematic,1,True,True,visualdiff/docs/adafruit_feather_esp32_s2/adafruit_feather_esp32_s2_pinout.pdf,True,https://github.com/adafruit/Adafruit-Feather-ESP32-S2-PCB,cc_by_sa_open_hardware_candidate,cc_by_sa_open_hardware_candidate,cc_by_sa_open_hardware_candidate,False,pcb_033,2f0403fd07247f12603ec994bd50c2d5a228d71a366f9e94fc9adeedbeed0dd7,2f0403fd07247f12603ec994bd50c2d5a228d71a366f9e94fc9adeedbeed0dd7,True,,True,True
adafruit_feather_esp32_s2_rev_c_sch,visualdiff,pcb_schematic,6,True,True,visualdiff/docs/adafruit_feather_esp32_s2/adafruit_feather_esp32_s2_rev_c_sch.sch,True,https://github.com/adafruit/Adafruit-Feather-ESP32-S2-PCB,cc_by_sa_open_hardware_candidate,cc_by_sa_open_hardware_candidate,cc_by_sa_open_hardware_candidate,False,pcb_033,381e4fac24849789ff8d41e77e385b339094c8365082da515588df699112ff55,381e4fac24849789ff8d41e77e385b339094c8365082da515588df699112ff55,True,,True,True
adafruit_feather_esp32_s3_pinout,microtext,pcb_schematic,4,True,True,visualdiff/docs/adafruit_feather_esp32_s3/adafruit_feather_esp32_s3_pinout.pdf,True,https://github.com/adafruit/Adafruit-Feather-ESP32-S3-PCB,cc_by_sa_open_hardware_candidate,cc_by_sa_open_hardware_candidate,cc_by_sa_open_hardware_candidate,False,pcb_034,41b8de067929ee3ad1d601bfa220d2ccf97621d733fa10dc374ad2daa696d811,41b8de067929ee3ad1d601bfa220d2ccf97621d733fa10dc374ad2daa696d811,True,,True,True
adafruit_feather_esp32_s3_sch,visualdiff,pcb_schematic,3,True,True,visualdiff/docs/adafruit_feather_esp32_s3/adafruit_feather_esp32_s3_sch.sch,True,https://github.com/adafruit/Adafruit-Feather-ESP32-S3-PCB,cc_by_sa_open_hardware_candidate,cc_by_sa_open_hardware_candidate,cc_by_sa_open_hardware_candidate,False,pcb_034,b71cdf533f043c30c1b8ab87d476214c6a857b4f92245debe98694e88a69d398,b71cdf533f043c30c1b8ab87d476214c6a857b4f92245debe98694e88a69d398,True,,True,True
adafruit_feather_m0_adalogger_pinout,microtext,pcb_schematic,1,True,True,visualdiff/docs/adafruit_feather_m0_adalogger/adafruit_feather_m0_adalogger_pinout.pdf,True,https://github.com/adafruit/Adafruit-Feather-M0-Adalogger-PCB,cc_by_sa_open_hardware_candidate,cc_by_sa_open_hardware_candidate,cc_by_sa_open_hardware_candidate,False,pcb_047,e482f797990c0cc1cbd150fc478bb58c642737728fe716942df3641148cc8d6d,e482f797990c0cc1cbd150fc478bb58c642737728fe716942df3641148cc8d6d,True,,True,True
adafruit_feather_m0_adalogger_sch,visualdiff,pcb_schematic,4,True,True,visualdiff/docs/adafruit_feather_m0_adalogger/adafruit_feather_m0_adalogger_sch.sch,True,https://github.com/adafruit/Adafruit-Feather-M0-Adalogger-PCB,cc_by_sa_open_hardware_candidate,cc_by_sa_open_hardware_candidate,cc_by_sa_open_hardware_candidate,False,pcb_047,636dca48a4a5e4ad2ab30b6e26353d9c258b054cf2b92aaa5baa6466eee9b3c6,636dca48a4a5e4ad2ab30b6e26353d9c258b054cf2b92aaa5baa6466eee9b3c6,True,,True,True
adafruit_feather_m0_basic_proto_pinout,microtext,pcb_schematic,1,True,True,visualdiff/docs/adafruit_feather_m0_basic_proto/adafruit_feather_m0_basic_proto_pinout.pdf,True,https://github.com/adafruit/Adafruit-Feather-M0-Basic-Proto-PCB,cc_by_sa_open_hardware_candidate,cc_by_sa_open_hardware_candidate,cc_by_sa_open_hardware_candidate,False,pcb_054,301a71b4d5511722fef23f1c27250062af756458f7405d13fc3d997d4c50f19d,301a71b4d5511722fef23f1c27250062af756458f7405d13fc3d997d4c50f19d,True,,True,True
adafruit_feather_m0_basic_proto_sch,visualdiff,pcb_schematic,3,True,True,visualdiff/docs/adafruit_feather_m0_basic_proto/adafruit_feather_m0_basic_proto_sch.sch,True,https://github.com/adafruit/Adafruit-Feather-M0-Basic-Proto-PCB,cc_by_sa_open_hardware_candidate,cc_by_sa_open_hardware_candidate,cc_by_sa_open_hardware_candidate,False,pcb_054,321b6b6d35f7c0237ed51c712fc36ba67495380d394442085400454e71349c71,321b6b6d35f7c0237ed51c712fc36ba67495380d394442085400454e71349c71,True,,True,True
adafruit_feather_m0_express_pinout,microtext,pcb_schematic,4,True,True,visualdiff/docs/adafruit_feather_m0_express/adafruit_feather_m0_express_pinout.pdf,True,https://github.com/adafruit/Adafruit-Feather-M0-Express-PCB,cc_by_sa_open_hardware_candidate,cc_by_sa_open_hardware_candidate,cc_by_sa_open_hardware_candidate,False,pcb_046,c4b472f87994431e5471fa93be4c2cf8826c8349cd98c8553a173f309e2c9fd2,c4b472f87994431e5471fa93be4c2cf8826c8349cd98c8553a173f309e2c9fd2,True,,True,True
adafruit_feather_m0_express_sch,visualdiff,pcb_schematic,4,True,True,visualdiff/docs/adafruit_feather_m0_express/adafruit_feather_m0_express_sch.sch,True,https://github.com/adafruit/Adafruit-Feather-M0-Express-PCB,cc_by_sa_open_hardware_candidate,cc_by_sa_open_hardware_candidate,cc_by_sa_open_hardware_candidate,False,pcb_046,8eb1e5986ade72c1a2b66dd57ed25b6cdbedd8cf3d06005ee0b9bf230b6c61c4,8eb1e5986ade72c1a2b66dd57ed25b6cdbedd8cf3d06005ee0b9bf230b6c61c4,True,,True,True
adafruit_feather_m4_express_pinout,microtext,pcb_schematic,4,True,True,visualdiff/docs/adafruit_feather_m4_express/adafruit_feather_m4_express_pinout.pdf,True,https://github.com/adafruit/Adafruit-Feather-M4-Express-PCB,cc_by_sa_open_hardware_candidate,cc_by_sa_open_hardware_candidate,cc_by_sa_open_hardware_candidate,False,pcb_035,74ea5c818ff0acf32f6631446a8ac253a2de4ec8c477d86defbe557849efb213,74ea5c818ff0acf32f6631446a8ac253a2de4ec8c477d86defbe557849efb213,True,,True,True
adafruit_feather_m4_express_sch,visualdiff,pcb_schematic,4,True,True,visualdiff/docs/adafruit_feather_m4_express/adafruit_feather_m4_express_sch.sch,True,https://github.com/adafruit/Adafruit-Feather-M4-Express-PCB,cc_by_sa_open_hardware_candidate,cc_by_sa_open_hardware_candidate,cc_by_sa_open_hardware_candidate,False,pcb_035,e2a07108f2f4553755e68b12b92535663549eb680452f70034b84e04419e8c41,e2a07108f2f4553755e68b12b92535663549eb680452f70034b84e04419e8c41,True,,True,True
adafruit_feather_nrf52840_sense_original_sch,visualdiff,pcb_schematic,6,True,True,visualdiff/docs/adafruit_feather_nrf52840_sense/adafruit_feather_nrf52840_sense_original_sch.sch,True,https://github.com/adafruit/Adafruit-Feather-nRF52840-Sense-PCB,cc_by_sa_open_hardware_candidate,cc_by_sa_open_hardware_candidate,cc_by_sa_open_hardware_candidate,False,pcb_068,f26fa308cc09d3a5d1f57941f3235a338197e2291829b13d171d88e37751cfa6,f26fa308cc09d3a5d1f57941f3235a338197e2291829b13d171d88e37751cfa6,True,,True,True
adafruit_feather_nrf52840_sense_pinout,microtext,pcb_schematic,6,True,True,visualdiff/docs/adafruit_feather_nrf52840_sense/adafruit_feather_nrf52840_sense_pinout.pdf,True,https://github.com/adafruit/Adafruit-Feather-nRF52840-Sense-PCB,cc_by_sa_open_hardware_candidate,cc_by_sa_open_hardware_candidate,cc_by_sa_open_hardware_candidate,False,pcb_068,b1d2f865e3c21f82d30a1f8721ba9a6b0de3859ba655f35c702408d2c2989c1d,b1d2f865e3c21f82d30a1f8721ba9a6b0de3859ba655f35c702408d2c2989c1d,True,,True,True
adafruit_feather_nrf52840_sense_rev_c_sch,visualdiff,pcb_schematic,2,True,True,visualdiff/docs/adafruit_feather_nrf52840_sense/adafruit_feather_nrf52840_sense_rev_c_sch.sch,True,https://github.com/adafruit/Adafruit-Feather-nRF52840-Sense-PCB,cc_by_sa_open_hardware_candidate,cc_by_sa_open_hardware_candidate,cc_by_sa_open_hardware_candidate,False,pcb_068,31000e6f43f780affe149887180adfc2c6c9e330987063730370dd9b950871b3,31000e6f43f780affe149887180adfc2c6c9e330987063730370dd9b950871b3,True,,True,True
adafruit_feather_rp2040_original_sch,visualdiff,pcb_schematic,11,True,True,visualdiff/docs/adafruit_feather_rp2040/adafruit_feather_rp2040_original.sch,True,https://github.com/adafruit/Adafruit-Feather-RP2040-PCB,cc_by_sa_open_hardware_candidate,cc_by_sa_open_hardware_candidate,cc_by_sa_open_hardware_candidate,False,pcb_020,01aae2acd843c9f626d7119e77142e2897c8e98c5529a7c0faea2ce45402e422,01aae2acd843c9f626d7119e77142e2897c8e98c5529a7c0faea2ce45402e422,True,,True,True
adafruit_feather_rp2040_pinout,microtext,pcb_schematic,6,True,True,visualdiff/docs/adafruit_feather_rp2040/adafruit_feather_rp2040_pinout.pdf,True,https://github.com/adafruit/Adafruit-Feather-RP2040-PCB,cc_by_sa_open_hardware_candidate,cc_by_sa_open_hardware_candidate,cc_by_sa_open_hardware_candidate,False,pcb_020,e10a2a8c12d489d76631fa72abbc53914a1e2560ac2c23835b462261baa059ea,e10a2a8c12d489d76631fa72abbc53914a1e2560ac2c23835b462261baa059ea,True,,True,True
adafruit_feather_rp2040_rev_b_sch,visualdiff,pcb_schematic,8,True,True,visualdiff/docs/adafruit_feather_rp2040/adafruit_feather_rp2040_rev_b.sch,True,https://github.com/adafruit/Adafruit-Feather-RP2040-PCB,cc_by_sa_open_hardware_candidate,cc_by_sa_open_hardware_candidate,cc_by_sa_open_hardware_candidate,False,pcb_020,267d036f97b97adf4b8889ab960081856535e5f557d6cf815f5b18453c603bdf,267d036f97b97adf4b8889ab960081856535e5f557d6cf815f5b18453c603bdf,True,,True,True
adafruit_huzzah32_esp32_feather_pinout,microtext,pcb_schematic,4,True,True,visualdiff/docs/adafruit_huzzah32_esp32_feather/adafruit_huzzah32_esp32_feather_pinout.pdf,True,https://github.com/adafruit/Adafruit-HUZZAH32-ESP32-Feather-PCB,cc_by_sa_open_hardware_candidate,cc_by_sa_open_hardware_candidate,cc_by_sa_open_hardware_candidate,False,pcb_066,7bf736651854a04ea2d7293e124e2be86c66ef70c1f0fc3ab47c08c8f07c279b,7bf736651854a04ea2d7293e124e2be86c66ef70c1f0fc3ab47c08c8f07c279b,True,,True,True
adafruit_huzzah32_esp32_feather_sch,visualdiff,pcb_schematic,4,True,True,visualdiff/docs/adafruit_huzzah32_esp32_feather/adafruit_huzzah32_esp32_feather_sch.sch,True,https://github.com/adafruit/Adafruit-HUZZAH32-ESP32-Feather-PCB,cc_by_sa_open_hardware_candidate,cc_by_sa_open_hardware_candidate,cc_by_sa_open_hardware_candidate,False,pcb_066,c94cbaf666b6cde286453c09c5263a185b167b1a747a9e404b9103fc0cacc414,c94cbaf666b6cde286453c09c5263a185b167b1a747a9e404b9103fc0cacc414,True,,True,True
adafruit_itsybitsy_32u4_3v_2025,visualdiff,pcb_schematic,4,True,True,visualdiff/docs/adafruit_itsybitsy_32u4_3v/revisions/adafruit_itsybitsy_32u4_3v_2025.sch,True,https://github.com/adafruit/Adafruit-ItsyBitsy-32u4-PCB.git,cc_by_sa_3_0_open_hardware_candidate,cc_by_sa_3_0_open_hardware_candidate,cc_by_sa_3_0_open_hardware_candidate,False,pcb_056,dcdef4643478211d5c60e94739b9d3b808b90b1737347ceb3f31234a53c499e1,dcdef4643478211d5c60e94739b9d3b808b90b1737347ceb3f31234a53c499e1,True,,True,True
adafruit_metro_m0_express_2017,visualdiff,pcb_schematic,1,True,True,visualdiff/docs/adafruit_metro_m0_express/revisions/adafruit_metro_m0_express_2017.sch,True,https://github.com/adafruit/Adafruit-Metro-M0-Express-PCB.git,cc_by_sa_3_0_open_hardware_candidate,cc_by_sa_3_0_open_hardware_candidate,cc_by_sa_3_0_open_hardware_candidate,False,pcb_069,d9d52f9029c38c714729cadfd67bda67ef66ecd40844a177647fc9a66a98dd9a,d9d52f9029c38c714729cadfd67bda67ef66ecd40844a177647fc9a66a98dd9a,True,,True,True
adafruit_metro_m0_express_2019,visualdiff,pcb_schematic,5,True,True,visualdiff/docs/adafruit_metro_m0_express/revisions/adafruit_metro_m0_express_2019.sch,True,https://github.com/adafruit/Adafruit-Metro-M0-Express-PCB.git,cc_by_sa_3_0_open_hardware_candidate,cc_by_sa_3_0_open_hardware_candidate,cc_by_sa_3_0_open_hardware_candidate,False,pcb_069,dd411473ce843f8d6bd7b28ba6fb17e1616e59b301f57fbd13fb0a43ee5b62e5,dd411473ce843f8d6bd7b28ba6fb17e1616e59b301f57fbd13fb0a43ee5b62e5,True,,True,True
aquila_dev_v1.2,microtext,pcb_schematic,281,True,True,microtext/docs/aquila_dev_v1.2.pdf,True,https://developer.toradex.com/hardware/aquila-som-family/carrier-boards/aquila-development-board/,public_vendor_design_resource_candidate,public_vendor_design_resource_candidate,public_vendor_design_resource_candidate,False,pcb_077,7c9d91014d8ec5f1717dfa450e10e637f83d45a7256cac3cd9827f1ef3cffc22,7c9d91014d8ec5f1717dfa450e10e637f83d45a7256cac3cd9827f1ef3cffc22,True,license_evidence_missing,False,False
aquila_dev_v1.3,microtext,pcb_schematic,213,True,True,microtext/docs/aquila_dev_v1.3.PDF,True,https://developer.toradex.com/hardware/aquila-som-family/carrier-boards/aquila-development-board/,public_vendor_design_resource_candidate,public_vendor_design_resource_candidate,public_vendor_design_resource_candidate,False,pcb_077,20887bdeb13df08d8d4e6921fd7229d8e3add21404d46cc0e7299696fba894c6,20887bdeb13df08d8d4e6921fd7229d8e3add21404d46cc0e7299696fba894c6,True,license_evidence_missing,False,False
arch_012_1_13_third_floor_plan_second_floor_plan_first_floor_plan_grou,microtext,civil_architectural,4,True,True,microtext/docs/source_intake_2026_07_31_loc_master_wave2/arch_012_1_13_third_floor_plan_second_floor_plan_first_floor_plan_grou.tif,True,https://www.loc.gov/pictures/item/ak0003.sheet.00013a/,public_domain_us_federal_candidate,public_domain_us_federal_candidate,public_domain_us_federal_candidate,False,arch_012,8bada10a146904c4424c65ed5301a2bef42fec0c9621c947eba1aa942ac69caa,8bada10a146904c4424c65ed5301a2bef42fec0c9621c947eba1aa942ac69caa,True,,True,True
arch_012_1_first_floor_plan_attic_floor_plan_second_floor_plan_section,microtext,civil_architectural,3,True,True,microtext/docs/source_intake_2026_07_31_loc_unused/arch_012_1_first_floor_plan_attic_floor_plan_second_floor_plan_section.tif,True,https://www.loc.gov/pictures/item/md0606.sheet.00001a/,public_domain_us_federal_candidate,public_domain_us_federal_candidate,public_domain_us_federal_candidate,False,arch_012,94380775f0080806fc7d50da1c282b6cf5d3d96cb626403a472264a2a4242b16,94380775f0080806fc7d50da1c282b6cf5d3d96cb626403a472264a2a4242b16,True,,True,True
arch_012_1_first_floor_plan_second_floor_plan_basement_floor_plan_sout,microtext,civil_architectural,4,True,True,microtext/docs/source_intake_2026_07_31_loc_master_wave2/arch_012_1_first_floor_plan_second_floor_plan_basement_floor_plan_sout.tif,True,https://www.loc.gov/pictures/item/md0576.sheet.00001a/,public_domain_us_federal_candidate,public_domain_us_federal_candidate,public_domain_us_federal_candidate,False,arch_012,7eb55dc3605c0155d649dab9be332f12d9bc084d9dde0774c454c3ad088e5ea8,7eb55dc3605c0155d649dab9be332f12d9bc084d9dde0774c454c3ad088e5ea8,True,,True,True
arch_012_3_evolution_1950_preliminary_first_floor_plan_1950_constructe,microtext,civil_architectural,4,True,True,microtext/docs/source_intake_2026_07_31_loc_unused/arch_012_3_evolution_1950_preliminary_first_floor_plan_1950_constructe.tif,True,https://www.loc.gov/pictures/item/ms0362.sheet.00003a/,public_domain_us_federal_candidate,public_domain_us_federal_candidate,public_domain_us_federal_candidate,False,arch_012,7f1f8f73587b9f38c808af3b633b770b4d738b2b6829a6b67632279d132b576f,7f1f8f73587b9f38c808af3b633b770b4d738b2b6829a6b67632279d132b576f,True,,True,True
arch_012_3_second_floor_plan_basement_floor_plan_observation_level_flo,microtext,civil_architectural,4,True,True,microtext/docs/source_intake_2026_07_31_loc_unused/arch_012_3_second_floor_plan_basement_floor_plan_observation_level_flo.tif,True,https://www.loc.gov/pictures/item/ms0361.sheet.00003a/,public_domain_us_federal_candidate,public_domain_us_federal_candidate,public_domain_us_federal_candidate,False,arch_012,6299ac19dc0e76828d541efbd9ab531b6f10e76e5206e7060ba6d77011250b19,6299ac19dc0e76828d541efbd9ab531b6f10e76e5206e7060ba6d77011250b19,True,,True,True
arch_013_2_lock_tender_s_shelter_south_elevation_north_elevation_east_,microtext,civil_architectural,4,True,True,microtext/docs/source_intake_2026_07_31_loc_master_wave2/arch_013_2_lock_tender_s_shelter_south_elevation_north_elevation_east_.tif,True,https://www.loc.gov/pictures/item/md0622.sheet.00002a/,public_domain_us_federal_candidate,public_domain_us_federal_candidate,public_domain_us_federal_candidate,False,arch_013,5319df157b50d993279174e855bc69a101623caa548d4863e2b9409304d0381f,5319df157b50d993279174e855bc69a101623caa548d4863e2b9409304d0381f,True,,True,True
arch_013_two_and_three_bedroom_units_first_floor_plan_second_floor_pla,microtext,civil_architectural,4,True,True,microtext/docs/source_intake_2026_07_31_loc_unused/arch_013_two_and_three_bedroom_units_first_floor_plan_second_floor_pla.tif,True,https://www.loc.gov/pictures/item/pa2949.sheet.00005a/,public_domain_us_federal_candidate,public_domain_us_federal_candidate,public_domain_us_federal_candidate,False,arch_013,b5dbb155765087fa1d45d3efcb17b0f021131374ec7efd1a0e0a2d1a5537be6b,b5dbb155765087fa1d45d3efcb17b0f021131374ec7efd1a0e0a2d1a5537be6b,True,,True,True
arch_014_1_plan_section_a_a_section_b_b_section_c_c_gate_details_timbe,microtext,civil_architectural,4,True,True,microtext/docs/source_intake_2026_07_31_loc_unused/arch_014_1_plan_section_a_a_section_b_b_section_c_c_gate_details_timbe.tif,True,https://www.loc.gov/pictures/item/md0624.sheet.00001a/,public_domain_us_federal_candidate,public_domain_us_federal_candidate,public_domain_us_federal_candidate,False,arch_014,79881729e7205546dbf5f07c0efd06e2014c84c1954ee3bcf4f15d2368548894,79881729e7205546dbf5f07c0efd06e2014c84c1954ee3bcf4f15d2368548894,True,,True,True
arch_014_cross_sections_no_1_hold_section_at_fr_24_looking_fwd_no_1_ho,microtext,civil_architectural,3,True,True,microtext/docs/source_intake_2026_07_31_loc_master_wave2/arch_014_cross_sections_no_1_hold_section_at_fr_24_looking_fwd_no_1_ho.tif,True,https://www.loc.gov/pictures/item/ca3460.sheet.00006a/,public_domain_us_federal_candidate,public_domain_us_federal_candidate,public_domain_us_federal_candidate,False,arch_014,ab7e6f696a1132ef2055fa603df641fa9ad65caa310d6476235b26cc95bc7068,ab7e6f696a1132ef2055fa603df641fa9ad65caa310d6476235b26cc95bc7068,True,,True,True
arch_014_roof_plans_section_c_c_roof_plan_roof_framing_plans_section_c,microtext,civil_architectural,3,True,True,microtext/docs/source_intake_2026_07_31_loc_unused/arch_014_roof_plans_section_c_c_roof_plan_roof_framing_plans_section_c.tif,True,https://www.loc.gov/pictures/item/md1862.sheet.00006a/,public_domain_us_federal_candidate,public_domain_us_federal_candidate,public_domain_us_federal_candidate,False,arch_014,3e47852eb6ad98b12486c970deee2f7ad53d18a2d9a7cb23541609793da583fc,3e47852eb6ad98b12486c970deee2f7ad53d18a2d9a7cb23541609793da583fc,True,,True,True
arch_014_section_at_frame_195_section_at_frame_154_section_at_midship_,microtext,civil_architectural,3,True,True,microtext/docs/source_intake_2026_07_31_loc_master_wave2/arch_014_section_at_frame_195_section_at_frame_154_section_at_midship_.tif,True,https://www.loc.gov/pictures/item/ca3458.sheet.00005a/,public_domain_us_federal_candidate,public_domain_us_federal_candidate,public_domain_us_federal_candidate,False,arch_014,d11defb6454e7d514854339074779e3d924a92e3d103ed95eca4d27aeee7f1c2,d11defb6454e7d514854339074779e3d924a92e3d103ed95eca4d27aeee7f1c2,True,,True,True
arch_014_section_at_frame_19_looking_forward_section_at_frame_25_looki,microtext,civil_architectural,2,True,True,microtext/docs/source_intake_2026_07_31_loc_master_wave2/arch_014_section_at_frame_19_looking_forward_section_at_frame_25_looki.tif,True,https://www.loc.gov/pictures/item/ca3445.sheet.00004a/,public_domain_us_federal_candidate,public_domain_us_federal_candidate,public_domain_us_federal_candidate,False,arch_014,5078b71e081ce001276ed936e35426b16f8fa3b0dc93cfeefeda48dd0ddfe84a,5078b71e081ce001276ed936e35426b16f8fa3b0dc93cfeefeda48dd0ddfe84a,True,,True,True
arch_016_1_statement_of_significance_location_plan_floor_plan_roof_pla,microtext,civil_architectural,3,True,True,microtext/docs/source_intake_2026_07_31_loc_master_wave2/arch_016_1_statement_of_significance_location_plan_floor_plan_roof_pla.tif,True,https://www.loc.gov/pictures/item/la0775.sheet.00001a/,public_domain_us_federal_candidate,public_domain_us_federal_candidate,public_domain_us_federal_candidate,False,arch_016,85513b332cf571c21dd5c0f151348910e1163bcf65e22721273b3bc9d5db8cb8,85513b332cf571c21dd5c0f151348910e1163bcf65e22721273b3bc9d5db8cb8,True,,True,True
arch_016_1_statement_of_significance_site_plan_floor_plan_elevations_s,microtext,civil_architectural,3,True,True,microtext/docs/source_intake_2026_07_31_loc_master_wave2/arch_016_1_statement_of_significance_site_plan_floor_plan_elevations_s.tif,True,https://www.loc.gov/pictures/item/al1385.sheet.00001a/,public_domain_us_federal_candidate,public_domain_us_federal_candidate,public_domain_us_federal_candidate,False,arch_016,652254a5b31dce1575cc230b922ef52260e98e56f44230b2e0caccbdb6330aa5,652254a5b31dce1575cc230b922ef52260e98e56f44230b2e0caccbdb6330aa5,True,,True,True
arch_016_building_43_old_rain_shed_roof_plan_roof_truss_plan_hawaii_vo,microtext,civil_architectural,2,True,True,microtext/docs/source_intake_2026_07_31_loc_master_wave2/arch_016_building_43_old_rain_shed_roof_plan_roof_truss_plan_hawaii_vo.tif,True,https://www.loc.gov/pictures/item/hi0822.sheet.00004a/,public_domain_us_federal_candidate,public_domain_us_federal_candidate,public_domain_us_federal_candidate,False,arch_016,a780eef3c0f94301c148bf53a78663608a097e08f2a5bc6751c710eb3da699f8,a780eef3c0f94301c148bf53a78663608a097e08f2a5bc6751c710eb3da699f8,True,,True,True
arduino_due_schematics,microtext,pcb_schematic,6,True,True,microtext/docs/source_intake_2026_05_24/arduino_due_schematics.pdf,True,https://docs.arduino.cc/hardware/due/,cc_by_sa_4_0_arduino_hardware,cc_by_sa_4_0_arduino_hardware,cc_by_sa_4_0_arduino_hardware,False,,a45cd2cf823f47bb4219870ad808a672140b1d82a7cdd534906c55c763d16557,a45cd2cf823f47bb4219870ad808a672140b1d82a7cdd534906c55c763d16557,True,,True,True
arduino_giga_r1_wifi_schematics,microtext,pcb_schematic,131,True,True,microtext/docs/source_intake_2026_05_24/arduino_giga_r1_wifi_schematics.pdf,True,https://docs.arduino.cc/hardware/giga-r1-wifi/,cc_by_sa_4_0_arduino_hardware,cc_by_sa_4_0_arduino_hardware,cc_by_sa_4_0_arduino_hardware,False,,d17268f9200f8f5844c835653bd5977d2d190255eb5f1333a17d6d044e171551,d17268f9200f8f5844c835653bd5977d2d190255eb5f1333a17d6d044e171551,True,,True,True
arduino_mkr_1000_wifi_schematics,microtext,pcb_schematic,5,True,True,microtext/docs/source_intake_2026_05_24/arduino_mkr_1000_wifi_schematics.pdf,True,https://docs.arduino.cc/hardware/mkr-1000-wifi/,cc_by_sa_4_0_arduino_hardware,cc_by_sa_4_0_arduino_hardware,cc_by_sa_4_0_arduino_hardware,False,,289221900aa07ff80eccf693e687799e969e9389bbcc99c0c3bcf0fe4d0b9f0f,289221900aa07ff80eccf693e687799e969e9389bbcc99c0c3bcf0fe4d0b9f0f,True,,True,True
arduino_mkr_485_shield_schematics,microtext,pcb_schematic,5,True,True,microtext/docs/source_intake_2026_05_24/arduino_mkr_485_shield_schematics.pdf,True,https://docs.arduino.cc/hardware/mkr-485-shield/,cc_by_sa_4_0_arduino_hardware,cc_by_sa_4_0_arduino_hardware,cc_by_sa_4_0_arduino_hardware,False,ds_063,383523db7a97d6c5942770aa858b3cecbb7d7aa1fc44a02d998bdccf3102191c,383523db7a97d6c5942770aa858b3cecbb7d7aa1fc44a02d998bdccf3102191c,True,,True,True
arduino_mkr_fox_1200_schematics,microtext,pcb_schematic,6,True,True,microtext/docs/source_intake_2026_05_24/arduino_mkr_fox_1200_schematics.pdf,True,https://docs.arduino.cc/hardware/mkr-fox-1200/,cc_by_sa_4_0_arduino_hardware,cc_by_sa_4_0_arduino_hardware,cc_by_sa_4_0_arduino_hardware,False,,c61c3340533352d75b9990b1268df86a96b0c749f6ad2736d1ab2f5a59538b34,c61c3340533352d75b9990b1268df86a96b0c749f6ad2736d1ab2f5a59538b34,True,,True,True
arduino_mkr_wan_1310_schematics,microtext,pcb_schematic,6,True,True,microtext/docs/source_intake_2026_05_24/arduino_mkr_wan_1310_schematics.pdf,True,https://docs.arduino.cc/hardware/mkr-wan-1310/,cc_by_sa_4_0_arduino_hardware,cc_by_sa_4_0_arduino_hardware,cc_by_sa_4_0_arduino_hardware,False,,7f7ac9b80c2e2b87f70d6de6dc7e449eb06d81fbd6e05454648a783b4193b613,7f7ac9b80c2e2b87f70d6de6dc7e449eb06d81fbd6e05454648a783b4193b613,True,,True,True
arduino_nano_33_ble_sense_rev2_schematics,microtext,pcb_schematic,2,True,True,microtext/docs/source_intake_2026_05_24/arduino_nano_33_ble_sense_rev2_schematics.pdf,True,https://docs.arduino.cc/hardware/nano-33-ble-sense-rev2/,cc_by_sa_4_0_arduino_hardware,cc_by_sa_4_0_arduino_hardware,cc_by_sa_4_0_arduino_hardware,False,ds_072,83cdcd696e8f2855bf34fb5cbe004a37d73027e87203cd195f81ef5e72e66063,83cdcd696e8f2855bf34fb5cbe004a37d73027e87203cd195f81ef5e72e66063,True,,True,True
arduino_nicla_vision_schematics,microtext,pcb_schematic,6,True,True,microtext/docs/source_intake_2026_05_24/arduino_nicla_vision_schematics.pdf,True,https://docs.arduino.cc/hardware/nicla-vision/,cc_by_sa_4_0_arduino_hardware,cc_by_sa_4_0_arduino_hardware,cc_by_sa_4_0_arduino_hardware,False,ds_033,fdf9cffb0f1ff3228645710e9eabdd3c819071bc8690c6e18bc48f0302944efe,fdf9cffb0f1ff3228645710e9eabdd3c819071bc8690c6e18bc48f0302944efe,True,,True,True
arduino_portenta_breakout_schematics,microtext,pcb_schematic,13,True,True,microtext/docs/source_intake_2026_05_24/arduino_portenta_breakout_schematics.pdf,True,https://docs.arduino.cc/hardware/portenta-breakout/,cc_by_sa_4_0_arduino_hardware,cc_by_sa_4_0_arduino_hardware,cc_by_sa_4_0_arduino_hardware,False,,4790e38c0398c3cc0e452b262c31d67bf0785e8d90f87bf29a07c91f737fc30f,4790e38c0398c3cc0e452b262c31d67bf0785e8d90f87bf29a07c91f737fc30f,True,,True,True
arduino_portenta_h7_schematics,microtext,pcb_schematic,6,True,True,microtext/docs/source_intake_2026_05_24/arduino_portenta_h7_schematics.pdf,True,https://docs.arduino.cc/hardware/portenta-h7/,cc_by_sa_4_0_arduino_hardware,cc_by_sa_4_0_arduino_hardware,cc_by_sa_4_0_arduino_hardware,False,ds_032,3799d6a640c907662f643c8aa3ba8193761f4848fa7f2e997fea83d8b024c4a1,3799d6a640c907662f643c8aa3ba8193761f4848fa7f2e997fea83d8b024c4a1,True,,True,True
arduino_portenta_machine_control_schematics,microtext,pcb_schematic,8,True,True,microtext/docs/source_intake_2026_05_24/arduino_portenta_machine_control_schematics.pdf,True,https://docs.arduino.cc/hardware/portenta-machine-control/,cc_by_sa_4_0_arduino_hardware,cc_by_sa_4_0_arduino_hardware,cc_by_sa_4_0_arduino_hardware,False,,3fb21433df63619fe6ffc9870ff3600fe25a7a188070669a478a6dc4b9a285b6,3fb21433df63619fe6ffc9870ff3600fe25a7a188070669a478a6dc4b9a285b6,True,,True,True
arduino_uno_r4_minima_schematics,microtext,pcb_schematic,6,True,True,microtext/docs/source_intake_2026_05_24/arduino_uno_r4_minima_schematics.pdf,True,https://docs.arduino.cc/hardware/uno-r4-minima/,cc_by_sa_4_0_arduino_hardware,cc_by_sa_4_0_arduino_hardware,cc_by_sa_4_0_arduino_hardware,False,ds_040,2377bdf99b4b45121b0dbd0e5edf9ffff80a4d835759e994cb1128772a91f19b,2377bdf99b4b45121b0dbd0e5edf9ffff80a4d835759e994cb1128772a91f19b,True,,True,True
arduino_uno_r4_wifi_schematics,microtext,pcb_schematic,6,True,True,microtext/docs/source_intake_2026_05_24/arduino_uno_r4_wifi_schematics.pdf,True,https://docs.arduino.cc/hardware/uno-r4-wifi/,cc_by_sa_4_0_arduino_hardware,cc_by_sa_4_0_arduino_hardware,cc_by_sa_4_0_arduino_hardware,False,ds_039,e0bb718b360ff2a466965bc75790345343681e340ae53dc8dbb79974f3d65f7b,e0bb718b360ff2a466965bc75790345343681e340ae53dc8dbb79974f3d65f7b,True,,True,True
bbb_schematic_revC,visualdiff,pcb_schematic,776,True,True,visualdiff/docs/bbb_schematic_revC.pdf,True,https://edge-ai.beagleboard.io/docs/latest/boards/beaglebone/black/index.html,cc_by_sa_beagleboard_docs_candidate,cc_by_sa_beagleboard_docs_candidate,cc_by_sa_beagleboard_docs_candidate,False,,5e5fbbd40522200a2c002badcd132718e67c01e86d4b843b02f3f6fa8872e0af,5e5fbbd40522200a2c002badcd132718e67c01e86d4b843b02f3f6fa8872e0af,True,,True,True
bbb_schematic_revC3,visualdiff,pcb_schematic,750,True,True,visualdiff/docs/bbb_schematic_revC3.pdf,True,https://edge-ai.beagleboard.io/docs/latest/boards/beaglebone/black/index.html,cc_by_sa_beagleboard_docs_candidate,cc_by_sa_beagleboard_docs_candidate,cc_by_sa_beagleboard_docs_candidate,False,,2a8ed7dd92cde557e06f208e4f8f819578bdac13988c5272c51c14ada9be0ad5,2a8ed7dd92cde557e06f208e4f8f819578bdac13988c5272c51c14ada9be0ad5,True,,True,True
book_of_house_plans_buttrich,microtext,civil_architectural,164,True,True,microtext/docs/book_of_house_plans_buttrich.pdf,True,https://commons.wikimedia.org/wiki/File:A_book_of_house_plans%3B_floor_plans_and_cost_data_of_original_designs_of_various_architectural_types%2C_of_which_full_working_drawings_and_specifications_are_available_%28IA_bookofhouseplans00buttrich%29.pdf,public_domain_commons_candidate,public_domain_commons_candidate,public_domain_commons_candidate,False,arch_001,4279bf0855135a04f4a9bccfb4fd9e3ca66afeb84053e0165a173f25e881afb6,4279bf0855135a04f4a9bccfb4fd9e3ca66afeb84053e0165a173f25e881afb6,True,,True,True
caltrans_xs10_010_deck_drain_type_c,microtext,civil_architectural,48,True,True,microtext/docs/caltrans_bridge_standard_details/caltrans_xs10_010_deck_drain_type_c.pdf,True,https://dot.ca.gov/programs/engineering-services/manuals/bridge-standard-details,public_domain_caltrans_conditions_of_use_candidate,public_domain_caltrans_conditions_of_use_candidate,public_domain_caltrans_conditions_of_use_candidate,False,civil_007,43357289ddc37e7551b09e96622479f880082d281a0555f334ccbbff5def6434,43357289ddc37e7551b09e96622479f880082d281a0555f334ccbbff5def6434,True,,True,True
caltrans_xs1_120_1_pc_pretensioned_i_girder,microtext,civil_architectural,13,True,True,microtext/docs/caltrans_bridge_standard_details/caltrans_xs1_120_1_pc_pretensioned_i_girder.pdf,True,https://dot.ca.gov/programs/engineering-services/manuals/bridge-standard-details,public_domain_caltrans_conditions_of_use_candidate,public_domain_caltrans_conditions_of_use_candidate,public_domain_caltrans_conditions_of_use_candidate,False,civil_007,420213ed01fac338410d94cce87492747d1e0dc60a005638b18853289216721b,420213ed01fac338410d94cce87492747d1e0dc60a005638b18853289216721b,True,,True,True
caltrans_xs4_210_slope_paving,microtext,civil_architectural,1,True,True,microtext/docs/caltrans_bridge_standard_details/caltrans_xs4_210_slope_paving.pdf,True,https://dot.ca.gov/programs/engineering-services/manuals/bridge-standard-details,public_domain_caltrans_conditions_of_use_candidate,public_domain_caltrans_conditions_of_use_candidate,public_domain_caltrans_conditions_of_use_candidate,False,civil_007,dc9d98497d2d1dd75302e73d31cd1642e8cdd04345de7d600363340199c0274b,dc9d98497d2d1dd75302e73d31cd1642e8cdd04345de7d600363340199c0274b,True,,True,True
civil_011_203_earthwork_grading,microtext,civil_architectural,3,True,True,microtext/docs/source_intake_2026_07_02ak_nysdot/civil_011_203_earthwork_grading.pdf,True,https://www.dot.ny.gov/main/business-center/engineering/cadd-info/drawings/standard-sheets-us,public_agency_source_url_terms_sha256,public_agency_source_url_terms_sha256,public_agency_source_url_terms_sha256,False,civil_011,db65478c346f847f0f79ad8704d1db6ccebade7c4191ce498d8e4be3b1d6e09a,db65478c346f847f0f79ad8704d1db6ccebade7c4191ce498d8e4be3b1d6e09a,True,,True,True
civil_011_203_embankment_details_revision,microtext,civil_architectural,2,True,True,microtext/docs/source_intake_2026_07_02ak_nysdot/civil_011_203_embankment_details_revision.pdf,True,https://www.dot.ny.gov/main/business-center/engineering/cadd-info/drawings/standard-sheets-us,public_agency_source_url_terms_sha256,public_agency_source_url_terms_sha256,public_agency_source_url_terms_sha256,False,civil_011,5a2ad1dab6e135276a067abdf300b9538f358890346b745ee3c310d810c5337a,5a2ad1dab6e135276a067abdf300b9538f358890346b745ee3c310d810c5337a,True,,True,True
civil_011_204_excavation_support,microtext,civil_architectural,2,True,True,microtext/docs/source_intake_2026_07_02ak_nysdot/civil_011_204_excavation_support.pdf,True,https://www.dot.ny.gov/main/business-center/engineering/cadd-info/drawings/standard-sheets-us,public_agency_source_url_terms_sha256,public_agency_source_url_terms_sha256,public_agency_source_url_terms_sha256,False,civil_011,255b2f7437529e9ad265fb376bfe360bdc5644043cedea1bc60ecb216fb1279a,255b2f7437529e9ad265fb376bfe360bdc5644043cedea1bc60ecb216fb1279a,True,,True,True
civil_011_680_signal_sheet_01,microtext,civil_architectural,2,True,True,microtext/docs/source_intake_2026_07_02ak_nysdot/civil_011_680_signal_sheet_01.pdf,True,https://www.dot.ny.gov/main/business-center/engineering/cadd-info/drawings/standard-sheets-us,public_agency_source_url_terms_sha256,public_agency_source_url_terms_sha256,public_agency_source_url_terms_sha256,False,civil_011,2e6e945118bb4222290da66bf6b06a26717464be8da064d2a30357ecb49fd642,2e6e945118bb4222290da66bf6b06a26717464be8da064d2a30357ecb49fd642,True,,True,True
civil_011_680_signal_sheet_12,microtext,civil_architectural,2,True,True,microtext/docs/source_intake_2026_07_02ak_nysdot/civil_011_680_signal_sheet_12.pdf,True,https://www.dot.ny.gov/main/business-center/engineering/cadd-info/drawings/standard-sheets-us,public_agency_source_url_terms_sha256,public_agency_source_url_terms_sha256,public_agency_source_url_terms_sha256,False,civil_011,ae9df24373f61e0e3d6bc87e31aeef8e12762ad0533df522b9e84e112e6514da,ae9df24373f61e0e3d6bc87e31aeef8e12762ad0533df522b9e84e112e6514da,True,,True,True
doe_hdbk_1016_93_vol1_engineering_symbology,microtext,pid,29,True,True,microtext/docs/source_intake_2026_08_05_wave38_doe/doe_hdbk_1016_93_vol1_engineering_symbology.pdf,True,https://www.energy.gov/ehss/articles/doe-hdbk-10161-93,public_domain_us_federal_candidate,public_domain_us_federal_candidate,public_domain_us_federal_candidate,False,pid_066,ddb74fb99d549c7d957b266d448f9acb1fb54f6ee6d5c5e639763c44132c0126,ddb74fb99d549c7d957b266d448f9acb1fb54f6ee6d5c5e639763c44132c0126,True,,True,True
doe_hdbk_1016_93_vol2_engineering_symbology,microtext,mechanical_cad,22,True,True,microtext/docs/source_intake_2026_08_05_wave38_doe/doe_hdbk_1016_93_vol2_engineering_symbology.pdf,True,https://www.energy.gov/ehss/articles/doe-hdbk-10162-93,public_domain_us_federal_candidate,public_domain_us_federal_candidate,public_domain_us_federal_candidate,False,mech_065,23539d5d6372f4c16a6916d3ec96a652e7f6c06d0d57011c6c502b4d630bddf3,23539d5d6372f4c16a6916d3ec96a652e7f6c06d0d57011c6c502b4d630bddf3,True,,True,True
ds_009_pinout_pdf,microtext,datasheet_spec,6,True,True,microtext/docs/source_intake_2026_07_05n/ds_009_pinout_pdf.pdf,True,https://docs.arduino.cc/hardware/opta,cc_by_sa_4_0_verified,cc_by_sa_4_0_verified,cc_by_sa_4_0_verified,False,ds_009,a503a2cb0c8f100ccd5fe28cbe057ebf5ae473b1fd44b5b20ae16e442412270d,a503a2cb0c8f100ccd5fe28cbe057ebf5ae473b1fd44b5b20ae16e442412270d,True,,True,True
ds_009_schematics,microtext,pcb_schematic,6,True,True,microtext/docs/source_intake_2026_07_05n/ds_009_schematics.pdf,True,https://docs.arduino.cc/hardware/opta,cc_by_sa_4_0_verified,cc_by_sa_4_0_verified,cc_by_sa_4_0_verified,False,ds_009,3189ba74298d088610befaf32b1d596ce1226e165284d2cbd76039def2d64477,3189ba74298d088610befaf32b1d596ce1226e165284d2cbd76039def2d64477,True,,True,True
espressif_esp32_c5_devkitc_1_pin_layout_v1_1,visualdiff,pcb_schematic,6,True,True,visualdiff/docs/espressif_esp32_c5_devkitc_1_revisions/esp32-c5-devkitc-1-pin-layout_v1.1.png,True,https://github.com/espressif/esp-dev-kits,cc_by_sa_4_0_documentation_candidate,cc_by_sa_4_0_documentation_candidate,cc_by_sa_4_0_documentation_candidate,False,pcb_024,c36a71d029cd438c67f5e6bfcf6653a4c49115f1f1d855ed2aa7357c0e481383,c36a71d029cd438c67f5e6bfcf6653a4c49115f1f1d855ed2aa7357c0e481383,True,,True,True
espressif_esp32_c5_devkitc_1_pin_layout_v1_2,visualdiff,pcb_schematic,6,True,True,visualdiff/docs/espressif_esp32_c5_devkitc_1_revisions/esp32-c5-devkitc-1-pin-layout_v1.2.png,True,https://github.com/espressif/esp-dev-kits,cc_by_sa_4_0_documentation_candidate,cc_by_sa_4_0_documentation_candidate,cc_by_sa_4_0_documentation_candidate,False,pcb_024,70967c5a07c43d472512cf498fb99dcde90cf8c5f11bc1d3bd2c6e584938ee06,70967c5a07c43d472512cf498fb99dcde90cf8c5f11bc1d3bd2c6e584938ee06,True,,True,True
floor_plan_4_bedroom_rural_dwelling,microtext,civil_architectural,12,True,True,microtext/docs/floor_plan_4_bedroom_rural_dwelling.pdf,True,https://commons.wikimedia.org/wiki/File:Floor_plan_of_a_4-bedroom_rural_dwelling_%28IA_CAT31371076%29.pdf,public_domain_us_federal_candidate,public_domain_us_federal_candidate,public_domain_us_federal_candidate,False,arch_008,bc58ef9dd9badd13f80d0fd79fa8657df7947de269ca723bf6ec4ebee43f5ad6,bc58ef9dd9badd13f80d0fd79fa8657df7947de269ca723bf6ec4ebee43f5ad6,True,,True,True
floor_plan_5_bedroom_usda,microtext,civil_architectural,45,True,True,microtext/docs/floor_plan_5_bedroom_usda.pdf,True,https://commons.wikimedia.org/wiki/File:Floor_plan_of_a_5-bedroom_house_%28IA_CAT31371083%29.pdf,public_domain_us_federal_candidate,public_domain_us_federal_candidate,public_domain_us_federal_candidate,False,arch_007,9f4b8e93637906cc66cc4d758b92d1911122ad92f055e79ee037e730f8f57e80,9f4b8e93637906cc66cc4d758b92d1911122ad92f055e79ee037e730f8f57e80,True,,True,True
floor_plans_small_cooperative_dairy_plants,microtext,civil_architectural,102,True,True,microtext/docs/floor_plans_small_cooperative_dairy_plants.pdf,True,https://commons.wikimedia.org/wiki/File:Floor_plans_for_small_cooperative_dairy_plants_%28IA_CAT31315198%29.pdf,public_domain_us_federal_candidate,public_domain_us_federal_candidate,public_domain_us_federal_candidate,False,arch_009,e1127ec11ea7bd0d60d8bb85b40da548dbadd2287993008fce56d6a42b8a63e2,e1127ec11ea7bd0d60d8bb85b40da548dbadd2287993008fce56d6a42b8a63e2,True,,True,True
jetson_orin_baseboard,microtext,pcb_schematic,121,True,True,microtext/docs/jetson_orin_baseboard/jetson_orin_baseboard_schematic.pdf,True,https://github.com/antmicro/jetson-orin-baseboard,apache_2_0_open_hardware_candidate,apache_2_0_open_hardware_candidate,apache_2_0_open_hardware_candidate,False,,1f33fda24250a6cf047043faa9a707be00d5cd350550b7eac04a454045f2561f,1f33fda24250a6cf047043faa9a707be00d5cd350550b7eac04a454045f2561f,True,,True,True
loc22_bridge_truss_2_east_elevation_bridge_plan_truss_details_chickama,microtext,civil_structural,3,True,True,microtext/docs/source_intake_2026_08_04_wave22_loc/loc22_bridge_truss_2_east_elevation_bridge_plan_truss_details_chickama.tif,True,https://www.loc.gov/pictures/item/ga1060.sheet.00002a/,public_domain_us_federal_candidate,public_domain_us_federal_candidate,public_domain_us_federal_candidate,False,loc22_bridge_truss,247261c29cc340f05f0d307fdd7a4497c6eebae1e91854ffd7f5d76e4e148144,247261c29cc340f05f0d307fdd7a4497c6eebae1e91854ffd7f5d76e4e148144,True,,True,True
loc22_bridge_truss_5_queenpost_truss_details_morgan_bridge_spanning_no,microtext,civil_structural,2,True,True,microtext/docs/source_intake_2026_08_04_wave22_loc/loc22_bridge_truss_5_queenpost_truss_details_morgan_bridge_spanning_no.tif,True,https://www.loc.gov/pictures/item/vt0128.sheet.00005a/,public_domain_us_federal_candidate,public_domain_us_federal_candidate,public_domain_us_federal_candidate,False,loc22_bridge_truss,b0755ae8bed630c4fa109fbaa90d9654b1314187ec92a76dae12b9ee45734b3f,b0755ae8bed630c4fa109fbaa90d9654b1314187ec92a76dae12b9ee45734b3f,True,,True,True
loc22_bridge_truss_truss_details_covered_bridge_carlisle_warren_county,microtext,civil_structural,3,True,True,microtext/docs/source_intake_2026_08_04_wave22_loc/loc22_bridge_truss_truss_details_covered_bridge_carlisle_warren_county.tif,True,https://www.loc.gov/pictures/item/ia0028.sheet.00003a/,public_domain_us_federal_candidate,public_domain_us_federal_candidate,public_domain_us_federal_candidate,False,loc22_bridge_truss,770caf725090f0931f119da80cdf7ac0b7eb308b2878221a1a36b1442a5dda82,770caf725090f0931f119da80cdf7ac0b7eb308b2878221a1a36b1442a5dda82,True,,True,True
loc22_bridge_truss_truss_details_covered_bridge_wickecheoke_creek_serg,microtext,civil_structural,1,True,True,microtext/docs/source_intake_2026_08_04_wave22_loc/loc22_bridge_truss_truss_details_covered_bridge_wickecheoke_creek_serg.tif,True,https://www.loc.gov/pictures/item/nj0548.sheet.00005a/,public_domain_us_federal_candidate,public_domain_us_federal_candidate,public_domain_us_federal_candidate,False,loc22_bridge_truss,6c192afce7a581efbe519579dc20eded2e85a9d2c0200c86518a8a6d6f8f0a1e,6c192afce7a581efbe519579dc20eded2e85a9d2c0200c86518a8a6d6f8f0a1e,True,,True,True
loc22_canal_lock_1_lock_gate_typical_elevation_section_a_a_section_b_b,microtext,civil_hydraulic,3,True,True,microtext/docs/source_intake_2026_08_04_wave22_loc/loc22_canal_lock_1_lock_gate_typical_elevation_section_a_a_section_b_b.tif,True,https://www.loc.gov/pictures/item/md0969.sheet.00001a/,public_domain_us_federal_candidate,public_domain_us_federal_candidate,public_domain_us_federal_candidate,False,loc22_canal_lock,2efb19ffeefebe0f68dccaa2090a90dd6eb7dc9f63ab31ec216caf10dbce0e90,2efb19ffeefebe0f68dccaa2090a90dd6eb7dc9f63ab31ec216caf10dbce0e90,True,,True,True
loc22_canal_lock_2_lock_1_savannah_river_lock_elevation_of_north_wall_,microtext,civil_hydraulic,3,True,True,microtext/docs/source_intake_2026_08_04_wave22_loc/loc22_canal_lock_2_lock_1_savannah_river_lock_elevation_of_north_wall_.tif,True,https://www.loc.gov/pictures/item/ga0912.sheet.00002a/,public_domain_us_federal_candidate,public_domain_us_federal_candidate,public_domain_us_federal_candidate,False,loc22_canal_lock,626eb4edf0e2d50c1b9b4b3ec815d18bcc2ac5a7ed31b99ab718437983bd00de,626eb4edf0e2d50c1b9b4b3ec815d18bcc2ac5a7ed31b99ab718437983bd00de,True,,True,True
loc22_steam_engine_1_16_engine_room_piping_diagram_steam_schooner_wapa,microtext,mechanical,3,True,True,microtext/docs/source_intake_2026_08_04_wave22_loc/loc22_steam_engine_1_16_engine_room_piping_diagram_steam_schooner_wapa.tif,True,https://www.loc.gov/pictures/item/ca1521.sheet.00016a/,public_domain_us_federal_candidate,public_domain_us_federal_candidate,public_domain_us_federal_candidate,False,loc22_steam_engine,1aa7791d5e11285566639694bedc76c2dc2c5a3b69b593d5ea3a2425d26c3f36,1aa7791d5e11285566639694bedc76c2dc2c5a3b69b593d5ea3a2425d26c3f36,True,,True,True
loc22_steam_engine_1_steam_engine_maquina_de_vapor_hacienda_azucarera_,microtext,mechanical,3,True,True,microtext/docs/source_intake_2026_08_04_wave22_loc/loc22_steam_engine_1_steam_engine_maquina_de_vapor_hacienda_azucarera_.tif,True,https://www.loc.gov/pictures/item/pr0016.sheet.00001a/,public_domain_us_federal_candidate,public_domain_us_federal_candidate,public_domain_us_federal_candidate,False,loc22_steam_engine,4630ba076d89a3f4b8fed70518a1a30061c3ac07bfb7280324c3117c1709eb55,4630ba076d89a3f4b8fed70518a1a30061c3ac07bfb7280324c3117c1709eb55,True,,True,True
loc22_steam_engine_engine_north_elevation_north_east_elevation_estate_,microtext,mechanical,3,True,True,microtext/docs/source_intake_2026_08_04_wave22_loc/loc22_steam_engine_engine_north_elevation_north_east_elevation_estate_.tif,True,https://www.loc.gov/pictures/item/vi0081.sheet.00003a/,public_domain_us_federal_candidate,public_domain_us_federal_candidate,public_domain_us_federal_candidate,False,loc22_steam_engine,8e8c80130085b22c0b59509737179935059d88f3847c8cf78db3dfb0f601c6e9,8e8c80130085b22c0b59509737179935059d88f3847c8cf78db3dfb0f601c6e9,True,,True,True
loc22_turbine_1_site_plan_mill_room_turbine_room_plans_north_elevation,microtext,mechanical,3,True,True,microtext/docs/source_intake_2026_08_04_wave22_loc/loc22_turbine_1_site_plan_mill_room_turbine_room_plans_north_elevation.tif,True,https://www.loc.gov/pictures/item/tx0216.sheet.00001a/,public_domain_us_federal_candidate,public_domain_us_federal_candidate,public_domain_us_federal_candidate,False,loc22_turbine,89f7729f87bf6e86f5736c742bc05d9e04b09b88c7180ce5697bd3e7102e95e6,89f7729f87bf6e86f5736c742bc05d9e04b09b88c7180ce5697bd3e7102e95e6,True,,True,True
loc22_turbine_3_plan_turbines_3_4_side_view_turbines_3_4_section_a_a_a,microtext,mechanical,3,True,True,microtext/docs/source_intake_2026_08_04_wave22_loc/loc22_turbine_3_plan_turbines_3_4_side_view_turbines_3_4_section_a_a_a.tif,True,https://www.loc.gov/pictures/item/id0011.sheet.00003a/,public_domain_us_federal_candidate,public_domain_us_federal_candidate,public_domain_us_federal_candidate,False,loc22_turbine,1d5ab6283cfb291a7670abd951b2a38e15495ba536a3f42f68af791fdc47abbc,1d5ab6283cfb291a7670abd951b2a38e15495ba536a3f42f68af791fdc47abbc,True,,True,True
loc22_turbine_7_cotton_flour_mill_section_a_a_section_b_b_plan_view_le,microtext,mechanical,3,True,True,microtext/docs/source_intake_2026_08_04_wave22_loc/loc22_turbine_7_cotton_flour_mill_section_a_a_section_b_b_plan_view_le.tif,True,https://www.loc.gov/pictures/item/wv0536.sheet.00007a/,public_domain_us_federal_candidate,public_domain_us_federal_candidate,public_domain_us_federal_candidate,False,loc22_turbine,9bc156edc674143d819b2076d87853e37af43f90a76fc18824ffb8f5ef9f6582,9bc156edc674143d819b2076d87853e37af43f90a76fc18824ffb8f5ef9f6582,True,,True,True
loc22_turbine_machine_location_plan_and_section_turbine_area_reheater_,microtext,mechanical,3,True,True,microtext/docs/source_intake_2026_08_04_wave22_loc/loc22_turbine_machine_location_plan_and_section_turbine_area_reheater_.tif,True,https://www.loc.gov/pictures/item/ct0710.sheet.00008a/,public_domain_us_federal_candidate,public_domain_us_federal_candidate,public_domain_us_federal_candidate,False,loc22_turbine,da9f896d70a9c129d669a79128e504c57b48cb1f5fb117faec6eda0c0b4ea05c,da9f896d70a9c129d669a79128e504c57b48cb1f5fb117faec6eda0c0b4ea05c,True,,True,True
loc22_turbine_machine_location_turbine_area_sections_haddam_neck_nucle,microtext,mechanical,3,True,True,microtext/docs/source_intake_2026_08_04_wave22_loc/loc22_turbine_machine_location_turbine_area_sections_haddam_neck_nucle.tif,True,https://www.loc.gov/pictures/item/ct0710.sheet.00010a/,public_domain_us_federal_candidate,public_domain_us_federal_candidate,public_domain_us_federal_candidate,False,loc22_turbine,8ad9ff19bc3267ffef92b250e9fd1ed20ec84f4134e15f0259ac641c83268644,8ad9ff19bc3267ffef92b250e9fd1ed20ec84f4134e15f0259ac641c83268644,True,,True,True
loc22_turbine_machine_location_turbine_area_sections_haddam_neck_nucle_2,microtext,mechanical,3,True,True,microtext/docs/source_intake_2026_08_04_wave22_loc/loc22_turbine_machine_location_turbine_area_sections_haddam_neck_nucle_2.tif,True,https://www.loc.gov/pictures/item/ct0710.sheet.00011a/,public_domain_us_federal_candidate,public_domain_us_federal_candidate,public_domain_us_federal_candidate,False,loc22_turbine,70d7e002eed660ad01e3c9a1410bf279af8f6d56905439dc5b7dbfb160b4a83b,70d7e002eed660ad01e3c9a1410bf279af8f6d56905439dc5b7dbfb160b4a83b,True,,True,True
loc_habs_crystal_palace_saloon,microtext,civil_architectural,7,True,True,microtext/docs/loc_habs_crystal_palace_saloon/source_bundle.json,True,https://www.loc.gov/pictures/item/az0020.sheet.00001a/,public_domain_us_federal_candidate,public_domain_us_federal_candidate,public_domain_us_federal_candidate,False,arch_020,6a05316900227d63563371294beaeb9acc25a29e8fb242f10629b41f88ee9200,6a05316900227d63563371294beaeb9acc25a29e8fb242f10629b41f88ee9200,True,,True,True
loc_habs_woodlawn_architecture,microtext,civil_architectural,39,True,True,microtext/docs/loc_habs_woodlawn_architecture/source_bundle.json,True,https://www.loc.gov/pictures/item/va0439/,public_domain_us_federal_candidate,public_domain_us_federal_candidate,public_domain_us_federal_candidate,False,,2ac091a4911f41256e5ecfa514bc568bdc2d2b9913c5bcbe60b4154ed97418ea,2ac091a4911f41256e5ecfa514bc568bdc2d2b9913c5bcbe60b4154ed97418ea,True,,True,True
loc_haer_fort_belvoir_bridge,microtext,civil_architectural,73,True,True,microtext/docs/loc_haer_fort_belvoir_bridge/source_bundle.json,True,https://www.loc.gov/pictures/item/va2247/,public_domain_us_federal_candidate,public_domain_us_federal_candidate,public_domain_us_federal_candidate,False,,28696838e0b49f782b65243110790cf024d51030ee9ac8f0678bac75f0aa0fee,28696838e0b49f782b65243110790cf024d51030ee9ac8f0678bac75f0aa0fee,True,,True,True
mechanical_drawing_cornell,microtext,mechanical_cad,152,True,True,microtext/docs/mechanical_drawing_cornell.pdf,True,https://commons.wikimedia.org/wiki/File:Mechanical_drawing_%28IA_cu31924004132878%29.pdf,public_domain_commons_candidate,public_domain_commons_candidate,public_domain_commons_candidate,False,mech_001,2f05a02ef8b80a08de46d51b8e75834a78e4df87759587f7cfd6c3272a659131,2f05a02ef8b80a08de46d51b8e75834a78e4df87759587f7cfd6c3272a659131,True,,True,True
mechanical_drawing_faunce,microtext,mechanical_cad,6,True,True,microtext/docs/mechanical_drawing_faunce/mechanical_drawing_faunce.pdf,True,https://commons.wikimedia.org/wiki/File:Mechanical_drawing_(IA_mechanicaldrawin02faun).pdf,public_domain_commons_candidate,public_domain_commons_candidate,public_domain_commons_candidate,False,mech_003,c9b25c8a30eaebb9c5f097bb02e2d9ebf78b6942ac85fc83921ed2200c5e418f,c9b25c8a30eaebb9c5f097bb02e2d9ebf78b6942ac85fc83921ed2200c5e418f,True,,True,True
mechanical_drawing_reid,microtext,mechanical_cad,1,True,True,microtext/docs/mechanical_drawing_reid/mechanical_drawing_reid.pdf,True,https://commons.wikimedia.org/wiki/File:Mechanical_drawing._Elementary_and_advanced_(IA_mechanicaldrawin00reid).pdf,public_domain_commons_candidate,public_domain_commons_candidate,public_domain_commons_candidate,False,mech_004,65ae265e0248f0253a0b1dd28a6ef5fa6f9e4fcb787f3ba84091a1da00b4f84b,65ae265e0248f0253a0b1dd28a6ef5fa6f9e4fcb787f3ba84091a1da00b4f84b,True,,True,True
olimex_esp32_evb_rev_i,visualdiff,pcb_schematic,18,True,True,visualdiff/docs/olimex_esp32_evb_rev_i.pdf,True,https://github.com/OLIMEX/ESP32-EVB,apache_2_0_open_hardware_candidate,apache_2_0_open_hardware_candidate,apache_2_0_open_hardware_candidate,False,pcb_017,13b428d371fb786fd6d53677c4235ff24a44763d6866b25cda228d72a370a6d6,13b428d371fb786fd6d53677c4235ff24a44763d6866b25cda228d72a370a6d6,True,,True,True
olimex_esp32_evb_rev_j,visualdiff,pcb_schematic,18,True,True,visualdiff/docs/olimex_esp32_evb_rev_j.pdf,True,https://github.com/OLIMEX/ESP32-EVB,apache_2_0_open_hardware_candidate,apache_2_0_open_hardware_candidate,apache_2_0_open_hardware_candidate,False,pcb_017,6415e7d56b2e5a121d5cdd2c59a15a283e2096ed27336fcb82693ed0d750bc09,6415e7d56b2e5a121d5cdd2c59a15a283e2096ed27336fcb82693ed0d750bc09,True,,True,True
olimex_esp32_evb_rev_k,visualdiff,pcb_schematic,13,True,True,visualdiff/docs/olimex_esp32_evb_rev_k.pdf,True,https://github.com/OLIMEX/ESP32-EVB,apache_2_0_open_hardware_candidate,apache_2_0_open_hardware_candidate,apache_2_0_open_hardware_candidate,False,pcb_017,e6f5be7acbcc1ee820eb083f022c95e161b2ed7cae3e6f42f356ee0a0437816c,e6f5be7acbcc1ee820eb083f022c95e161b2ed7cae3e6f42f356ee0a0437816c,True,,True,True
olimex_esp32_evb_rev_l,visualdiff,pcb_schematic,13,True,True,visualdiff/docs/olimex_esp32_evb_rev_l.pdf,True,https://github.com/OLIMEX/ESP32-EVB,apache_2_0_open_hardware_candidate,apache_2_0_open_hardware_candidate,apache_2_0_open_hardware_candidate,False,pcb_017,5825dbc902e54ee3767d8eb23ddd83d8e47ee01522e0925dfcdbc11af1f0b1bd,5825dbc902e54ee3767d8eb23ddd83d8e47ee01522e0925dfcdbc11af1f0b1bd,True,,True,True
olimex_esp32_gateway_b,visualdiff,pcb_schematic,2,True,True,visualdiff/docs/olimex_esp32_gateway/revisions/olimex_esp32_gateway_b.pdf,True,https://github.com/OLIMEX/ESP32-GATEWAY.git,apache_2_0_open_hardware_candidate,apache_2_0_open_hardware_candidate,apache_2_0_open_hardware_candidate,False,pcb_044,718f411ca061072688f84ef6cd9a058fad1cb79f224006d2e36ef4474b6cc97d,718f411ca061072688f84ef6cd9a058fad1cb79f224006d2e36ef4474b6cc97d,True,,True,True
olimex_esp32_gateway_c,visualdiff,pcb_schematic,7,True,True,visualdiff/docs/olimex_esp32_gateway/revisions/olimex_esp32_gateway_c.pdf,True,https://github.com/OLIMEX/ESP32-GATEWAY.git,apache_2_0_open_hardware_candidate,apache_2_0_open_hardware_candidate,apache_2_0_open_hardware_candidate,False,pcb_044,dde2e85108479bd82e2b1910eb1ec8e12748b18d7a186fcb3b2cefb3282ec0d4,dde2e85108479bd82e2b1910eb1ec8e12748b18d7a186fcb3b2cefb3282ec0d4,True,,True,True
olimex_esp32_gateway_d,visualdiff,pcb_schematic,6,True,True,visualdiff/docs/olimex_esp32_gateway/revisions/olimex_esp32_gateway_d.pdf,True,https://github.com/OLIMEX/ESP32-GATEWAY.git,apache_2_0_open_hardware_candidate,apache_2_0_open_hardware_candidate,apache_2_0_open_hardware_candidate,False,pcb_044,4cd2bf5511200f43b1709c63eda67ef9456b5da2418ef2049b9ac4fb0c99f5e6,4cd2bf5511200f43b1709c63eda67ef9456b5da2418ef2049b9ac4fb0c99f5e6,True,,True,True
olimex_esp32_gateway_e,visualdiff,pcb_schematic,2,True,True,visualdiff/docs/olimex_esp32_gateway/revisions/olimex_esp32_gateway_e.pdf,True,https://github.com/OLIMEX/ESP32-GATEWAY.git,apache_2_0_open_hardware_candidate,apache_2_0_open_hardware_candidate,apache_2_0_open_hardware_candidate,False,pcb_044,076f1d918b05a535f5705fac7ce1923ee1283a0fbbbffb48151e6afc43ee1b58,076f1d918b05a535f5705fac7ce1923ee1283a0fbbbffb48151e6afc43ee1b58,True,,True,True
olimex_esp32_gateway_f,visualdiff,pcb_schematic,1,True,True,visualdiff/docs/olimex_esp32_gateway/revisions/olimex_esp32_gateway_f.pdf,True,https://github.com/OLIMEX/ESP32-GATEWAY.git,apache_2_0_open_hardware_candidate,apache_2_0_open_hardware_candidate,apache_2_0_open_hardware_candidate,False,pcb_044,6405360e61e56afc7322356a52e037b113c3e562e7a8e046c8670f0b49fa510a,6405360e61e56afc7322356a52e037b113c3e562e7a8e046c8670f0b49fa510a,True,,True,True
olimex_esp32_gateway_g,visualdiff,pcb_schematic,8,True,True,visualdiff/docs/olimex_esp32_gateway/revisions/olimex_esp32_gateway_g.pdf,True,https://github.com/OLIMEX/ESP32-GATEWAY.git,apache_2_0_open_hardware_candidate,apache_2_0_open_hardware_candidate,apache_2_0_open_hardware_candidate,False,pcb_044,cf5ae3c27042a9483d8ef0ce57476fab4883e44f0de10c41eed357196c382b2b,cf5ae3c27042a9483d8ef0ce57476fab4883e44f0de10c41eed357196c382b2b,True,,True,True
olimex_esp32_gateway_h,visualdiff,pcb_schematic,8,True,True,visualdiff/docs/olimex_esp32_gateway/revisions/olimex_esp32_gateway_h.pdf,True,https://github.com/OLIMEX/ESP32-GATEWAY.git,apache_2_0_open_hardware_candidate,apache_2_0_open_hardware_candidate,apache_2_0_open_hardware_candidate,False,pcb_044,71f5fc6b2deed689a0f4dd6ffbe6e1266e0e56249bcbd9a6b06c5b4f00e12565,71f5fc6b2deed689a0f4dd6ffbe6e1266e0e56249bcbd9a6b06c5b4f00e12565,True,,True,True
olimex_esp32_poe_b1,visualdiff,pcb_schematic,1,True,True,visualdiff/docs/olimex_esp32_poe/revisions/olimex_esp32_poe_b1.pdf,True,https://github.com/OLIMEX/ESP32-POE.git,apache_2_0_open_hardware_candidate,apache_2_0_open_hardware_candidate,apache_2_0_open_hardware_candidate,False,pcb_043,5f1d5a6a87b5e63e507ae83f0eb47389089fff0e1a3f402f3737f939febf85af,5f1d5a6a87b5e63e507ae83f0eb47389089fff0e1a3f402f3737f939febf85af,True,,True,True
olimex_esp32_poe_b2,visualdiff,pcb_schematic,5,True,True,visualdiff/docs/olimex_esp32_poe/revisions/olimex_esp32_poe_b2.pdf,True,https://github.com/OLIMEX/ESP32-POE.git,apache_2_0_open_hardware_candidate,apache_2_0_open_hardware_candidate,apache_2_0_open_hardware_candidate,False,pcb_043,e6e461f37f79f270429c475292b4851b3b869c288c1850091524d0c0c1436931,e6e461f37f79f270429c475292b4851b3b869c288c1850091524d0c0c1436931,True,,True,True
olimex_esp32_poe_c,visualdiff,pcb_schematic,4,True,True,visualdiff/docs/olimex_esp32_poe/revisions/olimex_esp32_poe_c.pdf,True,https://github.com/OLIMEX/ESP32-POE.git,apache_2_0_open_hardware_candidate,apache_2_0_open_hardware_candidate,apache_2_0_open_hardware_candidate,False,pcb_043,5a7bd67488d5ce8810d28ccc97e95d964265b735305c5f0845f6b0ec80ff25d3,5a7bd67488d5ce8810d28ccc97e95d964265b735305c5f0845f6b0ec80ff25d3,True,,True,True
olimex_esp32_poe_e,visualdiff,pcb_schematic,1,True,True,visualdiff/docs/olimex_esp32_poe/revisions/olimex_esp32_poe_e.pdf,True,https://github.com/OLIMEX/ESP32-POE.git,apache_2_0_open_hardware_candidate,apache_2_0_open_hardware_candidate,apache_2_0_open_hardware_candidate,False,pcb_043,7f8ab099d9d6c608931c9af07de453003380dba3952d9dadeaccec7a4675bf44,7f8ab099d9d6c608931c9af07de453003380dba3952d9dadeaccec7a4675bf44,True,,True,True
olimex_esp32_poe_g1,visualdiff,pcb_schematic,1,True,True,visualdiff/docs/olimex_esp32_poe/revisions/olimex_esp32_poe_g1.pdf,True,https://github.com/OLIMEX/ESP32-POE.git,apache_2_0_open_hardware_candidate,apache_2_0_open_hardware_candidate,apache_2_0_open_hardware_candidate,False,pcb_043,79c15ba53e50b2708b1d18d4af4874d2f826e5b8eeed9eb7b4b7eea94fa2df0c,79c15ba53e50b2708b1d18d4af4874d2f826e5b8eeed9eb7b4b7eea94fa2df0c,True,,True,True
olimex_esp32_poe_i,visualdiff,pcb_schematic,2,True,True,visualdiff/docs/olimex_esp32_poe/revisions/olimex_esp32_poe_i.pdf,True,https://github.com/OLIMEX/ESP32-POE.git,apache_2_0_open_hardware_candidate,apache_2_0_open_hardware_candidate,apache_2_0_open_hardware_candidate,False,pcb_043,1d31599d1ea3878b19edbd15b8bae5eb5500b13140ec4616225ce19ba915578b,1d31599d1ea3878b19edbd15b8bae5eb5500b13140ec4616225ce19ba915578b,True,,True,True
olimex_esp32_poe_j,visualdiff,pcb_schematic,2,True,True,visualdiff/docs/olimex_esp32_poe/revisions/olimex_esp32_poe_j.pdf,True,https://github.com/OLIMEX/ESP32-POE.git,apache_2_0_open_hardware_candidate,apache_2_0_open_hardware_candidate,apache_2_0_open_hardware_candidate,False,pcb_043,6e93da1501c13410d0045ac3216c93b4107daf9cf5a862473430caf191226fe9,6e93da1501c13410d0045ac3216c93b4107daf9cf5a862473430caf191226fe9,True,,True,True
olimex_esp32_poe_m1,visualdiff,pcb_schematic,1,True,True,visualdiff/docs/olimex_esp32_poe/revisions/olimex_esp32_poe_m1.pdf,True,https://github.com/OLIMEX/ESP32-POE.git,apache_2_0_open_hardware_candidate,apache_2_0_open_hardware_candidate,apache_2_0_open_hardware_candidate,False,pcb_043,0eaa8fc6db0c95aab29253584c558960fe8ed917fbb786fbae4f92c0496a4917,0eaa8fc6db0c95aab29253584c558960fe8ed917fbb786fbae4f92c0496a4917,True,,True,True
olimex_esp32_poe_m2,visualdiff,pcb_schematic,1,True,True,visualdiff/docs/olimex_esp32_poe/revisions/olimex_esp32_poe_m2.pdf,True,https://github.com/OLIMEX/ESP32-POE.git,apache_2_0_open_hardware_candidate,apache_2_0_open_hardware_candidate,apache_2_0_open_hardware_candidate,False,pcb_043,33be28863547085dc61241cbe628c6f69ffea2596d2138e55c6c17f6943b4e80,33be28863547085dc61241cbe628c6f69ffea2596d2138e55c6c17f6943b4e80,True,,True,True
pcb_014_arduino_uno_rev3e_board,microtext,pcb_schematic,13,True,True,microtext/docs/source_intake_2026_06_16/pcb_014_arduino_uno_rev3e_board.brd,True,https://docs.arduino.cc/hardware/uno-rev3/,cc_by_sa_4_0_arduino_hardware,cc_by_sa_4_0_arduino_hardware,cc_by_sa_4_0_arduino_hardware,False,pcb_014,599de43d9f8a0e1474564f75c732b474fee696529cf7f0cb38ab2511b51261f3,599de43d9f8a0e1474564f75c732b474fee696529cf7f0cb38ab2511b51261f3,True,,True,True
pcb_014_arduino_uno_rev3e_schematic,microtext,pcb_schematic,65,True,True,microtext/docs/source_intake_2026_06_16/pcb_014_arduino_uno_rev3e_schematic.sch,True,https://docs.arduino.cc/hardware/uno-rev3/,cc_by_sa_4_0_arduino_hardware,cc_by_sa_4_0_arduino_hardware,cc_by_sa_4_0_arduino_hardware,False,pcb_014,f44b5a90b74757e91477fb3adb776ffc556d9ea5dd8cc6ef3c79c1bbba0aee23,f44b5a90b74757e91477fb3adb776ffc556d9ea5dd8cc6ef3c79c1bbba0aee23,True,,True,True
pcb_014_pinout_pdf,microtext,pcb_schematic,87,True,True,microtext/docs/source_intake_2026_06_16/pcb_014_pinout_pdf.pdf,True,https://docs.arduino.cc/hardware/uno-rev3/,cc_by_sa_4_0_arduino_hardware,cc_by_sa_4_0_arduino_hardware,cc_by_sa_4_0_arduino_hardware,False,pcb_014,088b4d7d776abf443cb050c31875221aa5fc7f0533470b33e035c249cf240007,088b4d7d776abf443cb050c31875221aa5fc7f0533470b33e035c249cf240007,True,,True,True
pcb_014_schematics,microtext,pcb_schematic,43,True,True,microtext/docs/source_intake_2026_06_16/pcb_014_schematics.pdf,True,https://docs.arduino.cc/hardware/uno-rev3/,cc_by_sa_4_0_arduino_hardware,cc_by_sa_4_0_arduino_hardware,cc_by_sa_4_0_arduino_hardware,False,pcb_014,2c1041200352485393108e03c5117a07d4ea03954654485526c2c56cd01f7a42,2c1041200352485393108e03c5117a07d4ea03954654485526c2c56cd01f7a42,True,,True,True
pcb_025_render_in_top_ortho_view,microtext,pcb_schematic,8,True,True,microtext/docs/source_intake_2026_06_16/pcb_025_render_in_top_ortho_view.webp,True,https://openhardware.antmicro.com/boards/jetson-orin-baseboard/,apache_2_0_open_hardware_candidate,apache_2_0_open_hardware_candidate,apache_2_0_open_hardware_candidate,False,pcb_025,4a60f8c4a5af272fb68a24cccee78941be71267a7b9de96a42e7f30710acc1ad,4a60f8c4a5af272fb68a24cccee78941be71267a7b9de96a42e7f30710acc1ad,True,,True,True
pcb_025_stackup,microtext,pcb_schematic,8,True,True,microtext/docs/source_intake_2026_06_16/pcb_025_stackup.webp,True,https://openhardware.antmicro.com/boards/jetson-orin-baseboard/,apache_2_0_open_hardware_candidate,apache_2_0_open_hardware_candidate,apache_2_0_open_hardware_candidate,False,pcb_025,beeaa0f310a51009f216bf21c9804c7491d90c53b34166e4224b7935251bc561,beeaa0f310a51009f216bf21c9804c7491d90c53b34166e4224b7935251bc561,True,,True,True
peel_sps_pid_legend,microtext,pid,35,True,True,microtext/docs/peel_sps_pid_legend.pdf,True,https://peelregion.ca/sites/default/files/2024-10/sps-301.pdf,public_municipal_pdf_candidate,public_municipal_pdf_candidate,public_municipal_pdf_candidate,False,pid_013,cfd82800b910d74bc9cc03bfb77382e9ff4fbc72c9b35faaf7891ddba0e7e9d7,cfd82800b910d74bc9cc03bfb77382e9ff4fbc72c9b35faaf7891ddba0e7e9d7,True,license_evidence_missing,False,False
pid_021_pump_with_tank_pid_de,microtext,pid,4,True,True,microtext/docs/source_intake_2026_07_03d/pid_021_pump_with_tank_pid_de.svg,True,https://commons.wikimedia.org/wiki/File:Pump_with_tank_pid_de.svg,cc_by_sa_3_0_commons_candidate,cc_by_sa_3_0_commons_candidate,cc_by_sa_3_0_commons_candidate,False,pid_021,4772b33b305c6f803cd860504763dfd9815b9bc9c05b1b6cc65272dc53950714,4772b33b305c6f803cd860504763dfd9815b9bc9c05b1b6cc65272dc53950714,True,,True,True
pid_041_pump_with_tank_pid_de,microtext,pid,17,True,True,microtext/docs/source_intake_2026_06_16/pid_041_pump_with_tank_pid_de.svg,True,https://commons.wikimedia.org/wiki/File:Pump_with_tank_pid_de.svg,cc_by_sa_3_0_commons,cc_by_sa_3_0_commons,cc_by_sa_3_0_commons,False,pid_024,4772b33b305c6f803cd860504763dfd9815b9bc9c05b1b6cc65272dc53950714,4772b33b305c6f803cd860504763dfd9815b9bc9c05b1b6cc65272dc53950714,True,,True,True
pid_041_pump_with_tank_pid_en,microtext,pid,19,True,True,microtext/docs/source_intake_2026_06_16/pid_041_pump_with_tank_pid_en.svg,True,https://commons.wikimedia.org/wiki/File:Pump_with_tank_pid_en.svg,cc_by_sa_3_0_commons,cc_by_sa_3_0_commons,cc_by_sa_3_0_commons,False,pid_041,ee186d73483f530ea38007d903c2dec6460fc88b8227f4b8631dbd0d722417be,ee186d73483f530ea38007d903c2dec6460fc88b8227f4b8631dbd0d722417be,True,,True,True
pixhawk_fmuv1_1_7_1_eagle,visualdiff,pcb_schematic,51,True,True,visualdiff/docs/pixhawk_fmuv1_revisions/Hardware-master/FMUv1/PX4FMUv1.7.1.sch,True,https://github.com/pixhawk/Hardware,cc_by_sa_3_0_open_hardware_candidate,cc_by_sa_3_0_open_hardware_candidate,cc_by_sa_3_0_open_hardware_candidate,False,,9099628b6afc37167646b274f1f4ec20e03e3c55552f5be2c4f9f650451c9418,9099628b6afc37167646b274f1f4ec20e03e3c55552f5be2c4f9f650451c9418,True,,True,True
pixhawk_fmuv1_1_7_eagle,visualdiff,pcb_schematic,7,True,True,visualdiff/docs/pixhawk_fmuv1_revisions/Hardware-master/FMUv1/PX4FMUv1.7.sch,True,https://github.com/pixhawk/Hardware,cc_by_sa_3_0_open_hardware_candidate,cc_by_sa_3_0_open_hardware_candidate,cc_by_sa_3_0_open_hardware_candidate,False,,bb093cf19ce4f9d8e8f6c449796cb0ad3cb02524ef37ab924e15f534cef738c5,bb093cf19ce4f9d8e8f6c449796cb0ad3cb02524ef37ab924e15f534cef738c5,True,,True,True
pixhawk_fmuv2_4_3_eagle,visualdiff,pcb_schematic,6,True,True,visualdiff/docs/pixhawk_fmuv2_revisions/Hardware-master/FMUv2/PX4FMUv2.4.3.sch,True,https://github.com/pixhawk/Hardware,cc_by_sa_3_0_open_hardware_candidate,cc_by_sa_3_0_open_hardware_candidate,cc_by_sa_3_0_open_hardware_candidate,False,pcb_005,bf066cc2310f95dac58130174e400035fa9e00d4d692a4991afbeea438ecc57f,bf066cc2310f95dac58130174e400035fa9e00d4d692a4991afbeea438ecc57f,True,,True,True
pixhawk_fmuv2_4_5_eagle,visualdiff,pcb_schematic,8,True,True,visualdiff/docs/pixhawk_fmuv2_revisions/Hardware-master/FMUv2/PX4FMUv2.4.5.sch,True,https://github.com/pixhawk/Hardware,cc_by_sa_3_0_open_hardware_candidate,cc_by_sa_3_0_open_hardware_candidate,cc_by_sa_3_0_open_hardware_candidate,False,,3b7bcc4e43897e301753cbeacbf6c0ff3ee5460ac7b6aee664d81bf6a8736de8,3b7bcc4e43897e301753cbeacbf6c0ff3ee5460ac7b6aee664d81bf6a8736de8,True,,True,True
pixhawk_fmuv2_4_6_eagle,visualdiff,pcb_schematic,50,True,True,visualdiff/docs/pixhawk_fmuv2_revisions/Hardware-master/FMUv2/PX4FMUv2.4.6.sch,True,https://github.com/pixhawk/Hardware,cc_by_sa_3_0_open_hardware_candidate,cc_by_sa_3_0_open_hardware_candidate,cc_by_sa_3_0_open_hardware_candidate,False,,0a6a7b08c7d4c4ea3ac40bd6c0941cfad76faafddd6259732ef2a671aa68dcd6,0a6a7b08c7d4c4ea3ac40bd6c0941cfad76faafddd6259732ef2a671aa68dcd6,True,,True,True
pixhawk_fmuv3_rev_d_schematic_prints,microtext,pcb_schematic,5,True,True,microtext/docs/pixhawk_hardware/pixhawk_fmuv3_rev_d_schematic_prints.pdf,True,https://github.com/pixhawk/Hardware,cc_by_sa_3_0_open_hardware_candidate,cc_by_sa_3_0_open_hardware_candidate,cc_by_sa_3_0_open_hardware_candidate,False,pcb_005,11be2911a71e53b1da78381473506b1bfdde6df606c33dad3597dde63d47b26b,11be2911a71e53b1da78381473506b1bfdde6df606c33dad3597dde63d47b26b,True,,True,True
sandiego_stormwater_pump_station_guidelines,microtext,pid,6,True,True,microtext/docs/sandiego_stormwater_pump_station_guidelines.pdf,True,https://www.sandiego.gov/sites/default/files/2024-03/stormwater-pump-station-design-guidelines.pdf,public_municipal_pdf_candidate,public_municipal_pdf_candidate,public_municipal_pdf_candidate,False,pid_009,f3b4d6d7469310501f8b4436bc4fdb8d050775611f753494d6e48216c06bec33,f3b4d6d7469310501f8b4436bc4fdb8d050775611f753494d6e48216c06bec33,True,license_evidence_missing,False,False
sparkfun_micromod_artemis_base,visualdiff,pcb_schematic,1,True,True,visualdiff/docs/sparkfun_micromod_artemis/revisions/sparkfun_micromod_artemis_base.sch,True,https://github.com/sparkfun/MicroMod_Artemis_Processor.git,cc_by_sa_4_0_open_hardware_candidate,cc_by_sa_4_0_open_hardware_candidate,cc_by_sa_4_0_open_hardware_candidate,False,pcb_023,a517e36c0ba5ceb99340b0d485d8ef7f16b2e5658a497cc1237080e4a0962559,a517e36c0ba5ceb99340b0d485d8ef7f16b2e5658a497cc1237080e4a0962559,True,,True,True
sparkfun_micromod_artemis_final,visualdiff,pcb_schematic,14,True,True,visualdiff/docs/sparkfun_micromod_artemis/revisions/sparkfun_micromod_artemis_final.sch,True,https://github.com/sparkfun/MicroMod_Artemis_Processor.git,cc_by_sa_4_0_open_hardware_candidate,cc_by_sa_4_0_open_hardware_candidate,cc_by_sa_4_0_open_hardware_candidate,False,pcb_023,2cd9f241a398a093f5e4c8444d2e69fb1b52933e1d776f388a7e48d7dc8134b9,2cd9f241a398a093f5e4c8444d2e69fb1b52933e1d776f388a7e48d7dc8134b9,True,,True,True
sparkfun_micromod_artemis_spi_update,visualdiff,pcb_schematic,13,True,True,visualdiff/docs/sparkfun_micromod_artemis/revisions/sparkfun_micromod_artemis_spi_update.sch,True,https://github.com/sparkfun/MicroMod_Artemis_Processor.git,cc_by_sa_4_0_open_hardware_candidate,cc_by_sa_4_0_open_hardware_candidate,cc_by_sa_4_0_open_hardware_candidate,False,pcb_023,0d07f28510ff6758cbc61520214edb1f790391d7628792efb2b48efc91b0ffa4,0d07f28510ff6758cbc61520214edb1f790391d7628792efb2b48efc91b0ffa4,True,,True,True
sparkfun_micromod_artemis_v14,visualdiff,pcb_schematic,9,True,True,visualdiff/docs/sparkfun_micromod_artemis/revisions/sparkfun_micromod_artemis_v14.sch,True,https://github.com/sparkfun/MicroMod_Artemis_Processor.git,cc_by_sa_4_0_open_hardware_candidate,cc_by_sa_4_0_open_hardware_candidate,cc_by_sa_4_0_open_hardware_candidate,False,pcb_023,fd7fdc2a6e79a66816291675692c37d2c3101d6cbf144412da12d3663cfb0286,fd7fdc2a6e79a66816291675692c37d2c3101d6cbf144412da12d3663cfb0286,True,,True,True
sparkfun_micromod_artemis_v16,visualdiff,pcb_schematic,10,True,True,visualdiff/docs/sparkfun_micromod_artemis/revisions/sparkfun_micromod_artemis_v16.sch,True,https://github.com/sparkfun/MicroMod_Artemis_Processor.git,cc_by_sa_4_0_open_hardware_candidate,cc_by_sa_4_0_open_hardware_candidate,cc_by_sa_4_0_open_hardware_candidate,False,pcb_023,9b295a9301e642506e12be50dd6359a434a4a2dfe12162c4b75b8850c0bd9bc8,9b295a9301e642506e12be50dd6359a434a4a2dfe12162c4b75b8850c0bd9bc8,True,,True,True
sparkfun_micromod_esp32_v01,visualdiff,pcb_schematic,1,True,True,visualdiff/docs/sparkfun_micromod_esp32/revisions/sparkfun_micromod_esp32_v01.sch,True,https://github.com/sparkfun/MicroMod_ESP32_Processor.git,cc_by_sa_4_0_open_hardware_candidate,cc_by_sa_4_0_open_hardware_candidate,cc_by_sa_4_0_open_hardware_candidate,False,pcb_015,65a8cc465453f138e04188ec708b44d4a87ffd9e440e52d252ea0be1b7241a4f,65a8cc465453f138e04188ec708b44d4a87ffd9e440e52d252ea0be1b7241a4f,True,,True,True
sparkfun_micromod_esp32_v02,visualdiff,pcb_schematic,5,True,True,visualdiff/docs/sparkfun_micromod_esp32/revisions/sparkfun_micromod_esp32_v02.sch,True,https://github.com/sparkfun/MicroMod_ESP32_Processor.git,cc_by_sa_4_0_open_hardware_candidate,cc_by_sa_4_0_open_hardware_candidate,cc_by_sa_4_0_open_hardware_candidate,False,pcb_015,22e713561096979e383d86b1f007b3c3bf2c4687b374fbd39387ec4d5e52604c,22e713561096979e383d86b1f007b3c3bf2c4687b374fbd39387ec4d5e52604c,True,,True,True
sparkfun_micromod_esp32_v10,visualdiff,pcb_schematic,6,True,True,visualdiff/docs/sparkfun_micromod_esp32/revisions/sparkfun_micromod_esp32_v10.sch,True,https://github.com/sparkfun/MicroMod_ESP32_Processor.git,cc_by_sa_4_0_open_hardware_candidate,cc_by_sa_4_0_open_hardware_candidate,cc_by_sa_4_0_open_hardware_candidate,False,pcb_015,cc9f7f73f955a48e00c88687738062cb1dadd6341ce455d1a92f688cea4d7e12,cc9f7f73f955a48e00c88687738062cb1dadd6341ce455d1a92f688cea4d7e12,True,,True,True
sparkfun_micromod_esp32_v10fix,visualdiff,pcb_schematic,10,True,True,visualdiff/docs/sparkfun_micromod_esp32/revisions/sparkfun_micromod_esp32_v10fix.sch,True,https://github.com/sparkfun/MicroMod_ESP32_Processor.git,cc_by_sa_4_0_open_hardware_candidate,cc_by_sa_4_0_open_hardware_candidate,cc_by_sa_4_0_open_hardware_candidate,False,pcb_015,f8b1d5a890ba21b345009f721777ec2f17ad6691ae6def0ff0a09258544ba6cd,f8b1d5a890ba21b345009f721777ec2f17ad6691ae6def0ff0a09258544ba6cd,True,,True,True
sparkfun_micromod_esp32_v11,visualdiff,pcb_schematic,9,True,True,visualdiff/docs/sparkfun_micromod_esp32/revisions/sparkfun_micromod_esp32_v11.sch,True,https://github.com/sparkfun/MicroMod_ESP32_Processor.git,cc_by_sa_4_0_open_hardware_candidate,cc_by_sa_4_0_open_hardware_candidate,cc_by_sa_4_0_open_hardware_candidate,False,pcb_015,cb1b9681cbafd37a2a2d91cbc27484b636780e6a63f4633df1fe3aad0d8f42a8,cb1b9681cbafd37a2a2d91cbc27484b636780e6a63f4633df1fe3aad0d8f42a8,True,,True,True
sparkfun_micromod_esp32_v11update,visualdiff,pcb_schematic,4,True,True,visualdiff/docs/sparkfun_micromod_esp32/revisions/sparkfun_micromod_esp32_v11update.sch,True,https://github.com/sparkfun/MicroMod_ESP32_Processor.git,cc_by_sa_4_0_open_hardware_candidate,cc_by_sa_4_0_open_hardware_candidate,cc_by_sa_4_0_open_hardware_candidate,False,pcb_015,257e9c7df38c8fbc97a47cc4c6973caf00c04325eea828cd7cccc64876c8afff,257e9c7df38c8fbc97a47cc4c6973caf00c04325eea828cd7cccc64876c8afff,True,,True,True
sparkfun_micromod_rp2040_flash_pullup,visualdiff,pcb_schematic,22,True,True,visualdiff/docs/sparkfun_micromod_rp2040/revisions/sparkfun_micromod_rp2040_flash_pullup.sch,True,https://github.com/sparkfun/MicroMod_Processor-RP2040.git,cc_by_sa_4_0_open_hardware_candidate,cc_by_sa_4_0_open_hardware_candidate,cc_by_sa_4_0_open_hardware_candidate,False,pcb_021,f45e4f25b4c57361e5e272b0f8bec32ecf25fce578ba990db1628e482f1ae775,f45e4f25b4c57361e5e272b0f8bec32ecf25fce578ba990db1628e482f1ae775,True,,True,True
sparkfun_micromod_rp2040_initial,visualdiff,pcb_schematic,5,True,True,visualdiff/docs/sparkfun_micromod_rp2040/revisions/sparkfun_micromod_rp2040_initial.sch,True,https://github.com/sparkfun/MicroMod_Processor-RP2040.git,cc_by_sa_4_0_open_hardware_candidate,cc_by_sa_4_0_open_hardware_candidate,cc_by_sa_4_0_open_hardware_candidate,False,pcb_021,1f6948b5a75cfb1178f7b78a173efb7af0cf92bb1dba2b330e94cb9aad6aef21,1f6948b5a75cfb1178f7b78a173efb7af0cf92bb1dba2b330e94cb9aad6aef21,True,,True,True
sparkfun_micromod_rp2040_micromod_names,visualdiff,pcb_schematic,3,True,True,visualdiff/docs/sparkfun_micromod_rp2040/revisions/sparkfun_micromod_rp2040_micromod_names.sch,True,https://github.com/sparkfun/MicroMod_Processor-RP2040.git,cc_by_sa_4_0_open_hardware_candidate,cc_by_sa_4_0_open_hardware_candidate,cc_by_sa_4_0_open_hardware_candidate,False,pcb_021,6f8d93bc6ed6fac410e3ee9a0713462acd38ad592842a3a87ed1b1a93e124bfa,6f8d93bc6ed6fac410e3ee9a0713462acd38ad592842a3a87ed1b1a93e124bfa,True,,True,True
sparkfun_micromod_rp2040_usb_mux_id,visualdiff,pcb_schematic,20,True,True,visualdiff/docs/sparkfun_micromod_rp2040/revisions/sparkfun_micromod_rp2040_usb_mux_id.sch,True,https://github.com/sparkfun/MicroMod_Processor-RP2040.git,cc_by_sa_4_0_open_hardware_candidate,cc_by_sa_4_0_open_hardware_candidate,cc_by_sa_4_0_open_hardware_candidate,False,pcb_021,60aba5d8696308e6d8f372aea256dc046c593198a323921ae665f8942ef2a8dd,60aba5d8696308e6d8f372aea256dc046c593198a323921ae665f8942ef2a8dd,True,,True,True
sparkfun_micromod_samd51_can_names,visualdiff,pcb_schematic,2,True,True,visualdiff/docs/sparkfun_micromod_samd51/revisions/sparkfun_micromod_samd51_can_names.sch,True,https://github.com/sparkfun/MicroMod_Processor_Board-SAMD51.git,cc_by_sa_4_0_open_hardware_candidate,cc_by_sa_4_0_open_hardware_candidate,cc_by_sa_4_0_open_hardware_candidate,False,pcb_022,b1985579076e8232da9f06b346783e5cda61106ce38d12c1d53d0cc61e1454e2,b1985579076e8232da9f06b346783e5cda61106ce38d12c1d53d0cc61e1454e2,True,,True,True
sparkfun_micromod_samd51_spi_clock_names,visualdiff,pcb_schematic,1,True,True,visualdiff/docs/sparkfun_micromod_samd51/revisions/sparkfun_micromod_samd51_spi_clock_names.sch,True,https://github.com/sparkfun/MicroMod_Processor_Board-SAMD51.git,cc_by_sa_4_0_open_hardware_candidate,cc_by_sa_4_0_open_hardware_candidate,cc_by_sa_4_0_open_hardware_candidate,False,pcb_022,46f05a2fd5c4fc4a02707aebe0aa979975f96cd812728ee55338ce0105ffee12,46f05a2fd5c4fc4a02707aebe0aa979975f96cd812728ee55338ce0105ffee12,True,,True,True
sparkfun_micromod_samd51_usb_host_dp_fix,visualdiff,pcb_schematic,2,True,True,visualdiff/docs/sparkfun_micromod_samd51/revisions/sparkfun_micromod_samd51_usb_host_dp_fix.sch,True,https://github.com/sparkfun/MicroMod_Processor_Board-SAMD51.git,cc_by_sa_4_0_open_hardware_candidate,cc_by_sa_4_0_open_hardware_candidate,cc_by_sa_4_0_open_hardware_candidate,False,pcb_022,5c1dec73cae1f24b8f37837a96aa7c570ffe9b64d2c4dec730998517eb397e7e,5c1dec73cae1f24b8f37837a96aa7c570ffe9b64d2c4dec730998517eb397e7e,True,,True,True
sparkfun_micromod_samd51_v12_route_fix,visualdiff,pcb_schematic,1,True,True,visualdiff/docs/sparkfun_micromod_samd51/revisions/sparkfun_micromod_samd51_v12_route_fix.sch,True,https://github.com/sparkfun/MicroMod_Processor_Board-SAMD51.git,cc_by_sa_4_0_open_hardware_candidate,cc_by_sa_4_0_open_hardware_candidate,cc_by_sa_4_0_open_hardware_candidate,False,pcb_022,7dac7d0f64e60231794f1b8a1d43d86a2e44c3eb721c38e9ec45090104e118e1,7dac7d0f64e60231794f1b8a1d43d86a2e44c3eb721c38e9ec45090104e118e1,True,,True,True
sparkfun_micromod_teensy_pinout_fix,visualdiff,pcb_schematic,2,True,True,visualdiff/docs/sparkfun_micromod_teensy/revisions/sparkfun_micromod_teensy_pinout_fix.sch,True,https://github.com/sparkfun/MicroMod_Teensy_Processor.git,cc_by_sa_4_0_open_hardware_candidate,cc_by_sa_4_0_open_hardware_candidate,cc_by_sa_4_0_open_hardware_candidate,False,pcb_078,55bbed436881897defdb479f6de9e2e941375039e787291206eaa20e0d4171b0,55bbed436881897defdb479f6de9e2e941375039e787291206eaa20e0d4171b0,True,,True,True
sparkfun_micromod_teensy_power_control,visualdiff,pcb_schematic,7,True,True,visualdiff/docs/sparkfun_micromod_teensy/revisions/sparkfun_micromod_teensy_power_control.sch,True,https://github.com/sparkfun/MicroMod_Teensy_Processor.git,cc_by_sa_4_0_open_hardware_candidate,cc_by_sa_4_0_open_hardware_candidate,cc_by_sa_4_0_open_hardware_candidate,False,pcb_078,48981963049835891c280ae6a0732922c0f0fdfbf7de129bdfda15954b5d9347,48981963049835891c280ae6a0732922c0f0fdfbf7de129bdfda15954b5d9347,True,,True,True
sparkfun_micromod_teensy_spi0_names,visualdiff,pcb_schematic,2,True,True,visualdiff/docs/sparkfun_micromod_teensy/revisions/sparkfun_micromod_teensy_spi0_names.sch,True,https://github.com/sparkfun/MicroMod_Teensy_Processor.git,cc_by_sa_4_0_open_hardware_candidate,cc_by_sa_4_0_open_hardware_candidate,cc_by_sa_4_0_open_hardware_candidate,False,pcb_078,e0422597da40682f422000935fe3aa4e3bec51c5b98aec07c0f32917822cf834,e0422597da40682f422000935fe3aa4e3bec51c5b98aec07c0f32917822cf834,True,,True,True
sparkfun_micromod_teensy_v11_base,visualdiff,pcb_schematic,7,True,True,visualdiff/docs/sparkfun_micromod_teensy/revisions/sparkfun_micromod_teensy_v11_base.sch,True,https://github.com/sparkfun/MicroMod_Teensy_Processor.git,cc_by_sa_4_0_open_hardware_candidate,cc_by_sa_4_0_open_hardware_candidate,cc_by_sa_4_0_open_hardware_candidate,False,pcb_078,faa84cc70ac638ff8a7ec47711c84c6d5d981444d2f0a5234ede5e458b04da16,faa84cc70ac638ff8a7ec47711c84c6d5d981444d2f0a5234ede5e458b04da16,True,,True,True
toradex_viola_v1.0,visualdiff,pcb_schematic,636,True,True,visualdiff/docs/toradex_viola_v1.0.pdf,True,https://developer.toradex.com/hardware/colibri-som-family/carrier-boards/viola-carrier-board/,public_vendor_datasheet_candidate,public_vendor_datasheet_candidate,public_vendor_datasheet_candidate,False,pcb_076,707f8a93432bdd42d91e64f321bedca4ec85cb94a2d34067a16bf35c97bbc97f,707f8a93432bdd42d91e64f321bedca4ec85cb94a2d34067a16bf35c97bbc97f,True,license_evidence_missing,False,False
toradex_viola_v1.1,visualdiff,pcb_schematic,865,True,True,visualdiff/docs/toradex_viola_v1.1.pdf,True,https://developer.toradex.com/hardware/colibri-som-family/carrier-boards/viola-carrier-board/,public_vendor_datasheet_candidate,public_vendor_datasheet_candidate,public_vendor_datasheet_candidate,False,pcb_076,547f18920d4a9437273be7fecae13c6dd20420143beb40e39a35eeca81b18214,547f18920d4a9437273be7fecae13c6dd20420143beb40e39a35eeca81b18214,True,license_evidence_missing,False,False
toradex_viola_v1.2,visualdiff,pcb_schematic,229,True,True,visualdiff/docs/toradex_viola_v1.2.pdf,True,https://developer.toradex.com/hardware/colibri-som-family/carrier-boards/viola-carrier-board/,public_vendor_datasheet_candidate,public_vendor_datasheet_candidate,public_vendor_datasheet_candidate,False,pcb_076,30c4fd8f6dfb96e2b47b948943bd86c4b0399f75b3b10047949e45b0ff2425a6,30c4fd8f6dfb96e2b47b948943bd86c4b0399f75b3b10047949e45b0ff2425a6,True,license_evidence_missing,False,False
voron_0_mid_panel_v0_0r1,visualdiff,mechanical_cad,1,True,True,visualdiff/docs/voron_0_mid_panel_revisions/Voron_0_V0.0r1_Mid_Panel.pdf,True,https://github.com/VoronDesign/Voron-0,gpl_3_0_open_source_candidate,gpl_3_0_open_source_candidate,gpl_3_0_open_source_candidate,False,mech_013,23cd8f15a17844965d1876913cb9afd8bab4737036c68f4a39d56da9da2071a8,23cd8f15a17844965d1876913cb9afd8bab4737036c68f4a39d56da9da2071a8,True,,True,True
voron_0_mid_panel_v0_1,visualdiff,mechanical_cad,9,True,True,visualdiff/docs/voron_0_mid_panel_revisions/Voron_0_V0.1_Mid_Panel.pdf,True,https://github.com/VoronDesign/Voron-0,gpl_3_0_open_source_candidate,gpl_3_0_open_source_candidate,gpl_3_0_open_source_candidate,False,mech_013,3384779a66c1df04cdcf14fdb7f87d57ee7eb0f3618a70b71638910f5f96de98,3384779a66c1df04cdcf14fdb7f87d57ee7eb0f3618a70b71638910f5f96de98,True,,True,True
voron_2_4r1_back_panel,visualdiff,mechanical_cad,4,True,True,visualdiff/docs/voron_2_4_panel_revisions/Voron_2.4r1_Back_Panel.pdf,True,https://github.com/VoronDesign/Voron-2,gpl_3_0_open_source_candidate,gpl_3_0_open_source_candidate,gpl_3_0_open_source_candidate,False,mech_010,f3f277b9ba157abf771955115f18da649ffddcd6f31cd654a347ead0c8b5981a,f3f277b9ba157abf771955115f18da649ffddcd6f31cd654a347ead0c8b5981a,True,,True,True
voron_2_4r1_bottom_panel,visualdiff,mechanical_cad,6,True,True,visualdiff/docs/voron_2_4_panel_revisions/Voron_2.4r1_Bottom_Panel.pdf,True,https://github.com/VoronDesign/Voron-2,gpl_3_0_open_source_candidate,gpl_3_0_open_source_candidate,gpl_3_0_open_source_candidate,False,mech_010,00859380ed722abda29602902a92cea700ef9b74d8d9603b1cee41f503389202,00859380ed722abda29602902a92cea700ef9b74d8d9603b1cee41f503389202,True,,True,True
voron_2_4r1_deck_panel,visualdiff,mechanical_cad,8,True,True,visualdiff/docs/voron_2_4_panel_revisions/Voron_2.4r1_Deck_Panel.pdf,True,https://github.com/VoronDesign/Voron-2,gpl_3_0_open_source_candidate,gpl_3_0_open_source_candidate,gpl_3_0_open_source_candidate,False,mech_010,4d30ca04c0a54f20354541e08a307df7719dee2a1a42cd8b9471c89e63129478,4d30ca04c0a54f20354541e08a307df7719dee2a1a42cd8b9471c89e63129478,True,,True,True
voron_2_4r2_back_panel,visualdiff,mechanical_cad,1,True,True,visualdiff/docs/voron_2_4_panel_revisions/Voron_2.4r2_Back_Panel.pdf,True,https://github.com/VoronDesign/Voron-2,gpl_3_0_open_source_candidate,gpl_3_0_open_source_candidate,gpl_3_0_open_source_candidate,False,mech_010,3f4eb02f35d56638a89b72816dbd4fdc3c776a21960ab96c61d9cd93b34156af,3f4eb02f35d56638a89b72816dbd4fdc3c776a21960ab96c61d9cd93b34156af,True,,True,True
voron_2_4r2_bottom_panel,visualdiff,mechanical_cad,2,True,True,visualdiff/docs/voron_2_4_panel_revisions/Voron_2.4r2_Bottom_Panel.pdf,True,https://github.com/VoronDesign/Voron-2,gpl_3_0_open_source_candidate,gpl_3_0_open_source_candidate,gpl_3_0_open_source_candidate,False,mech_010,02f681b69c89918c3ca63c8b19ab8b22acd77ddb15a5566917ad52b03dceaf74,02f681b69c89918c3ca63c8b19ab8b22acd77ddb15a5566917ad52b03dceaf74,True,,True,True
voron_2_4r2_deck_panel,visualdiff,mechanical_cad,3,True,True,visualdiff/docs/voron_2_4_panel_revisions/Voron_2.4r2_Deck_Panel.pdf,True,https://github.com/VoronDesign/Voron-2,gpl_3_0_open_source_candidate,gpl_3_0_open_source_candidate,gpl_3_0_open_source_candidate,False,mech_010,4ebc9aff92d93014cc25d17cc70eb027f891e26272db8587a71576e3bab7e25b,4ebc9aff92d93014cc25d17cc70eb027f891e26272db8587a71576e3bab7e25b,True,,True,True
voron_trident_300_deck_vtr1,visualdiff,mechanical_cad,1,True,True,visualdiff/docs/voron_trident_deck_revisions/Trident_300_deck_VTr1.dxf,True,https://github.com/VoronDesign/Voron-Trident,gpl_3_0_open_source_candidate,gpl_3_0_open_source_candidate,gpl_3_0_open_source_candidate,False,mech_043,ba69894b106c5bd33c40aa1287483debd3cbc43418033dd80d03a363af6f678f,ba69894b106c5bd33c40aa1287483debd3cbc43418033dd80d03a363af6f678f,True,,True,True
voron_trident_300_deck_vtr2,visualdiff,mechanical_cad,1,True,True,visualdiff/docs/voron_trident_deck_revisions/Trident_300_deck_VTr2.dxf,True,https://github.com/VoronDesign/Voron-Trident,gpl_3_0_open_source_candidate,gpl_3_0_open_source_candidate,gpl_3_0_open_source_candidate,False,mech_043,2c01b3b741766570fc18c2f5eae63f66550fce109db78e90f4deb6abaaf7600d,2c01b3b741766570fc18c2f5eae63f66550fce109db78e90f4deb6abaaf7600d,True,,True,True
wikimedia_adsorption_chiller_schematic,microtext,pid,5,True,True,microtext/docs/wikimedia_adsorption_chiller_schematic.svg,True,https://commons.wikimedia.org/wiki/File:Adsorption_chiller_schematic.svg,cc_by_sa_4_0_commons_candidate,cc_by_sa_4_0_commons_candidate,cc_by_sa_4_0_commons_candidate,False,pid_031,9eef5ca9d90807622165a77bf2a586cdac9b08da1cc100a7b1d25748b72c7437,9eef5ca9d90807622165a77bf2a586cdac9b08da1cc100a7b1d25748b72c7437,True,,True,True
wikimedia_amine_treating,microtext,pid,5,True,True,microtext/docs/wikimedia_amine_treating.svg,True,https://commons.wikimedia.org/wiki/File:AmineTreating.svg,cc_by_sa_4_0_candidate,cc_by_sa_4_0_candidate,cc_by_sa_4_0_candidate,False,pid_051,e8c387aeb1b1b4b59b5a56a1f50d393d078bb6b62cc74676959738d35276c849,e8c387aeb1b1b4b59b5a56a1f50d393d078bb6b62cc74676959738d35276c849,True,,True,True
wikimedia_aminwaesche,microtext,pid,1,True,True,microtext/docs/source_intake_2026_05_24/wikimedia_aminwaesche.jpg,True,https://commons.wikimedia.org/wiki/File:Aminw%C3%A4sche.jpg,cc0_1_0_commons_verified,cc0_1_0_commons_verified,cc0_1_0_commons_verified,False,pid_054,8dd7f61e70d5d80970902ae78a7260350381edf49b45c7773596667b39f66826,8dd7f61e70d5d80970902ae78a7260350381edf49b45c7773596667b39f66826,True,,True,True
wikimedia_biodieselblockdiagramm,microtext,pid,5,True,True,microtext/docs/wikimedia_biodieselblockdiagramm.svg,True,https://commons.wikimedia.org/wiki/File:BiodieselBlockdiagramm.svg,cc0_commons_candidate,cc0_commons_candidate,cc0_commons_candidate,False,pid_031,07c07c3cb4d8dbf2107dc384e30888056d2f4c2485b3868aae86031443af065e,07c07c3cb4d8dbf2107dc384e30888056d2f4c2485b3868aae86031443af065e,True,,True,True
wikimedia_blue_grass_piping_designer,microtext,pid,1,True,True,microtext/docs/source_intake_2026_05_24/wikimedia_blue_grass_piping_designer.jpg,True,https://commons.wikimedia.org/wiki/File:Blue_Grass_Chemical_Agent-Destruction_Pilot_Plant_Piping_Designer_(28947777487).jpg,cc_by_2_0_commons_verified,cc_by_2_0_commons_verified,cc_by_2_0_commons_verified,False,pid_065,886b80e71f20a7c535c8e9253ba06994542175ea3c94bf81044b9138b830b233,886b80e71f20a7c535c8e9253ba06994542175ea3c94bf81044b9138b830b233,True,,True,True
wikimedia_btl_verfahrensschema,microtext,pid,5,True,True,microtext/docs/wikimedia_btl_verfahrensschema.svg,True,https://commons.wikimedia.org/wiki/File:BtL-Verfahrensschema.svg,cc_by_sa_3_0_commons_candidate,cc_by_sa_3_0_commons_candidate,cc_by_sa_3_0_commons_candidate,False,pid_031,c560772e6b48ad7910500b93a3d89bbcc78dffeacecf2960396d2c8b38fc9187,c560772e6b48ad7910500b93a3d89bbcc78dffeacecf2960396d2c8b38fc9187,True,,True,True
wikimedia_colloidal_silica_preparations,microtext,pid,5,True,True,microtext/docs/wikimedia_colloidal_silica_preparations.svg,True,https://commons.wikimedia.org/wiki/File:Colloidal_silica_preparations.svg,public_domain_commons_candidate,public_domain_commons_candidate,public_domain_commons_candidate,False,pid_031,bff8821de467d8ef6fea343927037642db7bc157ae303d31d01313a57942c210,bff8821de467d8ef6fea343927037642db7bc157ae303d31d01313a57942c210,True,,True,True
wikimedia_continuous_binary_fractional_distillation_en,microtext,pid,5,True,True,microtext/docs/wikimedia_continuous_binary_fractional_distillation_en.svg,True,https://commons.wikimedia.org/wiki/File%3AContinuous_Binary_Fractional_Distillation_EN.svg,cc_by_sa_3_0_commons_candidate,cc_by_sa_3_0_commons_candidate,cc_by_sa_3_0_commons_candidate,False,pid_031,916bb731f329ae9a2f3df337f805390172c26bf5a2b66760ea06b13beba3a1a1,916bb731f329ae9a2f3df337f805390172c26bf5a2b66760ea06b13beba3a1a1,True,,True,True
wikimedia_continuous_fractional_distillation_en,microtext,pid,10,True,True,microtext/docs/wikimedia_continuous_fractional_distillation_en.svg,True,https://commons.wikimedia.org/wiki/File%3AContinuous_Fractional_Distillation_EN.svg,cc_by_sa_3_0_commons_candidate,cc_by_sa_3_0_commons_candidate,cc_by_sa_3_0_commons_candidate,False,pid_031,cf2b937b1591b8013a8290679417285ccb08b999ce2c571d27eda73b436990e1,cf2b937b1591b8013a8290679417285ccb08b999ce2c571d27eda73b436990e1,True,,True,True
wikimedia_dampfreformierung,microtext,pid,5,True,True,microtext/docs/wikimedia_dampfreformierung.svg,True,https://commons.wikimedia.org/wiki/File:Dampfreformierung.svg,cc0_commons_candidate,cc0_commons_candidate,cc0_commons_candidate,False,pid_031,6e2a69aceab0cb3b1cd3131e2b636526e5340936d88e2ee4d3045b4cd2d5eb54,6e2a69aceab0cb3b1cd3131e2b636526e5340936d88e2ee4d3045b4cd2d5eb54,True,,True,True
wikimedia_dungerherstellung,microtext,pid,5,True,True,microtext/docs/wikimedia_dungerherstellung.svg,True,https://commons.wikimedia.org/wiki/File:D%C3%BCngerherstellung.svg,cc_by_sa_3_0_commons_candidate,cc_by_sa_3_0_commons_candidate,cc_by_sa_3_0_commons_candidate,False,pid_031,a3457b1bce45b8da4d01991bc37ca7b25cc73e18eb44ebbd3cbbbefca3aa7eb1,a3457b1bce45b8da4d01991bc37ca7b25cc73e18eb44ebbd3cbbbefca3aa7eb1,True,,True,True
wikimedia_ethylene_oxide_production_plant,microtext,pid,5,True,True,microtext/docs/wikimedia_ethylene_oxide_production_plant.svg,True,https://commons.wikimedia.org/wiki/File%3AEthylene_oxide_production_plant.svg,cc_by_sa_3_0_commons_candidate,cc_by_sa_3_0_commons_candidate,cc_by_sa_3_0_commons_candidate,False,pid_031,7eac1ea7e34225589c4e812647a7b0f9e31dfa43a031f4fa92d61ee6e2c450ba,7eac1ea7e34225589c4e812647a7b0f9e31dfa43a031f4fa92d61ee6e2c450ba,True,,True,True
wikimedia_geib_spevack,microtext,pid,5,True,True,microtext/docs/wikimedia_geib_spevack.svg,True,https://commons.wikimedia.org/wiki/File:Geib-Spevack.svg,cc_by_sa_3_0_commons_candidate,cc_by_sa_3_0_commons_candidate,cc_by_sa_3_0_commons_candidate,False,pid_031,aeeaaccf42134b6d57427dbe3fa16c516409e13ee17e816a3aa38a2e5480001f,aeeaaccf42134b6d57427dbe3fa16c516409e13ee17e816a3aa38a2e5480001f,True,,True,True
wikimedia_herstellung_zement_beton,microtext,pid,5,True,True,microtext/docs/wikimedia_herstellung_zement_beton.svg,True,https://commons.wikimedia.org/wiki/File:Herstellung_Zement_Beton.svg,public_domain_commons_candidate,public_domain_commons_candidate,public_domain_commons_candidate,False,pid_031,eaaf0452a800c7d7a11b7053291390e00426f141a93dddc61225bc45f1ea5e0c,eaaf0452a800c7d7a11b7053291390e00426f141a93dddc61225bc45f1ea5e0c,True,,True,True
wikimedia_hydrolysis_of_cellulose_hagglund_bergius,microtext,pid,5,True,True,microtext/docs/wikimedia_hydrolysis_of_cellulose_hagglund_bergius.svg,True,https://commons.wikimedia.org/wiki/File:Hydrolysis_of_cellulose_(H%C3%A4gglund-Bergius).svg,cc_by_sa_3_0_commons_candidate,cc_by_sa_3_0_commons_candidate,cc_by_sa_3_0_commons_candidate,False,pid_031,40e26df73d75f171c8803b684da5e3a9dbc93ac0a064a28f64c116a97dc29167,40e26df73d75f171c8803b684da5e3a9dbc93ac0a064a28f64c116a97dc29167,True,,True,True
wikimedia_kalkherstellung,microtext,pid,5,True,True,microtext/docs/wikimedia_kalkherstellung.svg,True,https://commons.wikimedia.org/wiki/File:Kalkherstellung.svg,cc_by_sa_3_0_commons_candidate,cc_by_sa_3_0_commons_candidate,cc_by_sa_3_0_commons_candidate,False,pid_031,cbed39d789c64a70295ab7c16293ea69f01f9a8b03da2567a737826f0a540a93,cbed39d789c64a70295ab7c16293ea69f01f9a8b03da2567a737826f0a540a93,True,,True,True
wikimedia_nat_gas_processing,microtext,pid,5,True,True,microtext/docs/wikimedia_nat_gas_processing.svg,True,https://commons.wikimedia.org/wiki/File:NatGasProcessing.svg,cc_by_sa_3_0_or_gfdl_candidate,cc_by_sa_3_0_or_gfdl_candidate,cc_by_sa_3_0_or_gfdl_candidate,False,pid_031,053cdeac65f5ec1a3e4e0b9267e8207a74180e6b747f327e0cf542919f17e6ea,053cdeac65f5ec1a3e4e0b9267e8207a74180e6b747f327e0cf542919f17e6ea,True,,True,True
wikimedia_naturalgascondensate_en,microtext,pid,5,True,True,microtext/docs/wikimedia_naturalgascondensate_en.svg,True,https://commons.wikimedia.org/wiki/File%3ANaturalGasCondensate_en.svg,cc_by_sa_3_0_commons_candidate,cc_by_sa_3_0_commons_candidate,cc_by_sa_3_0_commons_candidate,False,pid_031,b3e94af71cf3cf8e28c486731303e38ff524b55b704a6bc962799116b493ec8b,b3e94af71cf3cf8e28c486731303e38ff524b55b704a6bc962799116b493ec8b,True,,True,True
wikimedia_oil_field_flow_metering,microtext,pid,5,True,True,microtext/docs/wikimedia_oil_field_flow_metering.svg,True,https://commons.wikimedia.org/wiki/File%3AOil_field_flow_metering.svg,cc_by_3_0_commons_candidate,cc_by_3_0_commons_candidate,cc_by_3_0_commons_candidate,False,pid_031,1d72c14e372e3caaa560e35864865c9e9c7fb3de782582cb5e67641ee92ae89c,1d72c14e372e3caaa560e35864865c9e9c7fb3de782582cb5e67641ee92ae89c,True,,True,True
wikimedia_phosphor_production_en,microtext,pid,5,True,True,microtext/docs/wikimedia_phosphor_production_en.svg,True,https://commons.wikimedia.org/wiki/File%3APhosphor_production_%28en%29.svg,cc_by_sa_3_0_commons_candidate,cc_by_sa_3_0_commons_candidate,cc_by_sa_3_0_commons_candidate,False,pid_031,b9fcf99d273d45667091aee66671f867a1313257ea5e7946bc891a1ee6631bf8,b9fcf99d273d45667091aee66671f867a1313257ea5e7946bc891a1ee6631bf8,True,,True,True
wikimedia_pid_evaporative_crystallizer,microtext,pid,20,True,True,microtext/docs/wikimedia_pid_evaporative_crystallizer.jpg,True,https://commons.wikimedia.org/wiki/File:P%26ID.JPG,cc_by_sa_3_0_or_gfdl_candidate,cc_by_sa_3_0_or_gfdl_candidate,cc_by_sa_3_0_or_gfdl_candidate,False,pid_020,d6cb339eeb240e6fac23f2f5ce1317a9b7acf6f0323f02b8da4930a1c5b35cba,d6cb339eeb240e6fac23f2f5ce1317a9b7acf6f0323f02b8da4930a1c5b35cba,True,,True,True
wikimedia_polyvinyl_chloride_pvc_production_from_suspension_polymerization,microtext,pid,5,True,True,microtext/docs/wikimedia_polyvinyl_chloride_pvc_production_from_suspension_polymerization.svg,True,https://commons.wikimedia.org/wiki/File%3APolyvinyl_chloride_%28PVC%29_production_from_suspension_polymerization.svg,cc_by_sa_4_0_commons_candidate,cc_by_sa_4_0_commons_candidate,cc_by_sa_4_0_commons_candidate,False,pid_031,3c53821d978cb95cb8064c4c2972d2d085ada950d96ca44cc19f2b9dbc8ca8ff,3c53821d978cb95cb8064c4c2972d2d085ada950d96ca44cc19f2b9dbc8ca8ff,True,,True,True
wikimedia_process_diagramm_crude_gas,microtext,pid,5,True,True,microtext/docs/wikimedia_process_diagramm_crude_gas.svg,True,https://commons.wikimedia.org/wiki/File:Process_diagramm_crude_gas.svg,cc_by_sa_3_0_de_commons_candidate,cc_by_sa_3_0_de_commons_candidate,cc_by_sa_3_0_de_commons_candidate,False,pid_031,4cb6656f2dae9aadb766959003838214cc3437701a95651eff232bf26d052b5f,4cb6656f2dae9aadb766959003838214cc3437701a95651eff232bf26d052b5f,True,,True,True
wikimedia_pump_with_tank_pid_en,microtext,pid,17,True,True,microtext/docs/wikimedia_pump_with_tank_pid_en.svg,True,https://commons.wikimedia.org/wiki/File:Pump_with_tank_pid_en.svg,cc_by_sa_3_0_candidate,cc_by_sa_3_0_candidate,cc_by_sa_3_0_candidate,False,pid_019,ee186d73483f530ea38007d903c2dec6460fc88b8227f4b8631dbd0d722417be,ee186d73483f530ea38007d903c2dec6460fc88b8227f4b8631dbd0d722417be,True,,True,True
wikimedia_refinery_flow,microtext,pid,11,True,True,microtext/docs/wikimedia_refinery_flow.svg,True,https://commons.wikimedia.org/wiki/File:RefineryFlow.svg,cc_by_sa_3_0_or_gfdl_candidate,cc_by_sa_3_0_or_gfdl_candidate,cc_by_sa_3_0_or_gfdl_candidate,False,pid_031,5dfd028b107b85d83ff2167274f7c3feb19bf5e7229454336dd59bb325639755,5dfd028b107b85d83ff2167274f7c3feb19bf5e7229454336dd59bb325639755,True,,True,True
wikimedia_steam_cracking,microtext,pid,5,True,True,microtext/docs/wikimedia_steam_cracking.svg,True,https://commons.wikimedia.org/wiki/File%3ASteam_cracking.svg,cc_by_sa_3_0_commons_candidate,cc_by_sa_3_0_commons_candidate,cc_by_sa_3_0_commons_candidate,False,pid_031,916f38ee0c2f0291629dde19c79f255797b9a364bde6bf895bbf46444fbca87d,916f38ee0c2f0291629dde19c79f255797b9a364bde6bf895bbf46444fbca87d,True,,True,True
wikimedia_syngas_products,microtext,pid,5,True,True,microtext/docs/wikimedia_syngas_products.svg,True,https://commons.wikimedia.org/wiki/File%3ASyngas_Products.svg,cc_by_sa_3_0_commons_candidate,cc_by_sa_3_0_commons_candidate,cc_by_sa_3_0_commons_candidate,False,pid_031,45f68c0855402aaceaf0d2976d2be0d09d04b97b5e6a66da3cc5d2bc56c8774e,45f68c0855402aaceaf0d2976d2be0d09d04b97b5e6a66da3cc5d2bc56c8774e,True,,True,True
wikimedia_synthesis_sio2_de,microtext,pid,5,True,True,microtext/docs/wikimedia_synthesis_sio2_de.svg,True,https://commons.wikimedia.org/wiki/File:Synthesis_SiO2_de.svg,cc0_commons_candidate,cc0_commons_candidate,cc0_commons_candidate,False,pid_031,2c94f64db8090030bdbc6c45fc720162febd336a96668781234ac234a681187a,2c94f64db8090030bdbc6c45fc720162febd336a96668781234ac234a681187a,True,,True,True
wikimedia_verfahren_zur_schwefelsaureherstellung,microtext,pid,5,True,True,microtext/docs/wikimedia_verfahren_zur_schwefelsaureherstellung.svg,True,https://commons.wikimedia.org/wiki/File:Verfahren_zur_Schwefels%C3%A4ureherstellung.svg,cc_by_sa_3_0_commons_candidate,cc_by_sa_3_0_commons_candidate,cc_by_sa_3_0_commons_candidate,False,pid_031,18ebb1342833731b2ded645647e1ac809401fcb8a73a95eaa22c798f9d36165d,18ebb1342833731b2ded645647e1ac809401fcb8a73a95eaa22c798f9d36165d,True,,True,True
wikimedia_well_test_separator,microtext,pid,5,True,True,microtext/docs/wikimedia_well_test_separator.svg,True,https://commons.wikimedia.org/wiki/File%3AWell_test_separator.svg,cc_by_3_0_commons_candidate,cc_by_3_0_commons_candidate,cc_by_3_0_commons_candidate,False,pid_031,2a5e2f8766f7c26822faecd90daaf9e1cc8f85ae0b70efab01d113c20f549e31,2a5e2f8766f7c26822faecd90daaf9e1cc8f85ae0b70efab01d113c20f549e31,True,,True,True
wsdot_drainage_ds6,microtext,civil_architectural,42,True,True,microtext/docs/wsdot_drainage_ds6.pdf,True,https://wsdot.wa.gov/engineering-standards/all-manuals-and-standards/plan-sheet-library/drainage-structures-and-hydraulics-ds,misc_public_candidate,misc_public_candidate,misc_public_candidate,False,civil_010,9dc2bdce7a4681ce0cf8d484ac07873086260ec39c75cd329d079ff1a57f8edd,9dc2bdce7a4681ce0cf8d484ac07873086260ec39c75cd329d079ff1a57f8edd,True,license_evidence_missing,False,False
wsdot_sign_support_sd1,microtext,civil_architectural,26,True,True,microtext/docs/wsdot_sign_support_sd1.pdf,True,https://wsdot.wa.gov/engineering-standards/all-manuals-and-standards/plan-sheet-library/signs-and-sign-support-sd,misc_public_candidate,misc_public_candidate,misc_public_candidate,False,civil_010,fe0c26a06f00a13af9ce5ba0322c0c776d484b8a87e0aa9ea70199186d41e0ba,fe0c26a06f00a13af9ce5ba0322c0c776d484b8a87e0aa9ea70199186d41e0ba,True,license_evidence_missing,False,False
